record,player,signature,fold,height,length,width,near,source_f32_exact,round_scaled_exact,fixed_2x_exact,historical_preview_exact,ridge_group_cv_exact
"pro-001","donk","1|1|-4.5|0|0|4|0","4","720","1","1","0","1","0","0","0","1"
"pro-001","donk","1|1|-4.5|0|0|4|0","4","768","1","1","0","1","0","0","0","1"
"pro-001","donk","1|1|-4.5|0|0|4|0","4","960","2","2","1","1","1","1","1","0"
"pro-001","donk","1|1|-4.5|0|0|4|0","4","1024","2","2","1","1","1","1","1","0"
"pro-001","donk","1|1|-4.5|0|0|4|0","4","1080","2","2","1","1","1","1","1","0"
"pro-001","donk","1|1|-4.5|0|0|4|0","4","1440","3","3","1","1","1","0","0","0"
"pro-001","donk","1|1|-4.5|0|0|4|0","4","2160","4","4","2","1","0","0","0","0"
"pro-002","ZywOo","1.5|0|-3|0|0|4|0","0","720","2","1","1","1","1","0","0","1"
"pro-002","ZywOo","1.5|0|-3|0|0|4|0","0","768","2","1","1","1","1","0","0","1"
"pro-002","ZywOo","1.5|0|-3|0|0|4|0","0","960","3","1","1","1","1","1","0","1"
"pro-002","ZywOo","1.5|0|-3|0|0|4|0","0","1024","3","1","1","1","1","1","0","1"
"pro-002","ZywOo","1.5|0|-3|0|0|4|0","0","1080","3","1","1","1","1","1","0","1"
"pro-002","ZywOo","1.5|0|-3|0|0|4|0","0","1440","4","1","1","1","0","0","0","1"
"pro-002","ZywOo","1.5|0|-3|0|0|4|0","0","2160","6","1","1","1","0","0","0","1"
"pro-003","m0NESY","1|1|-4|0|0|4|0","1","720","1","1","0","1","0","0","0","1"
"pro-003","m0NESY","1|1|-4|0|0|4|0","1","768","1","1","0","1","0","0","0","1"
"pro-003","m0NESY","1|1|-4|0|0|4|0","1","960","2","2","1","1","1","1","1","0"
"pro-003","m0NESY","1|1|-4|0|0|4|0","1","1024","2","2","1","1","1","1","1","0"
"pro-003","m0NESY","1|1|-4|0|0|4|0","1","1080","2","2","1","1","1","1","1","1"
"pro-003","m0NESY","1|1|-4|0|0|4|0","1","1440","3","3","1","1","1","0","0","1"
"pro-003","m0NESY","1|1|-4|0|0|4|0","1","2160","4","4","2","1","0","0","0","1"
"pro-004","latto","1|1|-4|0|0|4|0","1","720","1","1","0","1","0","0","0","1"
"pro-004","latto","1|1|-4|0|0|4|0","1","768","1","1","0","1","0","0","0","1"
"pro-004","latto","1|1|-4|0|0|4|0","1","960","2","2","1","1","1","1","1","0"
"pro-004","latto","1|1|-4|0|0|4|0","1","1024","2","2","1","1","1","1","1","0"
"pro-004","latto","1|1|-4|0|0|4|0","1","1080","2","2","1","1","1","1","1","1"
"pro-004","latto","1|1|-4|0|0|4|0","1","1440","3","3","1","1","1","0","0","1"
"pro-004","latto","1|1|-4|0|0|4|0","1","2160","4","4","2","1","0","0","0","1"
"pro-005","makazze","1|1|-4|0|0|4|0","1","720","1","1","0","1","0","0","0","1"
"pro-005","makazze","1|1|-4|0|0|4|0","1","768","1","1","0","1","0","0","0","1"
"pro-005","makazze","1|1|-4|0|0|4|0","1","960","2","2","1","1","1","1","1","0"
"pro-005","makazze","1|1|-4|0|0|4|0","1","1024","2","2","1","1","1","1","1","0"
"pro-005","makazze","1|1|-4|0|0|4|0","1","1080","2","2","1","1","1","1","1","1"
"pro-005","makazze","1|1|-4|0|0|4|0","1","1440","3","3","1","1","1","0","0","1"
"pro-005","makazze","1|1|-4|0|0|4|0","1","2160","4","4","2","1","0","0","0","1"
"pro-006","KSCERATO","2|1|-6|0|0|4|0","4","720","3","1","-2","1","0","0","0","1"
"pro-006","KSCERATO","2|1|-6|0|0|4|0","4","768","3","1","-2","1","0","0","0","1"
"pro-006","KSCERATO","2|1|-6|0|0|4|0","4","960","4","2","-1","1","1","1","1","1"
"pro-006","KSCERATO","2|1|-6|0|0|4|0","4","1024","4","2","-1","1","1","1","1","1"
"pro-006","KSCERATO","2|1|-6|0|0|4|0","4","1080","4","2","-1","1","0","1","1","1"
"pro-006","KSCERATO","2|1|-6|0|0|4|0","4","1440","6","3","-1","1","1","0","0","1"
"pro-006","KSCERATO","2|1|-6|0|0|4|0","4","2160","9","4","0","1","0","0","0","1"
"pro-007","ropz","2|0.5|-3|0|0|4|0","1","720","3","1","1","1","1","0","0","1"
"pro-007","ropz","2|0.5|-3|0|0|4|0","1","768","3","1","1","1","1","0","0","1"
"pro-007","ropz","2|0.5|-3|0|0|4|0","1","960","4","1","1","1","1","1","1","1"
"pro-007","ropz","2|0.5|-3|0|0|4|0","1","1024","4","1","1","1","1","1","1","1"
"pro-007","ropz","2|0.5|-3|0|0|4|0","1","1080","4","1","1","1","0","1","1","1"
"pro-007","ropz","2|0.5|-3|0|0|4|0","1","1440","6","1","1","1","0","0","0","1"
"pro-007","ropz","2|0.5|-3|0|0|4|0","1","2160","9","2","2","1","1","0","0","1"
"pro-008","w0nderful","1|1|-4|0|0|4|0","1","720","1","1","0","1","0","0","0","1"
"pro-008","w0nderful","1|1|-4|0|0|4|0","1","768","1","1","0","1","0","0","0","1"
"pro-008","w0nderful","1|1|-4|0|0|4|0","1","960","2","2","1","1","1","1","1","0"
"pro-008","w0nderful","1|1|-4|0|0|4|0","1","1024","2","2","1","1","1","1","1","0"
"pro-008","w0nderful","1|1|-4|0|0|4|0","1","1080","2","2","1","1","1","1","1","1"
"pro-008","w0nderful","1|1|-4|0|0|4|0","1","1440","3","3","1","1","1","0","0","1"
"pro-008","w0nderful","1|1|-4|0|0|4|0","1","2160","4","4","2","1","0","0","0","1"
"pro-010","Staehr","1.5|0|-4|0|0|4|0","1","720","2","1","0","1","1","0","0","1"
"pro-010","Staehr","1.5|0|-4|0|0|4|0","1","768","2","1","0","1","1","0","0","1"
"pro-010","Staehr","1.5|0|-4|0|0|4|0","1","960","3","1","0","1","1","1","0","1"
"pro-010","Staehr","1.5|0|-4|0|0|4|0","1","1024","3","1","0","1","1","1","0","1"
"pro-010","Staehr","1.5|0|-4|0|0|4|0","1","1080","3","1","0","1","1","1","0","1"
"pro-010","Staehr","1.5|0|-4|0|0|4|0","1","1440","4","1","0","1","0","0","0","1"
"pro-010","Staehr","1.5|0|-4|0|0|4|0","1","2160","6","1","0","1","0","0","0","1"
"pro-011","Magnojez","2|0|-3|0|0|4|0","3","720","3","1","1","1","1","0","0","1"
"pro-011","Magnojez","2|0|-3|0|0|4|0","3","768","3","1","1","1","1","0","0","1"
"pro-011","Magnojez","2|0|-3|0|0|4|0","3","960","4","1","1","1","1","1","0","1"
"pro-011","Magnojez","2|0|-3|0|0|4|0","3","1024","4","1","1","1","1","1","0","1"
"pro-011","Magnojez","2|0|-3|0|0|4|0","3","1080","4","1","1","1","0","1","0","1"
"pro-011","Magnojez","2|0|-3|0|0|4|0","3","1440","6","1","1","1","1","0","0","1"
"pro-011","Magnojez","2|0|-3|0|0|4|0","3","2160","9","1","1","1","1","0","0","1"
"pro-012","xertioN","2|1|-2|0|0|4|0","0","720","3","1","2","1","0","0","0","1"
"pro-012","xertioN","2|1|-2|0|0|4|0","0","768","3","1","2","1","0","0","0","1"
"pro-012","xertioN","2|1|-2|0|0|4|0","0","960","4","2","3","1","1","1","1","0"
"pro-012","xertioN","2|1|-2|0|0|4|0","0","1024","4","2","3","1","1","1","1","0"
"pro-012","xertioN","2|1|-2|0|0|4|0","0","1080","4","2","3","1","0","1","1","0"
"pro-012","xertioN","2|1|-2|0|0|4|0","0","1440","6","3","3","1","1","0","0","1"
"pro-012","xertioN","2|1|-2|0|0|4|0","0","2160","9","4","4","1","0","0","0","1"
"pro-013","kyousuke","1|1.5|-4|0|0|4|0","3","720","1","2","1","1","0","0","0","1"
"pro-013","kyousuke","1|1.5|-4|0|0|4|0","3","768","1","2","1","1","0","0","0","1"
"pro-013","kyousuke","1|1.5|-4|0|0|4|0","3","960","2","3","1","1","1","1","1","1"
"pro-013","kyousuke","1|1.5|-4|0|0|4|0","3","1024","2","3","1","1","1","1","1","1"
"pro-013","kyousuke","1|1.5|-4|0|0|4|0","3","1080","2","3","1","1","1","1","1","1"
"pro-013","kyousuke","1|1.5|-4|0|0|4|0","3","1440","3","4","2","1","0","0","0","1"
"pro-013","kyousuke","1|1.5|-4|0|0|4|0","3","2160","4","6","3","1","0","0","0","1"
"pro-014","sh1ro","1.5|0.6|-3|0|0|4|0","3","720","2","1","1","1","1","0","0","1"
"pro-014","sh1ro","1.5|0.6|-3|0|0|4|0","3","768","2","1","1","1","1","0","0","1"
"pro-014","sh1ro","1.5|0.6|-3|0|0|4|0","3","960","3","1","1","1","1","1","0","1"
"pro-014","sh1ro","1.5|0.6|-3|0|0|4|0","3","1024","3","1","1","1","1","1","0","1"
"pro-014","sh1ro","1.5|0.6|-3|0|0|4|0","3","1080","3","1","1","1","1","1","0","1"
"pro-014","sh1ro","1.5|0.6|-3|0|0|4|0","3","1440","4","1","1","1","0","0","0","0"
"pro-014","sh1ro","1.5|0.6|-3|0|0|4|0","3","2160","6","2","2","1","0","0","0","1"
"pro-015","luchov","1|1|-4|0|0|4|0","1","720","1","1","0","1","0","0","0","1"
"pro-015","luchov","1|1|-4|0|0|4|0","1","768","1","1","0","1","0","0","0","1"
"pro-015","luchov","1|1|-4|0|0|4|0","1","960","2","2","1","1","1","1","1","0"
"pro-015","luchov","1|1|-4|0|0|4|0","1","1024","2","2","1","1","1","1","1","0"
"pro-015","luchov","1|1|-4|0|0|4|0","1","1080","2","2","1","1","1","1","1","1"
"pro-015","luchov","1|1|-4|0|0|4|0","1","1440","3","3","1","1","1","0","0","1"
"pro-015","luchov","1|1|-4|0|0|4|0","1","2160","4","4","2","1","0","0","0","1"
"pro-016","dumau","1|1|-4|0|0|4|0","1","720","1","1","0","1","0","0","0","1"
"pro-016","dumau","1|1|-4|0|0|4|0","1","768","1","1","0","1","0","0","0","1"
"pro-016","dumau","1|1|-4|0|0|4|0","1","960","2","2","1","1","1","1","1","0"
"pro-016","dumau","1|1|-4|0|0|4|0","1","1024","2","2","1","1","1","1","1","0"
"pro-016","dumau","1|1|-4|0|0|4|0","1","1080","2","2","1","1","1","1","1","1"
"pro-016","dumau","1|1|-4|0|0|4|0","1","1440","3","3","1","1","1","0","0","1"
"pro-016","dumau","1|1|-4|0|0|4|0","1","2160","4","4","2","1","0","0","0","1"
"pro-017","HeavyGod","1|1|-4|0|0|4|0","1","720","1","1","0","1","0","0","0","1"
"pro-017","HeavyGod","1|1|-4|0|0|4|0","1","768","1","1","0","1","0","0","0","1"
"pro-017","HeavyGod","1|1|-4|0|0|4|0","1","960","2","2","1","1","1","1","1","0"
"pro-017","HeavyGod","1|1|-4|0|0|4|0","1","1024","2","2","1","1","1","1","1","0"
"pro-017","HeavyGod","1|1|-4|0|0|4|0","1","1080","2","2","1","1","1","1","1","1"
"pro-017","HeavyGod","1|1|-4|0|0|4|0","1","1440","3","3","1","1","1","0","0","1"
"pro-017","HeavyGod","1|1|-4|0|0|4|0","1","2160","4","4","2","1","0","0","0","1"
"pro-018","b1t","1|1|-4|0|0|4|0","1","720","1","1","0","1","0","0","0","1"
"pro-018","b1t","1|1|-4|0|0|4|0","1","768","1","1","0","1","0","0","0","1"
"pro-018","b1t","1|1|-4|0|0|4|0","1","960","2","2","1","1","1","1","1","0"
"pro-018","b1t","1|1|-4|0|0|4|0","1","1024","2","2","1","1","1","1","1","0"
"pro-018","b1t","1|1|-4|0|0|4|0","1","1080","2","2","1","1","1","1","1","1"
"pro-018","b1t","1|1|-4|0|0|4|0","1","1440","3","3","1","1","1","0","0","1"
"pro-018","b1t","1|1|-4|0|0|4|0","1","2160","4","4","2","1","0","0","0","1"
"pro-019","REZ","1|1|-4|0|0|4|0","1","720","1","1","0","1","0","0","0","1"
"pro-019","REZ","1|1|-4|0|0|4|0","1","768","1","1","0","1","0","0","0","1"
"pro-019","REZ","1|1|-4|0|0|4|0","1","960","2","2","1","1","1","1","1","0"
"pro-019","REZ","1|1|-4|0|0|4|0","1","1024","2","2","1","1","1","1","1","0"
"pro-019","REZ","1|1|-4|0|0|4|0","1","1080","2","2","1","1","1","1","1","1"
"pro-019","REZ","1|1|-4|0|0|4|0","1","1440","3","3","1","1","1","0","0","1"
"pro-019","REZ","1|1|-4|0|0|4|0","1","2160","4","4","2","1","0","0","0","1"
"pro-020","molodoy","1|0|-3|0|0|4|0","2","720","1","1","1","1","0","0","0","1"
"pro-020","molodoy","1|0|-3|0|0|4|0","2","768","1","1","1","1","0","0","0","1"
"pro-020","molodoy","1|0|-3|0|0|4|0","2","960","2","1","1","1","1","1","0","1"
"pro-020","molodoy","1|0|-3|0|0|4|0","2","1024","2","1","1","1","1","1","0","1"
"pro-020","molodoy","1|0|-3|0|0|4|0","2","1080","2","1","1","1","1","1","0","1"
"pro-020","molodoy","1|0|-3|0|0|4|0","2","1440","3","1","1","1","1","0","0","1"
"pro-020","molodoy","1|0|-3|0|0|4|0","2","2160","4","1","1","1","0","0","0","1"
"pro-021","PR","0.9|0.9|-4.2|0|0|4|0","0","720","1","1","0","1","1","1","0","1"
"pro-021","PR","0.9|0.9|-4.2|0|0|4|0","0","768","1","1","0","1","1","1","0","1"
"pro-021","PR","0.9|0.9|-4.2|0|0|4|0","0","960","1","1","0","1","0","1","0","0"
"pro-021","PR","0.9|0.9|-4.2|0|0|4|0","0","1024","1","1","0","1","0","1","0","0"
"pro-021","PR","0.9|0.9|-4.2|0|0|4|0","0","1080","2","2","1","1","1","0","0","0"
"pro-021","PR","0.9|0.9|-4.2|0|0|4|0","0","1440","2","2","1","1","0","0","0","1"
"pro-021","PR","0.9|0.9|-4.2|0|0|4|0","0","2160","4","4","2","1","1","0","0","0"
"pro-022","phzy","1|0|-4|0|0|4|0","3","720","1","1","0","1","0","0","0","1"
"pro-022","phzy","1|0|-4|0|0|4|0","3","768","1","1","0","1","0","0","0","1"
"pro-022","phzy","1|0|-4|0|0|4|0","3","960","2","1","0","1","1","1","0","1"
"pro-022","phzy","1|0|-4|0|0|4|0","3","1024","2","1","0","1","1","1","0","1"
"pro-022","phzy","1|0|-4|0|0|4|0","3","1080","2","1","0","1","1","1","0","1"
"pro-022","phzy","1|0|-4|0|0|4|0","3","1440","3","1","0","1","1","0","0","1"
"pro-022","phzy","1|0|-4|0|0|4|0","3","2160","4","1","0","1","0","0","0","1"
"pro-023","mzinho","1|1|-4|0|0|4|0","1","720","1","1","0","1","0","0","0","1"
"pro-023","mzinho","1|1|-4|0|0|4|0","1","768","1","1","0","1","0","0","0","1"
"pro-023","mzinho","1|1|-4|0|0|4|0","1","960","2","2","1","1","1","1","1","0"
"pro-023","mzinho","1|1|-4|0|0|4|0","1","1024","2","2","1","1","1","1","1","0"
"pro-023","mzinho","1|1|-4|0|0|4|0","1","1080","2","2","1","1","1","1","1","1"
"pro-023","mzinho","1|1|-4|0|0|4|0","1","1440","3","3","1","1","1","0","0","1"
"pro-023","mzinho","1|1|-4|0|0|4|0","1","2160","4","4","2","1","0","0","0","1"
"pro-024","SunPayus","2|1|-3|0|0|4|0","3","720","3","1","1","1","0","0","0","1"
"pro-024","SunPayus","2|1|-3|0|0|4|0","3","768","3","1","1","1","0","0","0","1"
"pro-024","SunPayus","2|1|-3|0|0|4|0","3","960","4","2","2","1","1","1","1","0"
"pro-024","SunPayus","2|1|-3|0|0|4|0","3","1024","4","2","2","1","1","1","1","0"
"pro-024","SunPayus","2|1|-3|0|0|4|0","3","1080","4","2","2","1","0","1","1","1"
"pro-024","SunPayus","2|1|-3|0|0|4|0","3","1440","6","3","2","1","1","0","0","1"
"pro-024","SunPayus","2|1|-3|0|0|4|0","3","2160","9","4","3","1","0","0","0","1"
"pro-025","Wicadia","2|0.6|-2.2|0|0|4|0","4","720","3","1","1","1","1","0","0","0"
"pro-025","Wicadia","2|0.6|-2.2|0|0|4|0","4","768","3","1","1","1","1","0","0","0"
"pro-025","Wicadia","2|0.6|-2.2|0|0|4|0","4","960","4","1","1","1","1","1","0","0"
"pro-025","Wicadia","2|0.6|-2.2|0|0|4|0","4","1024","4","1","1","1","1","1","0","0"
"pro-025","Wicadia","2|0.6|-2.2|0|0|4|0","4","1080","4","1","1","1","0","1","0","0"
"pro-025","Wicadia","2|0.6|-2.2|0|0|4|0","4","1440","6","1","1","1","0","0","0","0"
"pro-025","Wicadia","2|0.6|-2.2|0|0|4|0","4","2160","9","2","2","1","0","0","0","0"
"pro-026","dgt","1|1|-4|0|0|4|0","1","720","1","1","0","1","0","0","0","1"
"pro-026","dgt","1|1|-4|0|0|4|0","1","768","1","1","0","1","0","0","0","1"
"pro-026","dgt","1|1|-4|0|0|4|0","1","960","2","2","1","1","1","1","1","0"
"pro-026","dgt","1|1|-4|0|0|4|0","1","1024","2","2","1","1","1","1","1","0"
"pro-026","dgt","1|1|-4|0|0|4|0","1","1080","2","2","1","1","1","1","1","1"
"pro-026","dgt","1|1|-4|0|0|4|0","1","1440","3","3","1","1","1","0","0","1"
"pro-026","dgt","1|1|-4|0|0|4|0","1","2160","4","4","2","1","0","0","0","1"
"pro-027","910","1|1|-4|0|0|4|0","1","720","1","1","0","1","0","0","0","1"
"pro-027","910","1|1|-4|0|0|4|0","1","768","1","1","0","1","0","0","0","1"
"pro-027","910","1|1|-4|0|0|4|0","1","960","2","2","1","1","1","1","1","0"
"pro-027","910","1|1|-4|0|0|4|0","1","1024","2","2","1","1","1","1","1","0"
"pro-027","910","1|1|-4|0|0|4|0","1","1080","2","2","1","1","1","1","1","1"
"pro-027","910","1|1|-4|0|0|4|0","1","1440","3","3","1","1","1","0","0","1"
"pro-027","910","1|1|-4|0|0|4|0","1","2160","4","4","2","1","0","0","0","1"
"pro-028","iM","2|0|-2|0|0|4|0","4","720","3","1","2","1","1","0","0","1"
"pro-028","iM","2|0|-2|0|0|4|0","4","768","3","1","2","1","1","0","0","1"
"pro-028","iM","2|0|-2|0|0|4|0","4","960","4","1","2","1","1","1","0","1"
"pro-028","iM","2|0|-2|0|0|4|0","4","1024","4","1","2","1","1","1","0","1"
"pro-028","iM","2|0|-2|0|0|4|0","4","1080","4","1","2","1","0","1","0","1"
"pro-028","iM","2|0|-2|0|0|4|0","4","1440","6","1","2","1","1","0","0","1"
"pro-028","iM","2|0|-2|0|0|4|0","4","2160","9","1","2","1","1","0","0","1"
"pro-029","npl","1|1|-4|1|0|4|0","1","720","1","1","0","1","0","0","0","1"
"pro-029","npl","1|1|-4|1|0|4|0","1","768","1","1","0","1","0","0","0","1"
"pro-029","npl","1|1|-4|1|0|4|0","1","960","2","2","1","1","1","1","1","0"
"pro-029","npl","1|1|-4|1|0|4|0","1","1024","2","2","1","1","1","1","1","0"
"pro-029","npl","1|1|-4|1|0|4|0","1","1080","2","2","1","1","1","1","1","1"
"pro-029","npl","1|1|-4|1|0|4|0","1","1440","3","3","1","1","1","0","0","1"
"pro-029","npl","1|1|-4|1|0|4|0","1","2160","4","4","2","1","0","0","0","1"
"pro-030","frozen","1|1|-4|0|0|4|0","1","720","1","1","0","1","0","0","0","1"
"pro-030","frozen","1|1|-4|0|0|4|0","1","768","1","1","0","1","0","0","0","1"
"pro-030","frozen","1|1|-4|0|0|4|0","1","960","2","2","1","1","1","1","1","0"
"pro-030","frozen","1|1|-4|0|0|4|0","1","1024","2","2","1","1","1","1","1","0"
"pro-030","frozen","1|1|-4|0|0|4|0","1","1080","2","2","1","1","1","1","1","1"
"pro-030","frozen","1|1|-4|0|0|4|0","1","1440","3","3","1","1","1","0","0","1"
"pro-030","frozen","1|1|-4|0|0|4|0","1","2160","4","4","2","1","0","0","0","1"
"pro-031","dem0n","1|0.1|-4|0|0|4|0","3","720","1","1","0","1","0","0","0","0"
"pro-031","dem0n","1|0.1|-4|0|0|4|0","3","768","1","1","0","1","0","0","0","0"
"pro-031","dem0n","1|0.1|-4|0|0|4|0","3","960","2","1","0","1","1","1","0","0"
"pro-031","dem0n","1|0.1|-4|0|0|4|0","3","1024","2","1","0","1","1","1","0","0"
"pro-031","dem0n","1|0.1|-4|0|0|4|0","3","1080","2","1","0","1","1","1","0","0"
"pro-031","dem0n","1|0.1|-4|0|0|4|0","3","1440","3","1","0","1","1","0","0","1"
"pro-031","dem0n","1|0.1|-4|0|0|4|0","3","2160","4","1","0","1","0","0","0","1"
"pro-032","NiKo","1.5|0|-4|0|0|4|0","1","720","2","1","0","1","1","0","0","1"
"pro-032","NiKo","1.5|0|-4|0|0|4|0","1","768","2","1","0","1","1","0","0","1"
"pro-032","NiKo","1.5|0|-4|0|0|4|0","1","960","3","1","0","1","1","1","0","1"
"pro-032","NiKo","1.5|0|-4|0|0|4|0","1","1024","3","1","0","1","1","1","0","1"
"pro-032","NiKo","1.5|0|-4|0|0|4|0","1","1080","3","1","0","1","1","1","0","1"
"pro-032","NiKo","1.5|0|-4|0|0|4|0","1","1440","4","1","0","1","0","0","0","1"
"pro-032","NiKo","1.5|0|-4|0|0|4|0","1","2160","6","1","0","1","0","0","0","1"
"pro-033","TeSeS","1|1|-4|0|0|4|0","1","720","1","1","0","1","0","0","0","1"
"pro-033","TeSeS","1|1|-4|0|0|4|0","1","768","1","1","0","1","0","0","0","1"
"pro-033","TeSeS","1|1|-4|0|0|4|0","1","960","2","2","1","1","1","1","1","0"
"pro-033","TeSeS","1|1|-4|0|0|4|0","1","1024","2","2","1","1","1","1","1","0"
"pro-033","TeSeS","1|1|-4|0|0|4|0","1","1080","2","2","1","1","1","1","1","1"
"pro-033","TeSeS","1|1|-4|0|0|4|0","1","1440","3","3","1","1","1","0","0","1"
"pro-033","TeSeS","1|1|-4|0|0|4|0","1","2160","4","4","2","1","0","0","0","1"
"pro-034","tN1R","1.5|1|-6|0|0|4|0","2","720","2","1","-2","1","0","0","0","1"
"pro-034","tN1R","1.5|1|-6|0|0|4|0","2","768","2","1","-2","1","0","0","0","1"
"pro-034","tN1R","1.5|1|-6|0|0|4|0","2","960","3","2","-1","1","1","1","0","1"
"pro-034","tN1R","1.5|1|-6|0|0|4|0","2","1024","3","2","-1","1","1","1","0","1"
"pro-034","tN1R","1.5|1|-6|0|0|4|0","2","1080","3","2","-1","1","1","1","0","1"
"pro-034","tN1R","1.5|1|-6|0|0|4|0","2","1440","4","3","-1","1","0","0","0","1"
"pro-034","tN1R","1.5|1|-6|0|0|4|0","2","2160","6","4","0","1","0","0","0","1"
"pro-035","XANTARES","3|0.5|0|0|0|4|0","3","720","4","1","4","1","0","0","0","1"
"pro-035","XANTARES","3|0.5|0|0|0|4|0","3","768","4","1","4","1","0","0","0","1"
"pro-035","XANTARES","3|0.5|0|0|0|4|0","3","960","6","1","4","1","1","1","0","1"
"pro-035","XANTARES","3|0.5|0|0|0|4|0","3","1024","6","1","4","1","1","1","0","1"
"pro-035","XANTARES","3|0.5|0|0|0|4|0","3","1080","6","1","4","1","0","1","0","1"
"pro-035","XANTARES","3|0.5|0|0|0|4|0","3","1440","9","1","4","1","0","0","0","1"
"pro-035","XANTARES","3|0.5|0|0|0|4|0","3","2160","13","2","5","1","0","0","0","1"
"pro-036","mezii","1|1|-4|0|0|4|0","1","720","1","1","0","1","0","0","0","1"
"pro-036","mezii","1|1|-4|0|0|4|0","1","768","1","1","0","1","0","0","0","1"
"pro-036","mezii","1|1|-4|0|0|4|0","1","960","2","2","1","1","1","1","1","0"
"pro-036","mezii","1|1|-4|0|0|4|0","1","1024","2","2","1","1","1","1","1","0"
"pro-036","mezii","1|1|-4|0|0|4|0","1","1080","2","2","1","1","1","1","1","1"
"pro-036","mezii","1|1|-4|0|0|4|0","1","1440","3","3","1","1","1","0","0","1"
"pro-036","mezii","1|1|-4|0|0|4|0","1","2160","4","4","2","1","0","0","0","1"
"pro-037","YEKINDAR","1|1|-4|0|0|4|0","1","720","1","1","0","1","0","0","0","1"
"pro-037","YEKINDAR","1|1|-4|0|0|4|0","1","768","1","1","0","1","0","0","0","1"
"pro-037","YEKINDAR","1|1|-4|0|0|4|0","1","960","2","2","1","1","1","1","1","0"
"pro-037","YEKINDAR","1|1|-4|0|0|4|0","1","1024","2","2","1","1","1","1","1","0"
"pro-037","YEKINDAR","1|1|-4|0|0|4|0","1","1080","2","2","1","1","1","1","1","1"
"pro-037","YEKINDAR","1|1|-4|0|0|4|0","1","1440","3","3","1","1","1","0","0","1"
"pro-037","YEKINDAR","1|1|-4|0|0|4|0","1","2160","4","4","2","1","0","0","0","1"
"pro-038","lauNX","2|0|-2.5|0|0|4|0","2","720","3","1","1","1","1","0","0","1"
"pro-038","lauNX","2|0|-2.5|0|0|4|0","2","768","3","1","1","1","1","0","0","1"
"pro-038","lauNX","2|0|-2.5|0|0|4|0","2","960","4","1","1","1","1","1","0","1"
"pro-038","lauNX","2|0|-2.5|0|0|4|0","2","1024","4","1","1","1","1","1","0","1"
"pro-038","lauNX","2|0|-2.5|0|0|4|0","2","1080","4","1","1","1","0","1","0","1"
"pro-038","lauNX","2|0|-2.5|0|0|4|0","2","1440","6","1","1","1","1","0","0","1"
"pro-038","lauNX","2|0|-2.5|0|0|4|0","2","2160","9","1","1","1","1","0","0","1"
"pro-039","woxic","3|0|-1|0|0|4|0","1","720","4","1","3","1","0","0","0","1"
"pro-039","woxic","3|0|-1|0|0|4|0","1","768","4","1","3","1","0","0","0","1"
"pro-039","woxic","3|0|-1|0|0|4|0","1","960","6","1","3","1","1","1","0","1"
"pro-039","woxic","3|0|-1|0|0|4|0","1","1024","6","1","3","1","1","1","0","1"
"pro-039","woxic","3|0|-1|0|0|4|0","1","1080","6","1","3","1","0","1","0","1"
"pro-039","woxic","3|0|-1|0|0|4|0","1","1440","9","1","3","1","1","0","0","1"
"pro-039","woxic","3|0|-1|0|0|4|0","1","2160","13","1","3","1","0","0","0","1"
"pro-040","xelex","1|1|-4|0|0|4|0","1","720","1","1","0","1","0","0","0","1"
"pro-040","xelex","1|1|-4|0|0|4|0","1","768","1","1","0","1","0","0","0","1"
"pro-040","xelex","1|1|-4|0|0|4|0","1","960","2","2","1","1","1","1","1","0"
"pro-040","xelex","1|1|-4|0|0|4|0","1","1024","2","2","1","1","1","1","1","0"
"pro-040","xelex","1|1|-4|0|0|4|0","1","1080","2","2","1","1","1","1","1","1"
"pro-040","xelex","1|1|-4|0|0|4|0","1","1440","3","3","1","1","1","0","0","1"
"pro-040","xelex","1|1|-4|0|0|4|0","1","2160","4","4","2","1","0","0","0","1"
"pro-041","jL","1|0|-3|1|0|4|0","2","720","1","1","1","1","0","0","0","1"
"pro-041","jL","1|0|-3|1|0|4|0","2","768","1","1","1","1","0","0","0","1"
"pro-041","jL","1|0|-3|1|0|4|0","2","960","2","1","1","1","1","1","0","1"
"pro-041","jL","1|0|-3|1|0|4|0","2","1024","2","1","1","1","1","1","0","1"
"pro-041","jL","1|0|-3|1|0|4|0","2","1080","2","1","1","1","1","1","0","1"
"pro-041","jL","1|0|-3|1|0|4|0","2","1440","3","1","1","1","1","0","0","1"
"pro-041","jL","1|0|-3|1|0|4|0","2","2160","4","1","1","1","0","0","0","1"
"pro-042","Spinx","1|1|-4|0|0|4|0","1","720","1","1","0","1","0","0","0","1"
"pro-042","Spinx","1|1|-4|0|0|4|0","1","768","1","1","0","1","0","0","0","1"
"pro-042","Spinx","1|1|-4|0|0|4|0","1","960","2","2","1","1","1","1","1","0"
"pro-042","Spinx","1|1|-4|0|0|4|0","1","1024","2","2","1","1","1","1","1","0"
"pro-042","Spinx","1|1|-4|0|0|4|0","1","1080","2","2","1","1","1","1","1","1"
"pro-042","Spinx","1|1|-4|0|0|4|0","1","1440","3","3","1","1","1","0","0","1"
"pro-042","Spinx","1|1|-4|0|0|4|0","1","2160","4","4","2","1","0","0","0","1"
"pro-043","hypex","1|1|-4|0|0|4|0","1","720","1","1","0","1","0","0","0","1"
"pro-043","hypex","1|1|-4|0|0|4|0","1","768","1","1","0","1","0","0","0","1"
"pro-043","hypex","1|1|-4|0|0|4|0","1","960","2","2","1","1","1","1","1","0"
"pro-043","hypex","1|1|-4|0|0|4|0","1","1024","2","2","1","1","1","1","1","0"
"pro-043","hypex","1|1|-4|0|0|4|0","1","1080","2","2","1","1","1","1","1","1"
"pro-043","hypex","1|1|-4|0|0|4|0","1","1440","3","3","1","1","1","0","0","1"
"pro-043","hypex","1|1|-4|0|0|4|0","1","2160","4","4","2","1","0","0","0","1"
"pro-044","jabbi","1|1|-4|0|0|4|0","1","720","1","1","0","1","0","0","0","1"
"pro-044","jabbi","1|1|-4|0|0|4|0","1","768","1","1","0","1","0","0","0","1"
"pro-044","jabbi","1|1|-4|0|0|4|0","1","960","2","2","1","1","1","1","1","0"
"pro-044","jabbi","1|1|-4|0|0|4|0","1","1024","2","2","1","1","1","1","1","0"
"pro-044","jabbi","1|1|-4|0|0|4|0","1","1080","2","2","1","1","1","1","1","1"
"pro-044","jabbi","1|1|-4|0|0|4|0","1","1440","3","3","1","1","1","0","0","1"
"pro-044","jabbi","1|1|-4|0|0|4|0","1","2160","4","4","2","1","0","0","0","1"
"pro-045","saadzin","1|0.9|-3.5|0|0|4|0","1","720","1","1","0","1","0","0","0","0"
"pro-045","saadzin","1|0.9|-3.5|0|0|4|0","1","768","1","1","0","1","0","0","0","0"
"pro-045","saadzin","1|0.9|-3.5|0|0|4|0","1","960","2","1","0","1","0","1","0","0"
"pro-045","saadzin","1|0.9|-3.5|0|0|4|0","1","1024","2","1","0","1","0","1","0","0"
"pro-045","saadzin","1|0.9|-3.5|0|0|4|0","1","1080","2","2","1","1","1","0","0","1"
"pro-045","saadzin","1|0.9|-3.5|0|0|4|0","1","1440","3","2","1","1","0","0","0","1"
"pro-045","saadzin","1|0.9|-3.5|0|0|4|0","1","2160","4","4","2","1","0","0","0","1"
"pro-046","HUASOPEEK","1|0.1|-3.9|1|0|4|0","4","720","1","1","0","1","0","0","0","1"
"pro-046","HUASOPEEK","1|0.1|-3.9|1|0|4|0","4","768","1","1","0","1","0","0","0","1"
"pro-046","HUASOPEEK","1|0.1|-3.9|1|0|4|0","4","960","2","1","0","1","1","1","0","1"
"pro-046","HUASOPEEK","1|0.1|-3.9|1|0|4|0","4","1024","2","1","0","1","1","1","0","1"
"pro-046","HUASOPEEK","1|0.1|-3.9|1|0|4|0","4","1080","2","1","0","1","1","1","0","1"
"pro-046","HUASOPEEK","1|0.1|-3.9|1|0|4|0","4","1440","3","1","0","1","1","0","0","1"
"pro-046","HUASOPEEK","1|0.1|-3.9|1|0|4|0","4","2160","4","1","0","1","0","0","0","1"
"pro-047","NertZ","1|1|-4|0|0|4|0","1","720","1","1","0","1","0","0","0","1"
"pro-047","NertZ","1|1|-4|0|0|4|0","1","768","1","1","0","1","0","0","0","1"
"pro-047","NertZ","1|1|-4|0|0|4|0","1","960","2","2","1","1","1","1","1","0"
"pro-047","NertZ","1|1|-4|0|0|4|0","1","1024","2","2","1","1","1","1","1","0"
"pro-047","NertZ","1|1|-4|0|0|4|0","1","1080","2","2","1","1","1","1","1","1"
"pro-047","NertZ","1|1|-4|0|0|4|0","1","1440","3","3","1","1","1","0","0","1"
"pro-047","NertZ","1|1|-4|0|0|4|0","1","2160","4","4","2","1","0","0","0","1"
"pro-048","MATYS","2|1|-4|0|0|4|0","3","720","3","1","0","1","0","0","0","1"
"pro-048","MATYS","2|1|-4|0|0|4|0","3","768","3","1","0","1","0","0","0","1"
"pro-048","MATYS","2|1|-4|0|0|4|0","3","960","4","2","1","1","1","1","1","0"
"pro-048","MATYS","2|1|-4|0|0|4|0","3","1024","4","2","1","1","1","1","1","1"
"pro-048","MATYS","2|1|-4|0|0|4|0","3","1080","4","2","1","1","0","1","1","1"
"pro-048","MATYS","2|1|-4|0|0|4|0","3","1440","6","3","1","1","1","0","0","1"
"pro-048","MATYS","2|1|-4|0|0|4|0","3","2160","9","4","2","1","0","0","0","1"
"pro-049","Jame","0|0|-3|1|0|4|0","2","720","0","1","1","1","1","1","0","1"
"pro-049","Jame","0|0|-3|1|0|4|0","2","768","0","1","1","1","1","1","0","1"
"pro-049","Jame","0|0|-3|1|0|4|0","2","960","0","1","1","1","1","1","0","1"
"pro-049","Jame","0|0|-3|1|0|4|0","2","1024","0","1","1","1","1","1","0","1"
"pro-049","Jame","0|0|-3|1|0|4|0","2","1080","0","1","1","1","1","1","0","1"
"pro-049","Jame","0|0|-3|1|0|4|0","2","1440","0","1","1","1","1","1","0","1"
"pro-049","Jame","0|0|-3|1|0|4|0","2","2160","0","1","1","1","1","1","0","1"
"pro-050","dziugss","1.9|0.1|-2.1|0|0|4|0","3","720","2","1","1","1","0","0","0","1"
"pro-050","dziugss","1.9|0.1|-2.1|0|0|4|0","3","768","3","1","1","1","1","1","0","1"
"pro-050","dziugss","1.9|0.1|-2.1|0|0|4|0","3","960","3","1","1","1","0","1","0","1"
"pro-050","dziugss","1.9|0.1|-2.1|0|0|4|0","3","1024","4","1","1","1","1","0","0","1"
"pro-050","dziugss","1.9|0.1|-2.1|0|0|4|0","3","1080","4","1","1","1","1","0","0","1"
"pro-050","dziugss","1.9|0.1|-2.1|0|0|4|0","3","1440","5","1","1","1","0","0","0","1"
"pro-050","dziugss","1.9|0.1|-2.1|0|0|4|0","3","2160","8","1","1","1","0","0","0","0"
"pro-051","Jimpphat","2|0|-3|0|0|4|0","3","720","3","1","1","1","1","0","0","1"
"pro-051","Jimpphat","2|0|-3|0|0|4|0","3","768","3","1","1","1","1","0","0","1"
"pro-051","Jimpphat","2|0|-3|0|0|4|0","3","960","4","1","1","1","1","1","0","1"
"pro-051","Jimpphat","2|0|-3|0|0|4|0","3","1024","4","1","1","1","1","1","0","1"
"pro-051","Jimpphat","2|0|-3|0|0|4|0","3","1080","4","1","1","1","0","1","0","1"
"pro-051","Jimpphat","2|0|-3|0|0|4|0","3","1440","6","1","1","1","1","0","0","1"
"pro-051","Jimpphat","2|0|-3|0|0|4|0","3","2160","9","1","1","1","1","0","0","1"
"pro-052","Tauson","1.2|1|-3.2|0|0|4|0","0","720","1","1","0","1","0","0","0","0"
"pro-052","Tauson","1.2|1|-3.2|0|0|4|0","0","768","1","1","0","1","0","0","0","0"
"pro-052","Tauson","1.2|1|-3.2|0|0|4|0","0","960","2","2","1","1","1","1","1","1"
"pro-052","Tauson","1.2|1|-3.2|0|0|4|0","0","1024","2","2","1","1","0","1","1","1"
"pro-052","Tauson","1.2|1|-3.2|0|0|4|0","0","1080","2","2","1","1","0","1","1","1"
"pro-052","Tauson","1.2|1|-3.2|0|0|4|0","0","1440","3","3","1","1","0","0","0","0"
"pro-052","Tauson","1.2|1|-3.2|0|0|4|0","0","2160","5","4","2","1","0","0","0","0"
"pro-053","apEX","1.5|1|-3|0|0|4|0","1","720","2","1","1","1","0","0","0","1"
"pro-053","apEX","1.5|1|-3|0|0|4|0","1","768","2","1","1","1","0","0","0","1"
"pro-053","apEX","1.5|1|-3|0|0|4|0","1","960","3","2","2","1","1","1","0","0"
"pro-053","apEX","1.5|1|-3|0|0|4|0","1","1024","3","2","2","1","1","1","0","0"
"pro-053","apEX","1.5|1|-3|0|0|4|0","1","1080","3","2","2","1","1","1","0","1"
"pro-053","apEX","1.5|1|-3|0|0|4|0","1","1440","4","3","2","1","0","0","0","1"
"pro-053","apEX","1.5|1|-3|0|0|4|0","1","2160","6","4","3","1","0","0","0","1"
"pro-054","arT","1|1|-4|0|0|4|0","1","720","1","1","0","1","0","0","0","1"
"pro-054","arT","1|1|-4|0|0|4|0","1","768","1","1","0","1","0","0","0","1"
"pro-054","arT","1|1|-4|0|0|4|0","1","960","2","2","1","1","1","1","1","0"
"pro-054","arT","1|1|-4|0|0|4|0","1","1024","2","2","1","1","1","1","1","0"
"pro-054","arT","1|1|-4|0|0|4|0","1","1080","2","2","1","1","1","1","1","1"
"pro-054","arT","1|1|-4|0|0|4|0","1","1440","3","3","1","1","1","0","0","1"
"pro-054","arT","1|1|-4|0|0|4|0","1","2160","4","4","2","1","0","0","0","1"
"pro-055","magixx","1|1|-4|0|0|4|0","1","720","1","1","0","1","0","0","0","1"
"pro-055","magixx","1|1|-4|0|0|4|0","1","768","1","1","0","1","0","0","0","1"
"pro-055","magixx","1|1|-4|0|0|4|0","1","960","2","2","1","1","1","1","1","0"
"pro-055","magixx","1|1|-4|0|0|4|0","1","1024","2","2","1","1","1","1","1","0"
"pro-055","magixx","1|1|-4|0|0|4|0","1","1080","2","2","1","1","1","1","1","1"
"pro-055","magixx","1|1|-4|0|0|4|0","1","1440","3","3","1","1","1","0","0","1"
"pro-055","magixx","1|1|-4|0|0|4|0","1","2160","4","4","2","1","0","0","0","1"
"pro-056","xiELO","1|1|-4|0|0|4|0","1","720","1","1","0","1","0","0","0","1"
"pro-056","xiELO","1|1|-4|0|0|4|0","1","768","1","1","0","1","0","0","0","1"
"pro-056","xiELO","1|1|-4|0|0|4|0","1","960","2","2","1","1","1","1","1","0"
"pro-056","xiELO","1|1|-4|0|0|4|0","1","1024","2","2","1","1","1","1","1","0"
"pro-056","xiELO","1|1|-4|0|0|4|0","1","1080","2","2","1","1","1","1","1","1"
"pro-056","xiELO","1|1|-4|0|0|4|0","1","1440","3","3","1","1","1","0","0","1"
"pro-056","xiELO","1|1|-4|0|0|4|0","1","2160","4","4","2","1","0","0","0","1"
"pro-057","yuurih","1|1|-4|0|0|4|0","1","720","1","1","0","1","0","0","0","1"
"pro-057","yuurih","1|1|-4|0|0|4|0","1","768","1","1","0","1","0","0","0","1"
"pro-057","yuurih","1|1|-4|0|0|4|0","1","960","2","2","1","1","1","1","1","0"
"pro-057","yuurih","1|1|-4|0|0|4|0","1","1024","2","2","1","1","1","1","1","0"
"pro-057","yuurih","1|1|-4|0|0|4|0","1","1080","2","2","1","1","1","1","1","1"
"pro-057","yuurih","1|1|-4|0|0|4|0","1","1440","3","3","1","1","1","0","0","1"
"pro-057","yuurih","1|1|-4|0|0|4|0","1","2160","4","4","2","1","0","0","0","1"
"pro-059","soulfly","1|1|-4|0|0|4|0","1","720","1","1","0","1","0","0","0","1"
"pro-059","soulfly","1|1|-4|0|0|4|0","1","768","1","1","0","1","0","0","0","1"
"pro-059","soulfly","1|1|-4|0|0|4|0","1","960","2","2","1","1","1","1","1","0"
"pro-059","soulfly","1|1|-4|0|0|4|0","1","1024","2","2","1","1","1","1","1","0"
"pro-059","soulfly","1|1|-4|0|0|4|0","1","1080","2","2","1","1","1","1","1","1"
"pro-059","soulfly","1|1|-4|0|0|4|0","1","1440","3","3","1","1","1","0","0","1"
"pro-059","soulfly","1|1|-4|0|0|4|0","1","2160","4","4","2","1","0","0","0","1"
"pro-060","zweih","1|1|-4|0|0|4|0","1","720","1","1","0","1","0","0","0","1"
"pro-060","zweih","1|1|-4|0|0|4|0","1","768","1","1","0","1","0","0","0","1"
"pro-060","zweih","1|1|-4|0|0|4|0","1","960","2","2","1","1","1","1","1","0"
"pro-060","zweih","1|1|-4|0|0|4|0","1","1024","2","2","1","1","1","1","1","0"
"pro-060","zweih","1|1|-4|0|0|4|0","1","1080","2","2","1","1","1","1","1","1"
"pro-060","zweih","1|1|-4|0|0|4|0","1","1440","3","3","1","1","1","0","0","1"
"pro-060","zweih","1|1|-4|0|0|4|0","1","2160","4","4","2","1","0","0","0","1"
"pro-061","FalleN","2|1|-6|0|0|4|0","4","720","3","1","-2","1","0","0","0","1"
"pro-061","FalleN","2|1|-6|0|0|4|0","4","768","3","1","-2","1","0","0","0","1"
"pro-061","FalleN","2|1|-6|0|0|4|0","4","960","4","2","-1","1","1","1","1","1"
"pro-061","FalleN","2|1|-6|0|0|4|0","4","1024","4","2","-1","1","1","1","1","1"
"pro-061","FalleN","2|1|-6|0|0|4|0","4","1080","4","2","-1","1","0","1","1","1"
"pro-061","FalleN","2|1|-6|0|0|4|0","4","1440","6","3","-1","1","1","0","0","1"
"pro-061","FalleN","2|1|-6|0|0|4|0","4","2160","9","4","0","1","0","0","0","1"
"pro-062","meyern","1.5|0|-3|0|0|4|0","0","720","2","1","1","1","1","0","0","1"
"pro-062","meyern","1.5|0|-3|0|0|4|0","0","768","2","1","1","1","1","0","0","1"
"pro-062","meyern","1.5|0|-3|0|0|4|0","0","960","3","1","1","1","1","1","0","1"
"pro-062","meyern","1.5|0|-3|0|0|4|0","0","1024","3","1","1","1","1","1","0","1"
"pro-062","meyern","1.5|0|-3|0|0|4|0","0","1080","3","1","1","1","1","1","0","1"
"pro-062","meyern","1.5|0|-3|0|0|4|0","0","1440","4","1","1","1","0","0","0","1"
"pro-062","meyern","1.5|0|-3|0|0|4|0","0","2160","6","1","1","1","0","0","0","1"
"pro-063","Krabeni","1.5|0|-1.5|0|0|4|0","2","720","2","1","2","1","1","0","0","1"
"pro-063","Krabeni","1.5|0|-1.5|0|0|4|0","2","768","2","1","2","1","1","0","0","1"
"pro-063","Krabeni","1.5|0|-1.5|0|0|4|0","2","960","3","1","2","1","1","1","0","1"
"pro-063","Krabeni","1.5|0|-1.5|0|0|4|0","2","1024","3","1","2","1","1","1","0","1"
"pro-063","Krabeni","1.5|0|-1.5|0|0|4|0","2","1080","3","1","2","1","1","1","0","1"
"pro-063","Krabeni","1.5|0|-1.5|0|0|4|0","2","1440","4","1","2","1","0","0","0","1"
"pro-063","Krabeni","1.5|0|-1.5|0|0|4|0","2","2160","6","1","2","1","0","0","0","1"
"pro-064","sFade8","1|1|-4|0|0|4|0","1","720","1","1","0","1","0","0","0","1"
"pro-064","sFade8","1|1|-4|0|0|4|0","1","768","1","1","0","1","0","0","0","1"
"pro-064","sFade8","1|1|-4|0|0|4|0","1","960","2","2","1","1","1","1","1","0"
"pro-064","sFade8","1|1|-4|0|0|4|0","1","1024","2","2","1","1","1","1","1","0"
"pro-064","sFade8","1|1|-4|0|0|4|0","1","1080","2","2","1","1","1","1","1","1"
"pro-064","sFade8","1|1|-4|0|0|4|0","1","1440","3","3","1","1","1","0","0","1"
"pro-064","sFade8","1|1|-4|0|0|4|0","1","2160","4","4","2","1","0","0","0","1"
"pro-065","MaSvAl","1|1|-3|0|0|4|0","1","720","1","1","1","1","0","0","0","1"
"pro-065","MaSvAl","1|1|-3|0|0|4|0","1","768","1","1","1","1","0","0","0","1"
"pro-065","MaSvAl","1|1|-3|0|0|4|0","1","960","2","2","2","1","1","1","1","0"
"pro-065","MaSvAl","1|1|-3|0|0|4|0","1","1024","2","2","2","1","1","1","1","0"
"pro-065","MaSvAl","1|1|-3|0|0|4|0","1","1080","2","2","2","1","1","1","1","0"
"pro-065","MaSvAl","1|1|-3|0|0|4|0","1","1440","3","3","2","1","1","0","0","1"
"pro-065","MaSvAl","1|1|-3|0|0|4|0","1","2160","4","4","3","1","0","0","0","1"
"pro-066","s1zzi","1.2|0.9|-4.5|1|0|4|0","1","720","1","1","0","1","0","0","0","1"
"pro-066","s1zzi","1.2|0.9|-4.5|1|0|4|0","1","768","1","1","0","1","0","0","0","0"
"pro-066","s1zzi","1.2|0.9|-4.5|1|0|4|0","1","960","2","1","0","1","0","1","0","0"
"pro-066","s1zzi","1.2|0.9|-4.5|1|0|4|0","1","1024","2","1","0","1","0","1","0","0"
"pro-066","s1zzi","1.2|0.9|-4.5|1|0|4|0","1","1080","2","2","1","1","0","0","0","0"
"pro-066","s1zzi","1.2|0.9|-4.5|1|0|4|0","1","1440","3","2","1","1","0","0","0","0"
"pro-066","s1zzi","1.2|0.9|-4.5|1|0|4|0","1","2160","5","4","2","1","1","0","0","0"
"pro-067","kyxsan","1|1|-4|0|0|4|0","1","720","1","1","0","1","0","0","0","1"
"pro-067","kyxsan","1|1|-4|0|0|4|0","1","768","1","1","0","1","0","0","0","1"
"pro-067","kyxsan","1|1|-4|0|0|4|0","1","960","2","2","1","1","1","1","1","0"
"pro-067","kyxsan","1|1|-4|0|0|4|0","1","1024","2","2","1","1","1","1","1","0"
"pro-067","kyxsan","1|1|-4|0|0|4|0","1","1080","2","2","1","1","1","1","1","1"
"pro-067","kyxsan","1|1|-4|0|0|4|0","1","1440","3","3","1","1","1","0","0","1"
"pro-067","kyxsan","1|1|-4|0|0|4|0","1","2160","4","4","2","1","0","0","0","1"
"pro-068","Neityu","1|0.5|-3|0|0|4|0","2","720","1","1","1","1","0","0","0","1"
"pro-068","Neityu","1|0.5|-3|0|0|4|0","2","768","1","1","1","1","0","0","0","1"
"pro-068","Neityu","1|0.5|-3|0|0|4|0","2","960","2","1","1","1","1","1","1","1"
"pro-068","Neityu","1|0.5|-3|0|0|4|0","2","1024","2","1","1","1","1","1","1","1"
"pro-068","Neityu","1|0.5|-3|0|0|4|0","2","1080","2","1","1","1","1","1","1","1"
"pro-068","Neityu","1|0.5|-3|0|0|4|0","2","1440","3","1","1","1","0","0","0","1"
"pro-068","Neityu","1|0.5|-3|0|0|4|0","2","2160","4","2","2","1","0","0","0","1"
"pro-069","Techno","2|0|-3|0|0|4|0","3","720","3","1","1","1","1","0","0","1"
"pro-069","Techno","2|0|-3|0|0|4|0","3","768","3","1","1","1","1","0","0","1"
"pro-069","Techno","2|0|-3|0|0|4|0","3","960","4","1","1","1","1","1","0","1"
"pro-069","Techno","2|0|-3|0|0|4|0","3","1024","4","1","1","1","1","1","0","1"
"pro-069","Techno","2|0|-3|0|0|4|0","3","1080","4","1","1","1","0","1","0","1"
"pro-069","Techno","2|0|-3|0|0|4|0","3","1440","6","1","1","1","1","0","0","1"
"pro-069","Techno","2|0|-3|0|0|4|0","3","2160","9","1","1","1","1","0","0","1"
"pro-070","cobrazera","2|0|-3|0|0|4|0","3","720","3","1","1","1","1","0","0","1"
"pro-070","cobrazera","2|0|-3|0|0|4|0","3","768","3","1","1","1","1","0","0","1"
"pro-070","cobrazera","2|0|-3|0|0|4|0","3","960","4","1","1","1","1","1","0","1"
"pro-070","cobrazera","2|0|-3|0|0|4|0","3","1024","4","1","1","1","1","1","0","1"
"pro-070","cobrazera","2|0|-3|0|0|4|0","3","1080","4","1","1","1","0","1","0","1"
"pro-070","cobrazera","2|0|-3|0|0|4|0","3","1440","6","1","1","1","1","0","0","1"
"pro-070","cobrazera","2|0|-3|0|0|4|0","3","2160","9","1","1","1","1","0","0","1"
"pro-071","BELCHONOKK","1|1|-4|0|0|4|0","1","720","1","1","0","1","0","0","0","1"
"pro-071","BELCHONOKK","1|1|-4|0|0|4|0","1","768","1","1","0","1","0","0","0","1"
"pro-071","BELCHONOKK","1|1|-4|0|0|4|0","1","960","2","2","1","1","1","1","1","0"
"pro-071","BELCHONOKK","1|1|-4|0|0|4|0","1","1024","2","2","1","1","1","1","1","0"
"pro-071","BELCHONOKK","1|1|-4|0|0|4|0","1","1080","2","2","1","1","1","1","1","1"
"pro-071","BELCHONOKK","1|1|-4|0|0|4|0","1","1440","3","3","1","1","1","0","0","1"
"pro-071","BELCHONOKK","1|1|-4|0|0|4|0","1","2160","4","4","2","1","0","0","0","1"
"pro-072","bLitz","1|1|-4|0|0|4|0","1","720","1","1","0","1","0","0","0","1"
"pro-072","bLitz","1|1|-4|0|0|4|0","1","768","1","1","0","1","0","0","0","1"
"pro-072","bLitz","1|1|-4|0|0|4|0","1","960","2","2","1","1","1","1","1","0"
"pro-072","bLitz","1|1|-4|0|0|4|0","1","1024","2","2","1","1","1","1","1","0"
"pro-072","bLitz","1|1|-4|0|0|4|0","1","1080","2","2","1","1","1","1","1","1"
"pro-072","bLitz","1|1|-4|0|0|4|0","1","1440","3","3","1","1","1","0","0","1"
"pro-072","bLitz","1|1|-4|0|0|4|0","1","2160","4","4","2","1","0","0","0","1"
"pro-073","AW","1|1|-4.5|0|0|4|0","4","720","1","1","0","1","0","0","0","1"
"pro-073","AW","1|1|-4.5|0|0|4|0","4","768","1","1","0","1","0","0","0","1"
"pro-073","AW","1|1|-4.5|0|0|4|0","4","960","2","2","1","1","1","1","1","0"
"pro-073","AW","1|1|-4.5|0|0|4|0","4","1024","2","2","1","1","1","1","1","0"
"pro-073","AW","1|1|-4.5|0|0|4|0","4","1080","2","2","1","1","1","1","1","0"
"pro-073","AW","1|1|-4.5|0|0|4|0","4","1440","3","3","1","1","1","0","0","0"
"pro-073","AW","1|1|-4.5|0|0|4|0","4","2160","4","4","2","1","0","0","0","0"
"pro-074","MAJ3R","1.5|1|-4|0|0|4|0","4","720","2","1","0","1","0","0","0","1"
"pro-074","MAJ3R","1.5|1|-4|0|0|4|0","4","768","2","1","0","1","0","0","0","1"
"pro-074","MAJ3R","1.5|1|-4|0|0|4|0","4","960","3","2","1","1","1","1","0","0"
"pro-074","MAJ3R","1.5|1|-4|0|0|4|0","4","1024","3","2","1","1","1","1","0","1"
"pro-074","MAJ3R","1.5|1|-4|0|0|4|0","4","1080","3","2","1","1","1","1","0","1"
"pro-074","MAJ3R","1.5|1|-4|0|0|4|0","4","1440","4","3","1","1","0","0","0","1"
"pro-074","MAJ3R","1.5|1|-4|0|0|4|0","4","2160","6","4","2","1","0","0","0","1"
"pro-075","torzsi","2|0|-3|0|0|4|0","3","720","3","1","1","1","1","0","0","1"
"pro-075","torzsi","2|0|-3|0|0|4|0","3","768","3","1","1","1","1","0","0","1"
"pro-075","torzsi","2|0|-3|0|0|4|0","3","960","4","1","1","1","1","1","0","1"
"pro-075","torzsi","2|0|-3|0|0|4|0","3","1024","4","1","1","1","1","1","0","1"
"pro-075","torzsi","2|0|-3|0|0|4|0","3","1080","4","1","1","1","0","1","0","1"
"pro-075","torzsi","2|0|-3|0|0|4|0","3","1440","6","1","1","1","1","0","0","1"
"pro-075","torzsi","2|0|-3|0|0|4|0","3","2160","9","1","1","1","1","0","0","1"
"pro-076","broky","2|1|-3|0|0|4|0","3","720","3","1","1","1","0","0","0","1"
"pro-076","broky","2|1|-3|0|0|4|0","3","768","3","1","1","1","0","0","0","1"
"pro-076","broky","2|1|-3|0|0|4|0","3","960","4","2","2","1","1","1","1","0"
"pro-076","broky","2|1|-3|0|0|4|0","3","1024","4","2","2","1","1","1","1","0"
"pro-076","broky","2|1|-3|0|0|4|0","3","1080","4","2","2","1","0","1","1","1"
"pro-076","broky","2|1|-3|0|0|4|0","3","1440","6","3","2","1","1","0","0","1"
"pro-076","broky","2|1|-3|0|0|4|0","3","2160","9","4","3","1","0","0","0","1"
"pro-077","tenzy","1|1|-4|0|0|4|0","1","720","1","1","0","1","0","0","0","1"
"pro-077","tenzy","1|1|-4|0|0|4|0","1","768","1","1","0","1","0","0","0","1"
"pro-077","tenzy","1|1|-4|0|0|4|0","1","960","2","2","1","1","1","1","1","0"
"pro-077","tenzy","1|1|-4|0|0|4|0","1","1024","2","2","1","1","1","1","1","0"
"pro-077","tenzy","1|1|-4|0|0|4|0","1","1080","2","2","1","1","1","1","1","1"
"pro-077","tenzy","1|1|-4|0|0|4|0","1","1440","3","3","1","1","1","0","0","1"
"pro-077","tenzy","1|1|-4|0|0|4|0","1","2160","4","4","2","1","0","0","0","1"
"pro-078","jcobbb","1|1|-4|0|0|4|0","1","720","1","1","0","1","0","0","0","1"
"pro-078","jcobbb","1|1|-4|0|0|4|0","1","768","1","1","0","1","0","0","0","1"
"pro-078","jcobbb","1|1|-4|0|0|4|0","1","960","2","2","1","1","1","1","1","0"
"pro-078","jcobbb","1|1|-4|0|0|4|0","1","1024","2","2","1","1","1","1","1","0"
"pro-078","jcobbb","1|1|-4|0|0|4|0","1","1080","2","2","1","1","1","1","1","1"
"pro-078","jcobbb","1|1|-4|0|0|4|0","1","1440","3","3","1","1","1","0","0","1"
"pro-078","jcobbb","1|1|-4|0|0|4|0","1","2160","4","4","2","1","0","0","0","1"
"pro-079","Aleksib","1|1|-4|0|0|4|0","1","720","1","1","0","1","0","0","0","1"
"pro-079","Aleksib","1|1|-4|0|0|4|0","1","768","1","1","0","1","0","0","0","1"
"pro-079","Aleksib","1|1|-4|0|0|4|0","1","960","2","2","1","1","1","1","1","0"
"pro-079","Aleksib","1|1|-4|0|0|4|0","1","1024","2","2","1","1","1","1","1","0"
"pro-079","Aleksib","1|1|-4|0|0|4|0","1","1080","2","2","1","1","1","1","1","1"
"pro-079","Aleksib","1|1|-4|0|0|4|0","1","1440","3","3","1","1","1","0","0","1"
"pro-079","Aleksib","1|1|-4|0|0|4|0","1","2160","4","4","2","1","0","0","0","1"
"pro-080","huNter-","2|1|-3|0|0|4|0","3","720","3","1","1","1","0","0","0","1"
"pro-080","huNter-","2|1|-3|0|0|4|0","3","768","3","1","1","1","0","0","0","1"
"pro-080","huNter-","2|1|-3|0|0|4|0","3","960","4","2","2","1","1","1","1","0"
"pro-080","huNter-","2|1|-3|0|0|4|0","3","1024","4","2","2","1","1","1","1","0"
"pro-080","huNter-","2|1|-3|0|0|4|0","3","1080","4","2","2","1","0","1","1","1"
"pro-080","huNter-","2|1|-3|0|0|4|0","3","1440","6","3","2","1","1","0","0","1"
"pro-080","huNter-","2|1|-3|0|0|4|0","3","2160","9","4","3","1","0","0","0","1"
"pro-081","nota","1|0.9|-4|0|0|4|0","1","720","1","1","0","1","0","0","0","1"
"pro-081","nota","1|0.9|-4|0|0|4|0","1","768","1","1","0","1","0","0","0","1"
"pro-081","nota","1|0.9|-4|0|0|4|0","1","960","2","1","0","1","0","1","0","0"
"pro-081","nota","1|0.9|-4|0|0|4|0","1","1024","2","1","0","1","0","1","0","0"
"pro-081","nota","1|0.9|-4|0|0|4|0","1","1080","2","2","1","1","1","0","0","0"
"pro-081","nota","1|0.9|-4|0|0|4|0","1","1440","3","2","1","1","0","0","0","1"
"pro-081","nota","1|0.9|-4|0|0|4|0","1","2160","4","4","2","1","0","0","0","1"
"pro-082","n1ssim","2|0.5|-3|0|0|4|0","1","720","3","1","1","1","1","0","0","1"
"pro-082","n1ssim","2|0.5|-3|0|0|4|0","1","768","3","1","1","1","1","0","0","1"
"pro-082","n1ssim","2|0.5|-3|0|0|4|0","1","960","4","1","1","1","1","1","1","1"
"pro-082","n1ssim","2|0.5|-3|0|0|4|0","1","1024","4","1","1","1","1","1","1","1"
"pro-082","n1ssim","2|0.5|-3|0|0|4|0","1","1080","4","1","1","1","0","1","1","1"
"pro-082","n1ssim","2|0.5|-3|0|0|4|0","1","1440","6","1","1","1","0","0","0","1"
"pro-082","n1ssim","2|0.5|-3|0|0|4|0","1","2160","9","2","2","1","1","0","0","1"
"pro-083","zont1x","2|0|-3|0|0|4|0","3","720","3","1","1","1","1","0","0","1"
"pro-083","zont1x","2|0|-3|0|0|4|0","3","768","3","1","1","1","1","0","0","1"
"pro-083","zont1x","2|0|-3|0|0|4|0","3","960","4","1","1","1","1","1","0","1"
"pro-083","zont1x","2|0|-3|0|0|4|0","3","1024","4","1","1","1","1","1","0","1"
"pro-083","zont1x","2|0|-3|0|0|4|0","3","1080","4","1","1","1","0","1","0","1"
"pro-083","zont1x","2|0|-3|0|0|4|0","3","1440","6","1","1","1","1","0","0","1"
"pro-083","zont1x","2|0|-3|0|0|4|0","3","2160","9","1","1","1","1","0","0","1"
"pro-084","Brollan","2|0|-3|0|0|4|0","3","720","3","1","1","1","1","0","0","1"
"pro-084","Brollan","2|0|-3|0|0|4|0","3","768","3","1","1","1","1","0","0","1"
"pro-084","Brollan","2|0|-3|0|0|4|0","3","960","4","1","1","1","1","1","0","1"
"pro-084","Brollan","2|0|-3|0|0|4|0","3","1024","4","1","1","1","1","1","0","1"
"pro-084","Brollan","2|0|-3|0|0|4|0","3","1080","4","1","1","1","0","1","0","1"
"pro-084","Brollan","2|0|-3|0|0|4|0","3","1440","6","1","1","1","1","0","0","1"
"pro-084","Brollan","2|0|-3|0|0|4|0","3","2160","9","1","1","1","1","0","0","1"
"pro-085","max","2.5|0.6|-2|0|0|4|0","2","720","3","1","2","1","0","0","0","1"
"pro-085","max","2.5|0.6|-2|0|0|4|0","2","768","4","1","2","1","1","0","0","1"
"pro-085","max","2.5|0.6|-2|0|0|4|0","2","960","5","1","2","1","1","1","0","1"
"pro-085","max","2.5|0.6|-2|0|0|4|0","2","1024","5","1","2","1","1","1","0","1"
"pro-085","max","2.5|0.6|-2|0|0|4|0","2","1080","5","1","2","1","0","1","0","1"
"pro-085","max","2.5|0.6|-2|0|0|4|0","2","1440","7","1","2","1","0","0","0","0"
"pro-085","max","2.5|0.6|-2|0|0|4|0","2","2160","11","2","3","1","0","0","0","1"
"pro-086","cmtry","0.7|0.5|-3.5|1|0|4|0","1","720","1","1","0","1","1","1","0","1"
"pro-086","cmtry","0.7|0.5|-3.5|1|0|4|0","1","768","1","1","0","1","1","1","0","1"
"pro-086","cmtry","0.7|0.5|-3.5|1|0|4|0","1","960","1","1","0","1","1","1","0","1"
"pro-086","cmtry","0.7|0.5|-3.5|1|0|4|0","1","1024","1","1","0","1","1","1","0","1"
"pro-086","cmtry","0.7|0.5|-3.5|1|0|4|0","1","1080","1","1","0","1","0","1","0","1"
"pro-086","cmtry","0.7|0.5|-3.5|1|0|4|0","1","1440","2","1","0","1","0","0","0","0"
"pro-086","cmtry","0.7|0.5|-3.5|1|0|4|0","1","2160","3","2","1","1","1","0","0","1"
"pro-087","mo0N","1|1|-4|0|0|4|0","1","720","1","1","0","1","0","0","0","1"
"pro-087","mo0N","1|1|-4|0|0|4|0","1","768","1","1","0","1","0","0","0","1"
"pro-087","mo0N","1|1|-4|0|0|4|0","1","960","2","2","1","1","1","1","1","0"
"pro-087","mo0N","1|1|-4|0|0|4|0","1","1024","2","2","1","1","1","1","1","0"
"pro-087","mo0N","1|1|-4|0|0|4|0","1","1080","2","2","1","1","1","1","1","1"
"pro-087","mo0N","1|1|-4|0|0|4|0","1","1440","3","3","1","1","1","0","0","1"
"pro-087","mo0N","1|1|-4|0|0|4|0","1","2160","4","4","2","1","0","0","0","1"
"pro-088","alex666","1|1|-4|0|0|4|0","1","720","1","1","0","1","0","0","0","1"
"pro-088","alex666","1|1|-4|0|0|4|0","1","768","1","1","0","1","0","0","0","1"
"pro-088","alex666","1|1|-4|0|0|4|0","1","960","2","2","1","1","1","1","1","0"
"pro-088","alex666","1|1|-4|0|0|4|0","1","1024","2","2","1","1","1","1","1","0"
"pro-088","alex666","1|1|-4|0|0|4|0","1","1080","2","2","1","1","1","1","1","1"
"pro-088","alex666","1|1|-4|0|0|4|0","1","1440","3","3","1","1","1","0","0","1"
"pro-088","alex666","1|1|-4|0|0|4|0","1","2160","4","4","2","1","0","0","0","1"
"pro-089","esenthial","0.8|0.8|-3.8|0|0|4|0","1","720","1","1","0","1","1","1","0","1"
"pro-089","esenthial","0.8|0.8|-3.8|0|0|4|0","1","768","1","1","0","1","1","1","0","1"
"pro-089","esenthial","0.8|0.8|-3.8|0|0|4|0","1","960","1","1","0","1","0","1","0","1"
"pro-089","esenthial","0.8|0.8|-3.8|0|0|4|0","1","1024","1","1","0","1","0","1","0","0"
"pro-089","esenthial","0.8|0.8|-3.8|0|0|4|0","1","1080","1","1","0","1","0","1","0","0"
"pro-089","esenthial","0.8|0.8|-3.8|0|0|4|0","1","1440","2","2","1","1","1","0","0","1"
"pro-089","esenthial","0.8|0.8|-3.8|0|0|4|0","1","2160","3","3","1","1","0","0","0","1"
"pro-090","HooXi","1.5|1|-4|0|0|4|0","4","720","2","1","0","1","0","0","0","1"
"pro-090","HooXi","1.5|1|-4|0|0|4|0","4","768","2","1","0","1","0","0","0","1"
"pro-090","HooXi","1.5|1|-4|0|0|4|0","4","960","3","2","1","1","1","1","0","0"
"pro-090","HooXi","1.5|1|-4|0|0|4|0","4","1024","3","2","1","1","1","1","0","1"
"pro-090","HooXi","1.5|1|-4|0|0|4|0","4","1080","3","2","1","1","1","1","0","1"
"pro-090","HooXi","1.5|1|-4|0|0|4|0","4","1440","4","3","1","1","0","0","0","1"
"pro-090","HooXi","1.5|1|-4|0|0|4|0","4","2160","6","4","2","1","0","0","0","1"
"pro-091","Snax","1|1|-4|0|0|4|0","1","720","1","1","0","1","0","0","0","1"
"pro-091","Snax","1|1|-4|0|0|4|0","1","768","1","1","0","1","0","0","0","1"
"pro-091","Snax","1|1|-4|0|0|4|0","1","960","2","2","1","1","1","1","1","0"
"pro-091","Snax","1|1|-4|0|0|4|0","1","1024","2","2","1","1","1","1","1","0"
"pro-091","Snax","1|1|-4|0|0|4|0","1","1080","2","2","1","1","1","1","1","1"
"pro-091","Snax","1|1|-4|0|0|4|0","1","1440","3","3","1","1","1","0","0","1"
"pro-091","Snax","1|1|-4|0|0|4|0","1","2160","4","4","2","1","0","0","0","1"
"pro-092","ryu","2|0|-4|0|0|4|0","0","720","3","1","0","1","1","0","0","1"
"pro-092","ryu","2|0|-4|0|0|4|0","0","768","3","1","0","1","1","0","0","1"
"pro-092","ryu","2|0|-4|0|0|4|0","0","960","4","1","0","1","1","1","0","1"
"pro-092","ryu","2|0|-4|0|0|4|0","0","1024","4","1","0","1","1","1","0","1"
"pro-092","ryu","2|0|-4|0|0|4|0","0","1080","4","1","0","1","0","1","0","1"
"pro-092","ryu","2|0|-4|0|0|4|0","0","1440","6","1","0","1","1","0","0","1"
"pro-092","ryu","2|0|-4|0|0|4|0","0","2160","9","1","0","1","1","0","0","1"
"pro-093","kensizor","1.4|1|-4|0|0|4|0","0","720","2","1","0","1","0","0","0","1"
"pro-093","kensizor","1.4|1|-4|0|0|4|0","0","768","2","1","0","1","0","0","0","1"
"pro-093","kensizor","1.4|1|-4|0|0|4|0","0","960","2","2","1","1","0","1","1","0"
"pro-093","kensizor","1.4|1|-4|0|0|4|0","0","1024","2","2","1","1","0","1","1","0"
"pro-093","kensizor","1.4|1|-4|0|0|4|0","0","1080","3","2","1","1","1","0","0","1"
"pro-093","kensizor","1.4|1|-4|0|0|4|0","0","1440","4","3","1","1","1","0","0","1"
"pro-093","kensizor","1.4|1|-4|0|0|4|0","0","2160","6","4","2","1","0","0","0","1"
"pro-094","karrigan","2.5|1|-3|0|0|4|0","2","720","3","1","1","1","0","0","0","1"
"pro-094","karrigan","2.5|1|-3|0|0|4|0","2","768","4","1","1","1","0","0","0","1"
"pro-094","karrigan","2.5|1|-3|0|0|4|0","2","960","5","2","2","1","1","1","0","0"
"pro-094","karrigan","2.5|1|-3|0|0|4|0","2","1024","5","2","2","1","1","1","0","0"
"pro-094","karrigan","2.5|1|-3|0|0|4|0","2","1080","5","2","2","1","0","1","0","1"
"pro-094","karrigan","2.5|1|-3|0|0|4|0","2","1440","7","3","2","1","0","0","0","1"
"pro-094","karrigan","2.5|1|-3|0|0|4|0","2","2160","11","4","3","1","0","0","0","1"
"pro-095","nilo","1|1|-3.1|0|0|4|0","0","720","1","1","0","1","0","0","0","0"
"pro-095","nilo","1|1|-3.1|0|0|4|0","0","768","1","1","0","1","0","0","0","0"
"pro-095","nilo","1|1|-3.1|0|0|4|0","0","960","2","2","1","1","1","1","1","1"
"pro-095","nilo","1|1|-3.1|0|0|4|0","0","1024","2","2","1","1","1","1","1","1"
"pro-095","nilo","1|1|-3.1|0|0|4|0","0","1080","2","2","1","1","1","1","1","1"
"pro-095","nilo","1|1|-3.1|0|0|4|0","0","1440","3","3","1","1","1","0","0","0"
"pro-095","nilo","1|1|-3.1|0|0|4|0","0","2160","4","4","2","1","0","0","0","0"
"pro-096","FL4MUS","1.3|1.4|-2.7|0|0|4|0","1","720","1","2","2","1","0","0","0","0"
"pro-096","FL4MUS","1.3|1.4|-2.7|0|0|4|0","1","768","2","2","2","1","1","1","0","1"
"pro-096","FL4MUS","1.3|1.4|-2.7|0|0|4|0","1","960","2","2","2","1","0","1","0","1"
"pro-096","FL4MUS","1.3|1.4|-2.7|0|0|4|0","1","1024","2","2","2","1","0","1","0","0"
"pro-096","FL4MUS","1.3|1.4|-2.7|0|0|4|0","1","1080","2","3","2","1","0","0","0","0"
"pro-096","FL4MUS","1.3|1.4|-2.7|0|0|4|0","1","1440","3","4","3","1","0","0","0","0"
"pro-096","FL4MUS","1.3|1.4|-2.7|0|0|4|0","1","2160","5","6","4","1","0","0","0","0"
"pro-097","misutaaa","1|1|-4|0|0|4|0","1","720","1","1","0","1","0","0","0","1"
"pro-097","misutaaa","1|1|-4|0|0|4|0","1","768","1","1","0","1","0","0","0","1"
"pro-097","misutaaa","1|1|-4|0|0|4|0","1","960","2","2","1","1","1","1","1","0"
"pro-097","misutaaa","1|1|-4|0|0|4|0","1","1024","2","2","1","1","1","1","1","0"
"pro-097","misutaaa","1|1|-4|0|0|4|0","1","1080","2","2","1","1","1","1","1","1"
"pro-097","misutaaa","1|1|-4|0|0|4|0","1","1440","3","3","1","1","1","0","0","1"
"pro-097","misutaaa","1|1|-4|0|0|4|0","1","2160","4","4","2","1","0","0","0","1"
"pro-098","S1ren","1|1|-4|0|0|4|0","1","720","1","1","0","1","0","0","0","1"
"pro-098","S1ren","1|1|-4|0|0|4|0","1","768","1","1","0","1","0","0","0","1"
"pro-098","S1ren","1|1|-4|0|0|4|0","1","960","2","2","1","1","1","1","1","0"
"pro-098","S1ren","1|1|-4|0|0|4|0","1","1024","2","2","1","1","1","1","1","0"
"pro-098","S1ren","1|1|-4|0|0|4|0","1","1080","2","2","1","1","1","1","1","1"
"pro-098","S1ren","1|1|-4|0|0|4|0","1","1440","3","3","1","1","1","0","0","1"
"pro-098","S1ren","1|1|-4|0|0|4|0","1","2160","4","4","2","1","0","0","0","1"
"pro-099","xfl0ud","1|1|-4|0|0|4|0","1","720","1","1","0","1","0","0","0","1"
"pro-099","xfl0ud","1|1|-4|0|0|4|0","1","768","1","1","0","1","0","0","0","1"
"pro-099","xfl0ud","1|1|-4|0|0|4|0","1","960","2","2","1","1","1","1","1","0"
"pro-099","xfl0ud","1|1|-4|0|0|4|0","1","1024","2","2","1","1","1","1","1","0"
"pro-099","xfl0ud","1|1|-4|0|0|4|0","1","1080","2","2","1","1","1","1","1","1"
"pro-099","xfl0ud","1|1|-4|0|0|4|0","1","1440","3","3","1","1","1","0","0","1"
"pro-099","xfl0ud","1|1|-4|0|0|4|0","1","2160","4","4","2","1","0","0","0","1"
"pro-100","zorte","1|1|-4|0|0|4|0","1","720","1","1","0","1","0","0","0","1"
"pro-100","zorte","1|1|-4|0|0|4|0","1","768","1","1","0","1","0","0","0","1"
"pro-100","zorte","1|1|-4|0|0|4|0","1","960","2","2","1","1","1","1","1","0"
"pro-100","zorte","1|1|-4|0|0|4|0","1","1024","2","2","1","1","1","1","1","0"
"pro-100","zorte","1|1|-4|0|0|4|0","1","1080","2","2","1","1","1","1","1","1"
"pro-100","zorte","1|1|-4|0|0|4|0","1","1440","3","3","1","1","1","0","0","1"
"pro-100","zorte","1|1|-4|0|0|4|0","1","2160","4","4","2","1","0","0","0","1"
"pro-101","donk","1|1.5|-4|0|0|4|0","3","720","1","2","1","1","0","0","0","1"
"pro-101","donk","1|1.5|-4|0|0|4|0","3","768","1","2","1","1","0","0","0","1"
"pro-101","donk","1|1.5|-4|0|0|4|0","3","960","2","3","1","1","1","1","1","1"
"pro-101","donk","1|1.5|-4|0|0|4|0","3","1024","2","3","1","1","1","1","1","1"
"pro-101","donk","1|1.5|-4|0|0|4|0","3","1080","2","3","1","1","1","1","1","1"
"pro-101","donk","1|1.5|-4|0|0|4|0","3","1440","3","4","2","1","0","0","0","1"
"pro-101","donk","1|1.5|-4|0|0|4|0","3","2160","4","6","3","1","0","0","0","1"
"pro-102","ZywOo","2|0.5|-3|0|0|4|0","1","720","3","1","1","1","1","0","0","1"
"pro-102","ZywOo","2|0.5|-3|0|0|4|0","1","768","3","1","1","1","1","0","0","1"
"pro-102","ZywOo","2|0.5|-3|0|0|4|0","1","960","4","1","1","1","1","1","1","1"
"pro-102","ZywOo","2|0.5|-3|0|0|4|0","1","1024","4","1","1","1","1","1","1","1"
"pro-102","ZywOo","2|0.5|-3|0|0|4|0","1","1080","4","1","1","1","0","1","1","1"
"pro-102","ZywOo","2|0.5|-3|0|0|4|0","1","1440","6","1","1","1","0","0","0","1"
"pro-102","ZywOo","2|0.5|-3|0|0|4|0","1","2160","9","2","2","1","1","0","0","1"
"pro-103","s1mple","1|1|-4.5|0|0|4|0","4","720","1","1","0","1","0","0","0","1"
"pro-103","s1mple","1|1|-4.5|0|0|4|0","4","768","1","1","0","1","0","0","0","1"
"pro-103","s1mple","1|1|-4.5|0|0|4|0","4","960","2","2","1","1","1","1","1","0"
"pro-103","s1mple","1|1|-4.5|0|0|4|0","4","1024","2","2","1","1","1","1","1","0"
"pro-103","s1mple","1|1|-4.5|0|0|4|0","4","1080","2","2","1","1","1","1","1","0"
"pro-103","s1mple","1|1|-4.5|0|0|4|0","4","1440","3","3","1","1","1","0","0","0"
"pro-103","s1mple","1|1|-4.5|0|0|4|0","4","2160","4","4","2","1","0","0","0","0"
"pro-104","m0NESY","1|1|-4|0|0|4|0","1","720","1","1","0","1","0","0","0","1"
"pro-104","m0NESY","1|1|-4|0|0|4|0","1","768","1","1","0","1","0","0","0","1"
"pro-104","m0NESY","1|1|-4|0|0|4|0","1","960","2","2","1","1","1","1","1","0"
"pro-104","m0NESY","1|1|-4|0|0|4|0","1","1024","2","2","1","1","1","1","1","0"
"pro-104","m0NESY","1|1|-4|0|0|4|0","1","1080","2","2","1","1","1","1","1","1"
"pro-104","m0NESY","1|1|-4|0|0|4|0","1","1440","3","3","1","1","1","0","0","1"
"pro-104","m0NESY","1|1|-4|0|0|4|0","1","2160","4","4","2","1","0","0","0","1"
"pro-105","NiKo","0|2|-4|1|0|4|0","0","720","0","3","1","1","1","0","0","1"
"pro-105","NiKo","0|2|-4|1|0|4|0","0","768","0","3","1","1","1","0","0","1"
"pro-105","NiKo","0|2|-4|1|0|4|0","0","960","0","4","2","1","1","1","1","0"
"pro-105","NiKo","0|2|-4|1|0|4|0","0","1024","0","4","2","1","1","1","1","1"
"pro-105","NiKo","0|2|-4|1|0|4|0","0","1080","0","4","2","1","0","1","1","1"
"pro-105","NiKo","0|2|-4|1|0|4|0","0","1440","0","6","3","1","1","0","0","0"
"pro-105","NiKo","0|2|-4|1|0|4|0","0","2160","0","9","4","1","1","0","0","0"
"pro-106","XANTARES","3|0.5|0|0|0|4|0","3","720","4","1","4","1","0","0","0","1"
"pro-106","XANTARES","3|0.5|0|0|0|4|0","3","768","4","1","4","1","0","0","0","1"
"pro-106","XANTARES","3|0.5|0|0|0|4|0","3","960","6","1","4","1","1","1","0","1"
"pro-106","XANTARES","3|0.5|0|0|0|4|0","3","1024","6","1","4","1","1","1","0","1"
"pro-106","XANTARES","3|0.5|0|0|0|4|0","3","1080","6","1","4","1","0","1","0","1"
"pro-106","XANTARES","3|0.5|0|0|0|4|0","3","1440","9","1","4","1","0","0","0","1"
"pro-106","XANTARES","3|0.5|0|0|0|4|0","3","2160","13","2","5","1","0","0","0","1"
"pro-107","ropz","2|0.5|-3|0|0|4|0","1","720","3","1","1","1","1","0","0","1"
"pro-107","ropz","2|0.5|-3|0|0|4|0","1","768","3","1","1","1","1","0","0","1"
"pro-107","ropz","2|0.5|-3|0|0|4|0","1","960","4","1","1","1","1","1","1","1"
"pro-107","ropz","2|0.5|-3|0|0|4|0","1","1024","4","1","1","1","1","1","1","1"
"pro-107","ropz","2|0.5|-3|0|0|4|0","1","1080","4","1","1","1","0","1","1","1"
"pro-107","ropz","2|0.5|-3|0|0|4|0","1","1440","6","1","1","1","0","0","0","1"
"pro-107","ropz","2|0.5|-3|0|0|4|0","1","2160","9","2","2","1","1","0","0","1"
"pro-108","kyousuke","1|1|-4|0|0|4|0","1","720","1","1","0","1","0","0","0","1"
"pro-108","kyousuke","1|1|-4|0|0|4|0","1","768","1","1","0","1","0","0","0","1"
"pro-108","kyousuke","1|1|-4|0|0|4|0","1","960","2","2","1","1","1","1","1","0"
"pro-108","kyousuke","1|1|-4|0|0|4|0","1","1024","2","2","1","1","1","1","1","0"
"pro-108","kyousuke","1|1|-4|0|0|4|0","1","1080","2","2","1","1","1","1","1","1"
"pro-108","kyousuke","1|1|-4|0|0|4|0","1","1440","3","3","1","1","1","0","0","1"
"pro-108","kyousuke","1|1|-4|0|0|4|0","1","2160","4","4","2","1","0","0","0","1"
"pro-109","sh1ro","1|1|-4|0|0|4|0","1","720","1","1","0","1","0","0","0","1"
"pro-109","sh1ro","1|1|-4|0|0|4|0","1","768","1","1","0","1","0","0","0","1"
"pro-109","sh1ro","1|1|-4|0|0|4|0","1","960","2","2","1","1","1","1","1","0"
"pro-109","sh1ro","1|1|-4|0|0|4|0","1","1024","2","2","1","1","1","1","1","0"
"pro-109","sh1ro","1|1|-4|0|0|4|0","1","1080","2","2","1","1","1","1","1","1"
"pro-109","sh1ro","1|1|-4|0|0|4|0","1","1440","3","3","1","1","1","0","0","1"
"pro-109","sh1ro","1|1|-4|0|0|4|0","1","2160","4","4","2","1","0","0","0","1"
"pro-110","try","1|1|-4|0|0|4|0","1","720","1","1","0","1","0","0","0","1"
"pro-110","try","1|1|-4|0|0|4|0","1","768","1","1","0","1","0","0","0","1"
"pro-110","try","1|1|-4|0|0|4|0","1","960","2","2","1","1","1","1","1","0"
"pro-110","try","1|1|-4|0|0|4|0","1","1024","2","2","1","1","1","1","1","0"
"pro-110","try","1|1|-4|0|0|4|0","1","1080","2","2","1","1","1","1","1","1"
"pro-110","try","1|1|-4|0|0|4|0","1","1440","3","3","1","1","1","0","0","1"
"pro-110","try","1|1|-4|0|0|4|0","1","2160","4","4","2","1","0","0","0","1"
"pro-111","KSCERATO","0.3|0.9|-4|0|0|4|0","0","720","0","1","0","1","1","1","0","1"
"pro-111","KSCERATO","0.3|0.9|-4|0|0|4|0","0","768","0","1","0","1","1","1","0","1"
"pro-111","KSCERATO","0.3|0.9|-4|0|0|4|0","0","960","0","1","0","1","0","1","0","0"
"pro-111","KSCERATO","0.3|0.9|-4|0|0|4|0","0","1024","0","1","0","1","0","1","0","0"
"pro-111","KSCERATO","0.3|0.9|-4|0|0|4|0","0","1080","0","2","1","1","0","0","0","0"
"pro-111","KSCERATO","0.3|0.9|-4|0|0|4|0","0","1440","0","2","1","1","0","0","0","0"
"pro-111","KSCERATO","0.3|0.9|-4|0|0|4|0","0","2160","1","4","2","1","1","0","0","1"
"pro-113","jcobbb","1|1|-4|0|0|4|0","1","720","1","1","0","1","0","0","0","1"
"pro-113","jcobbb","1|1|-4|0|0|4|0","1","768","1","1","0","1","0","0","0","1"
"pro-113","jcobbb","1|1|-4|0|0|4|0","1","960","2","2","1","1","1","1","1","0"
"pro-113","jcobbb","1|1|-4|0|0|4|0","1","1024","2","2","1","1","1","1","1","0"
"pro-113","jcobbb","1|1|-4|0|0|4|0","1","1080","2","2","1","1","1","1","1","1"
"pro-113","jcobbb","1|1|-4|0|0|4|0","1","1440","3","3","1","1","1","0","0","1"
"pro-113","jcobbb","1|1|-4|0|0|4|0","1","2160","4","4","2","1","0","0","0","1"
"pro-114","frozen","1|1|-4|0|0|4|0","1","720","1","1","0","1","0","0","0","1"
"pro-114","frozen","1|1|-4|0|0|4|0","1","768","1","1","0","1","0","0","0","1"
"pro-114","frozen","1|1|-4|0|0|4|0","1","960","2","2","1","1","1","1","1","0"
"pro-114","frozen","1|1|-4|0|0|4|0","1","1024","2","2","1","1","1","1","1","0"
"pro-114","frozen","1|1|-4|0|0|4|0","1","1080","2","2","1","1","1","1","1","1"
"pro-114","frozen","1|1|-4|0|0|4|0","1","1440","3","3","1","1","1","0","0","1"
"pro-114","frozen","1|1|-4|0|0|4|0","1","2160","4","4","2","1","0","0","0","1"
"pro-115","JBOEN","1|1|-4|0|0|4|0","1","720","1","1","0","1","0","0","0","1"
"pro-115","JBOEN","1|1|-4|0|0|4|0","1","768","1","1","0","1","0","0","0","1"
"pro-115","JBOEN","1|1|-4|0|0|4|0","1","960","2","2","1","1","1","1","1","0"
"pro-115","JBOEN","1|1|-4|0|0|4|0","1","1024","2","2","1","1","1","1","1","0"
"pro-115","JBOEN","1|1|-4|0|0|4|0","1","1080","2","2","1","1","1","1","1","1"
"pro-115","JBOEN","1|1|-4|0|0|4|0","1","1440","3","3","1","1","1","0","0","1"
"pro-115","JBOEN","1|1|-4|0|0|4|0","1","2160","4","4","2","1","0","0","0","1"
"pro-116","910","1|1|-4|0|0|4|0","1","720","1","1","0","1","0","0","0","1"
"pro-116","910","1|1|-4|0|0|4|0","1","768","1","1","0","1","0","0","0","1"
"pro-116","910","1|1|-4|0|0|4|0","1","960","2","2","1","1","1","1","1","0"
"pro-116","910","1|1|-4|0|0|4|0","1","1024","2","2","1","1","1","1","1","0"
"pro-116","910","1|1|-4|0|0|4|0","1","1080","2","2","1","1","1","1","1","1"
"pro-116","910","1|1|-4|0|0|4|0","1","1440","3","3","1","1","1","0","0","1"
"pro-116","910","1|1|-4|0|0|4|0","1","2160","4","4","2","1","0","0","0","1"
"pro-117","latto","1|1|-4|0|0|4|0","1","720","1","1","0","1","0","0","0","1"
"pro-117","latto","1|1|-4|0|0|4|0","1","768","1","1","0","1","0","0","0","1"
"pro-117","latto","1|1|-4|0|0|4|0","1","960","2","2","1","1","1","1","1","0"
"pro-117","latto","1|1|-4|0|0|4|0","1","1024","2","2","1","1","1","1","1","0"
"pro-117","latto","1|1|-4|0|0|4|0","1","1080","2","2","1","1","1","1","1","1"
"pro-117","latto","1|1|-4|0|0|4|0","1","1440","3","3","1","1","1","0","0","1"
"pro-117","latto","1|1|-4|0|0|4|0","1","2160","4","4","2","1","0","0","0","1"
"pro-118","NertZ","2|0|-3|0|0|4|0","3","720","3","1","1","1","1","0","0","1"
"pro-118","NertZ","2|0|-3|0|0|4|0","3","768","3","1","1","1","1","0","0","1"
"pro-118","NertZ","2|0|-3|0|0|4|0","3","960","4","1","1","1","1","1","0","1"
"pro-118","NertZ","2|0|-3|0|0|4|0","3","1024","4","1","1","1","1","1","0","1"
"pro-118","NertZ","2|0|-3|0|0|4|0","3","1080","4","1","1","1","0","1","0","1"
"pro-118","NertZ","2|0|-3|0|0|4|0","3","1440","6","1","1","1","1","0","0","1"
"pro-118","NertZ","2|0|-3|0|0|4|0","3","2160","9","1","1","1","1","0","0","1"
"pro-119","HUASOPEEK","1|0.1|-3.9|1|0|4|0","4","720","1","1","0","1","0","0","0","1"
"pro-119","HUASOPEEK","1|0.1|-3.9|1|0|4|0","4","768","1","1","0","1","0","0","0","1"
"pro-119","HUASOPEEK","1|0.1|-3.9|1|0|4|0","4","960","2","1","0","1","1","1","0","1"
"pro-119","HUASOPEEK","1|0.1|-3.9|1|0|4|0","4","1024","2","1","0","1","1","1","0","1"
"pro-119","HUASOPEEK","1|0.1|-3.9|1|0|4|0","4","1080","2","1","0","1","1","1","0","1"
"pro-119","HUASOPEEK","1|0.1|-3.9|1|0|4|0","4","1440","3","1","0","1","1","0","0","1"
"pro-119","HUASOPEEK","1|0.1|-3.9|1|0|4|0","4","2160","4","1","0","1","0","0","0","1"
"pro-120","insani","0.5|0|-3|0|0|4|0","1","720","0","1","1","1","0","0","0","1"
"pro-120","insani","0.5|0|-3|0|0|4|0","1","768","0","1","1","1","0","0","0","0"
"pro-120","insani","0.5|0|-3|0|0|4|0","1","960","1","1","1","1","1","1","0","1"
"pro-120","insani","0.5|0|-3|0|0|4|0","1","1024","1","1","1","1","1","1","0","1"
"pro-120","insani","0.5|0|-3|0|0|4|0","1","1080","1","1","1","1","1","1","0","1"
"pro-120","insani","0.5|0|-3|0|0|4|0","1","1440","1","1","1","1","0","1","0","1"
"pro-120","insani","0.5|0|-3|0|0|4|0","1","2160","2","1","1","1","1","0","0","1"
"pro-121","Magnojez","2|0|-3|0|0|4|0","3","720","3","1","1","1","1","0","0","1"
"pro-121","Magnojez","2|0|-3|0|0|4|0","3","768","3","1","1","1","1","0","0","1"
"pro-121","Magnojez","2|0|-3|0|0|4|0","3","960","4","1","1","1","1","1","0","1"
"pro-121","Magnojez","2|0|-3|0|0|4|0","3","1024","4","1","1","1","1","1","0","1"
"pro-121","Magnojez","2|0|-3|0|0|4|0","3","1080","4","1","1","1","0","1","0","1"
"pro-121","Magnojez","2|0|-3|0|0|4|0","3","1440","6","1","1","1","1","0","0","1"
"pro-121","Magnojez","2|0|-3|0|0|4|0","3","2160","9","1","1","1","1","0","0","1"
"pro-122","HeavyGod","1|1|-4|0|0|4|0","1","720","1","1","0","1","0","0","0","1"
"pro-122","HeavyGod","1|1|-4|0|0|4|0","1","768","1","1","0","1","0","0","0","1"
"pro-122","HeavyGod","1|1|-4|0|0|4|0","1","960","2","2","1","1","1","1","1","0"
"pro-122","HeavyGod","1|1|-4|0|0|4|0","1","1024","2","2","1","1","1","1","1","0"
"pro-122","HeavyGod","1|1|-4|0|0|4|0","1","1080","2","2","1","1","1","1","1","1"
"pro-122","HeavyGod","1|1|-4|0|0|4|0","1","1440","3","3","1","1","1","0","0","1"
"pro-122","HeavyGod","1|1|-4|0|0|4|0","1","2160","4","4","2","1","0","0","0","1"
"pro-123","w0nderful","1|1|-4|0|0|4|0","1","720","1","1","0","1","0","0","0","1"
"pro-123","w0nderful","1|1|-4|0|0|4|0","1","768","1","1","0","1","0","0","0","1"
"pro-123","w0nderful","1|1|-4|0|0|4|0","1","960","2","2","1","1","1","1","1","0"
"pro-123","w0nderful","1|1|-4|0|0|4|0","1","1024","2","2","1","1","1","1","1","0"
"pro-123","w0nderful","1|1|-4|0|0|4|0","1","1080","2","2","1","1","1","1","1","1"
"pro-123","w0nderful","1|1|-4|0|0|4|0","1","1440","3","3","1","1","1","0","0","1"
"pro-123","w0nderful","1|1|-4|0|0|4|0","1","2160","4","4","2","1","0","0","0","1"
"pro-124","dem0n","1|1|-4|0|0|4|0","1","720","1","1","0","1","0","0","0","1"
"pro-124","dem0n","1|1|-4|0|0|4|0","1","768","1","1","0","1","0","0","0","1"
"pro-124","dem0n","1|1|-4|0|0|4|0","1","960","2","2","1","1","1","1","1","0"
"pro-124","dem0n","1|1|-4|0|0|4|0","1","1024","2","2","1","1","1","1","1","0"
"pro-124","dem0n","1|1|-4|0|0|4|0","1","1080","2","2","1","1","1","1","1","1"
"pro-124","dem0n","1|1|-4|0|0|4|0","1","1440","3","3","1","1","1","0","0","1"
"pro-124","dem0n","1|1|-4|0|0|4|0","1","2160","4","4","2","1","0","0","0","1"
"pro-125","blameF","1|1|-4|1|0|4|0","1","720","1","1","0","1","0","0","0","1"
"pro-125","blameF","1|1|-4|1|0|4|0","1","768","1","1","0","1","0","0","0","1"
"pro-125","blameF","1|1|-4|1|0|4|0","1","960","2","2","1","1","1","1","1","0"
"pro-125","blameF","1|1|-4|1|0|4|0","1","1024","2","2","1","1","1","1","1","0"
"pro-125","blameF","1|1|-4|1|0|4|0","1","1080","2","2","1","1","1","1","1","1"
"pro-125","blameF","1|1|-4|1|0|4|0","1","1440","3","3","1","1","1","0","0","1"
"pro-125","blameF","1|1|-4|1|0|4|0","1","2160","4","4","2","1","0","0","0","1"
"pro-126","tomaszin","2.5|0.1|-2.5|0|0|4|0","3","720","3","1","1","1","0","0","0","1"
"pro-126","tomaszin","2.5|0.1|-2.5|0|0|4|0","3","768","4","1","1","1","1","0","0","1"
"pro-126","tomaszin","2.5|0.1|-2.5|0|0|4|0","3","960","5","1","1","1","1","1","0","1"
"pro-126","tomaszin","2.5|0.1|-2.5|0|0|4|0","3","1024","5","1","1","1","1","1","0","1"
"pro-126","tomaszin","2.5|0.1|-2.5|0|0|4|0","3","1080","5","1","1","1","0","1","0","1"
"pro-126","tomaszin","2.5|0.1|-2.5|0|0|4|0","3","1440","7","1","1","1","0","0","0","1"
"pro-126","tomaszin","2.5|0.1|-2.5|0|0|4|0","3","2160","11","1","1","1","1","0","0","1"
"pro-127","npl","1|1|-4|1|0|4|0","1","720","1","1","0","1","0","0","0","1"
"pro-127","npl","1|1|-4|1|0|4|0","1","768","1","1","0","1","0","0","0","1"
"pro-127","npl","1|1|-4|1|0|4|0","1","960","2","2","1","1","1","1","1","0"
"pro-127","npl","1|1|-4|1|0|4|0","1","1024","2","2","1","1","1","1","1","0"
"pro-127","npl","1|1|-4|1|0|4|0","1","1080","2","2","1","1","1","1","1","1"
"pro-127","npl","1|1|-4|1|0|4|0","1","1440","3","3","1","1","1","0","0","1"
"pro-127","npl","1|1|-4|1|0|4|0","1","2160","4","4","2","1","0","0","0","1"
"pro-128","tenzy","1|1|-4|0|0|4|0","1","720","1","1","0","1","0","0","0","1"
"pro-128","tenzy","1|1|-4|0|0|4|0","1","768","1","1","0","1","0","0","0","1"
"pro-128","tenzy","1|1|-4|0|0|4|0","1","960","2","2","1","1","1","1","1","0"
"pro-128","tenzy","1|1|-4|0|0|4|0","1","1024","2","2","1","1","1","1","1","0"
"pro-128","tenzy","1|1|-4|0|0|4|0","1","1080","2","2","1","1","1","1","1","1"
"pro-128","tenzy","1|1|-4|0|0|4|0","1","1440","3","3","1","1","1","0","0","1"
"pro-128","tenzy","1|1|-4|0|0|4|0","1","2160","4","4","2","1","0","0","0","1"
"pro-129","dumau","1|1|-4|0|0|4|0","1","720","1","1","0","1","0","0","0","1"
"pro-129","dumau","1|1|-4|0|0|4|0","1","768","1","1","0","1","0","0","0","1"
"pro-129","dumau","1|1|-4|0|0|4|0","1","960","2","2","1","1","1","1","1","0"
"pro-129","dumau","1|1|-4|0|0|4|0","1","1024","2","2","1","1","1","1","1","0"
"pro-129","dumau","1|1|-4|0|0|4|0","1","1080","2","2","1","1","1","1","1","1"
"pro-129","dumau","1|1|-4|0|0|4|0","1","1440","3","3","1","1","1","0","0","1"
"pro-129","dumau","1|1|-4|0|0|4|0","1","2160","4","4","2","1","0","0","0","1"
"pro-130","molodoy","1|0.5|-3|0|0|4|0","2","720","1","1","1","1","0","0","0","1"
"pro-130","molodoy","1|0.5|-3|0|0|4|0","2","768","1","1","1","1","0","0","0","1"
"pro-130","molodoy","1|0.5|-3|0|0|4|0","2","960","2","1","1","1","1","1","1","1"
"pro-130","molodoy","1|0.5|-3|0|0|4|0","2","1024","2","1","1","1","1","1","1","1"
"pro-130","molodoy","1|0.5|-3|0|0|4|0","2","1080","2","1","1","1","1","1","1","1"
"pro-130","molodoy","1|0.5|-3|0|0|4|0","2","1440","3","1","1","1","0","0","0","1"
"pro-130","molodoy","1|0.5|-3|0|0|4|0","2","2160","4","2","2","1","0","0","0","1"
"pro-131","donk","1|1|-4|0|0|4|0","1","720","1","1","0","1","0","0","0","1"
"pro-131","donk","1|1|-4|0|0|4|0","1","768","1","1","0","1","0","0","0","1"
"pro-131","donk","1|1|-4|0|0|4|0","1","960","2","2","1","1","1","1","1","0"
"pro-131","donk","1|1|-4|0|0|4|0","1","1024","2","2","1","1","1","1","1","0"
"pro-131","donk","1|1|-4|0|0|4|0","1","1080","2","2","1","1","1","1","1","1"
"pro-131","donk","1|1|-4|0|0|4|0","1","1440","3","3","1","1","1","0","0","1"
"pro-131","donk","1|1|-4|0|0|4|0","1","2160","4","4","2","1","0","0","0","1"
"pro-132","ZywOo","2|0|-3|0|0|4|0","3","720","3","1","1","1","1","0","0","1"
"pro-132","ZywOo","2|0|-3|0|0|4|0","3","768","3","1","1","1","1","0","0","1"
"pro-132","ZywOo","2|0|-3|0|0|4|0","3","960","4","1","1","1","1","1","0","1"
"pro-132","ZywOo","2|0|-3|0|0|4|0","3","1024","4","1","1","1","1","1","0","1"
"pro-132","ZywOo","2|0|-3|0|0|4|0","3","1080","4","1","1","1","0","1","0","1"
"pro-132","ZywOo","2|0|-3|0|0|4|0","3","1440","6","1","1","1","1","0","0","1"
"pro-132","ZywOo","2|0|-3|0|0|4|0","3","2160","9","1","1","1","1","0","0","1"
"pro-133","s1mple","1|1|-4.5|0|0|4|0","4","720","1","1","0","1","0","0","0","1"
"pro-133","s1mple","1|1|-4.5|0|0|4|0","4","768","1","1","0","1","0","0","0","1"
"pro-133","s1mple","1|1|-4.5|0|0|4|0","4","960","2","2","1","1","1","1","1","0"
"pro-133","s1mple","1|1|-4.5|0|0|4|0","4","1024","2","2","1","1","1","1","1","0"
"pro-133","s1mple","1|1|-4.5|0|0|4|0","4","1080","2","2","1","1","1","1","1","0"
"pro-133","s1mple","1|1|-4.5|0|0|4|0","4","1440","3","3","1","1","1","0","0","0"
"pro-133","s1mple","1|1|-4.5|0|0|4|0","4","2160","4","4","2","1","0","0","0","0"
"pro-134","NiKo","0|2|-4|1|0|4|0","0","720","0","3","1","1","1","0","0","1"
"pro-134","NiKo","0|2|-4|1|0|4|0","0","768","0","3","1","1","1","0","0","1"
"pro-134","NiKo","0|2|-4|1|0|4|0","0","960","0","4","2","1","1","1","1","0"
"pro-134","NiKo","0|2|-4|1|0|4|0","0","1024","0","4","2","1","1","1","1","1"
"pro-134","NiKo","0|2|-4|1|0|4|0","0","1080","0","4","2","1","0","1","1","1"
"pro-134","NiKo","0|2|-4|1|0|4|0","0","1440","0","6","3","1","1","0","0","0"
"pro-134","NiKo","0|2|-4|1|0|4|0","0","2160","0","9","4","1","1","0","0","0"
"pro-135","m0NESY","1|1|-4|0|0|4|0","1","720","1","1","0","1","0","0","0","1"
"pro-135","m0NESY","1|1|-4|0|0|4|0","1","768","1","1","0","1","0","0","0","1"
"pro-135","m0NESY","1|1|-4|0|0|4|0","1","960","2","2","1","1","1","1","1","0"
"pro-135","m0NESY","1|1|-4|0|0|4|0","1","1024","2","2","1","1","1","1","1","0"
"pro-135","m0NESY","1|1|-4|0|0|4|0","1","1080","2","2","1","1","1","1","1","1"
"pro-135","m0NESY","1|1|-4|0|0|4|0","1","1440","3","3","1","1","1","0","0","1"
"pro-135","m0NESY","1|1|-4|0|0|4|0","1","2160","4","4","2","1","0","0","0","1"
"pro-136","ropz","2|0.5|-3|0|0|4|0","1","720","3","1","1","1","1","0","0","1"
"pro-136","ropz","2|0.5|-3|0|0|4|0","1","768","3","1","1","1","1","0","0","1"
"pro-136","ropz","2|0.5|-3|0|0|4|0","1","960","4","1","1","1","1","1","1","1"
"pro-136","ropz","2|0.5|-3|0|0|4|0","1","1024","4","1","1","1","1","1","1","1"
"pro-136","ropz","2|0.5|-3|0|0|4|0","1","1080","4","1","1","1","0","1","1","1"
"pro-136","ropz","2|0.5|-3|0|0|4|0","1","1440","6","1","1","1","0","0","0","1"
"pro-136","ropz","2|0.5|-3|0|0|4|0","1","2160","9","2","2","1","1","0","0","1"
"pro-137","XANTARES","3|0.5|0|0|0|4|0","3","720","4","1","4","1","0","0","0","1"
"pro-137","XANTARES","3|0.5|0|0|0|4|0","3","768","4","1","4","1","0","0","0","1"
"pro-137","XANTARES","3|0.5|0|0|0|4|0","3","960","6","1","4","1","1","1","0","1"
"pro-137","XANTARES","3|0.5|0|0|0|4|0","3","1024","6","1","4","1","1","1","0","1"
"pro-137","XANTARES","3|0.5|0|0|0|4|0","3","1080","6","1","4","1","0","1","0","1"
"pro-137","XANTARES","3|0.5|0|0|0|4|0","3","1440","9","1","4","1","0","0","0","1"
"pro-137","XANTARES","3|0.5|0|0|0|4|0","3","2160","13","2","5","1","0","0","0","1"
"pro-138","karrigan","1.5|1|-3|0|0|4|0","1","720","2","1","1","1","0","0","0","1"
"pro-138","karrigan","1.5|1|-3|0|0|4|0","1","768","2","1","1","1","0","0","0","1"
"pro-138","karrigan","1.5|1|-3|0|0|4|0","1","960","3","2","2","1","1","1","0","0"
"pro-138","karrigan","1.5|1|-3|0|0|4|0","1","1024","3","2","2","1","1","1","0","0"
"pro-138","karrigan","1.5|1|-3|0|0|4|0","1","1080","3","2","2","1","1","1","0","1"
"pro-138","karrigan","1.5|1|-3|0|0|4|0","1","1440","4","3","2","1","0","0","0","1"
"pro-138","karrigan","1.5|1|-3|0|0|4|0","1","2160","6","4","3","1","0","0","0","1"
"pro-139","0SAMAS","1|1|-4|0|0|4|0","1","720","1","1","0","1","0","0","0","1"
"pro-139","0SAMAS","1|1|-4|0|0|4|0","1","768","1","1","0","1","0","0","0","1"
"pro-139","0SAMAS","1|1|-4|0|0|4|0","1","960","2","2","1","1","1","1","1","0"
"pro-139","0SAMAS","1|1|-4|0|0|4|0","1","1024","2","2","1","1","1","1","1","0"
"pro-139","0SAMAS","1|1|-4|0|0|4|0","1","1080","2","2","1","1","1","1","1","1"
"pro-139","0SAMAS","1|1|-4|0|0|4|0","1","1440","3","3","1","1","1","0","0","1"
"pro-139","0SAMAS","1|1|-4|0|0|4|0","1","2160","4","4","2","1","0","0","0","1"
"pro-140","18yM","1|1|-4|0|0|4|0","1","720","1","1","0","1","0","0","0","1"
"pro-140","18yM","1|1|-4|0|0|4|0","1","768","1","1","0","1","0","0","0","1"
"pro-140","18yM","1|1|-4|0|0|4|0","1","960","2","2","1","1","1","1","1","0"
"pro-140","18yM","1|1|-4|0|0|4|0","1","1024","2","2","1","1","1","1","1","0"
"pro-140","18yM","1|1|-4|0|0|4|0","1","1080","2","2","1","1","1","1","1","1"
"pro-140","18yM","1|1|-4|0|0|4|0","1","1440","3","3","1","1","1","0","0","1"
"pro-140","18yM","1|1|-4|0|0|4|0","1","2160","4","4","2","1","0","0","0","1"
"pro-141","1eeR","1|0|-4|0|0|4|0","3","720","1","1","0","1","0","0","0","1"
"pro-141","1eeR","1|0|-4|0|0|4|0","3","768","1","1","0","1","0","0","0","1"
"pro-141","1eeR","1|0|-4|0|0|4|0","3","960","2","1","0","1","1","1","0","1"
"pro-141","1eeR","1|0|-4|0|0|4|0","3","1024","2","1","0","1","1","1","0","1"
"pro-141","1eeR","1|0|-4|0|0|4|0","3","1080","2","1","0","1","1","1","0","1"
"pro-141","1eeR","1|0|-4|0|0|4|0","3","1440","3","1","0","1","1","0","0","1"
"pro-141","1eeR","1|0|-4|0|0|4|0","3","2160","4","1","0","1","0","0","0","1"
"pro-142","1NVISIBLEE","1|1|-4|0|0|4|0","1","720","1","1","0","1","0","0","0","1"
"pro-142","1NVISIBLEE","1|1|-4|0|0|4|0","1","768","1","1","0","1","0","0","0","1"
"pro-142","1NVISIBLEE","1|1|-4|0|0|4|0","1","960","2","2","1","1","1","1","1","0"
"pro-142","1NVISIBLEE","1|1|-4|0|0|4|0","1","1024","2","2","1","1","1","1","1","0"
"pro-142","1NVISIBLEE","1|1|-4|0|0|4|0","1","1080","2","2","1","1","1","1","1","1"
"pro-142","1NVISIBLEE","1|1|-4|0|0|4|0","1","1440","3","3","1","1","1","0","0","1"
"pro-142","1NVISIBLEE","1|1|-4|0|0|4|0","1","2160","4","4","2","1","0","0","0","1"
"pro-143","7Kick","1|1|-4|0|0|4|0","1","720","1","1","0","1","0","0","0","1"
"pro-143","7Kick","1|1|-4|0|0|4|0","1","768","1","1","0","1","0","0","0","1"
"pro-143","7Kick","1|1|-4|0|0|4|0","1","960","2","2","1","1","1","1","1","0"
"pro-143","7Kick","1|1|-4|0|0|4|0","1","1024","2","2","1","1","1","1","1","0"
"pro-143","7Kick","1|1|-4|0|0|4|0","1","1080","2","2","1","1","1","1","1","1"
"pro-143","7Kick","1|1|-4|0|0|4|0","1","1440","3","3","1","1","1","0","0","1"
"pro-143","7Kick","1|1|-4|0|0|4|0","1","2160","4","4","2","1","0","0","0","1"
"pro-144","7nation","2|0|-3|0|0|4|0","3","720","3","1","1","1","1","0","0","1"
"pro-144","7nation","2|0|-3|0|0|4|0","3","768","3","1","1","1","1","0","0","1"
"pro-144","7nation","2|0|-3|0|0|4|0","3","960","4","1","1","1","1","1","0","1"
"pro-144","7nation","2|0|-3|0|0|4|0","3","1024","4","1","1","1","1","1","0","1"
"pro-144","7nation","2|0|-3|0|0|4|0","3","1080","4","1","1","1","0","1","0","1"
"pro-144","7nation","2|0|-3|0|0|4|0","3","1440","6","1","1","1","1","0","0","1"
"pro-144","7nation","2|0|-3|0|0|4|0","3","2160","9","1","1","1","1","0","0","1"
"pro-145","910","1|1|-4|0|0|4|0","1","720","1","1","0","1","0","0","0","1"
"pro-145","910","1|1|-4|0|0|4|0","1","768","1","1","0","1","0","0","0","1"
"pro-145","910","1|1|-4|0|0|4|0","1","960","2","2","1","1","1","1","1","0"
"pro-145","910","1|1|-4|0|0|4|0","1","1024","2","2","1","1","1","1","1","0"
"pro-145","910","1|1|-4|0|0|4|0","1","1080","2","2","1","1","1","1","1","1"
"pro-145","910","1|1|-4|0|0|4|0","1","1440","3","3","1","1","1","0","0","1"
"pro-145","910","1|1|-4|0|0|4|0","1","2160","4","4","2","1","0","0","0","1"
"pro-146","957","0|0.5|-3|1|0|4|0","0","720","0","1","1","1","1","1","1","1"
"pro-146","957","0|0.5|-3|1|0|4|0","0","768","0","1","1","1","1","1","1","1"
"pro-146","957","0|0.5|-3|1|0|4|0","0","960","0","1","1","1","1","1","1","1"
"pro-146","957","0|0.5|-3|1|0|4|0","0","1024","0","1","1","1","1","1","1","1"
"pro-146","957","0|0.5|-3|1|0|4|0","0","1080","0","1","1","1","1","1","1","1"
"pro-146","957","0|0.5|-3|1|0|4|0","0","1440","0","1","1","1","0","1","1","1"
"pro-146","957","0|0.5|-3|1|0|4|0","0","2160","0","2","2","1","1","0","0","1"
"pro-147","Aaron","1|0.5|-3|0|0|4|0","2","720","1","1","1","1","0","0","0","1"
"pro-147","Aaron","1|0.5|-3|0|0|4|0","2","768","1","1","1","1","0","0","0","1"
"pro-147","Aaron","1|0.5|-3|0|0|4|0","2","960","2","1","1","1","1","1","1","1"
"pro-147","Aaron","1|0.5|-3|0|0|4|0","2","1024","2","1","1","1","1","1","1","1"
"pro-147","Aaron","1|0.5|-3|0|0|4|0","2","1080","2","1","1","1","1","1","1","1"
"pro-147","Aaron","1|0.5|-3|0|0|4|0","2","1440","3","1","1","1","0","0","0","1"
"pro-147","Aaron","1|0.5|-3|0|0|4|0","2","2160","4","2","2","1","0","0","0","1"
"pro-148","abiraju","1|0|-3|0|0|4|0","2","720","1","1","1","1","0","0","0","1"
"pro-148","abiraju","1|0|-3|0|0|4|0","2","768","1","1","1","1","0","0","0","1"
"pro-148","abiraju","1|0|-3|0|0|4|0","2","960","2","1","1","1","1","1","0","1"
"pro-148","abiraju","1|0|-3|0|0|4|0","2","1024","2","1","1","1","1","1","0","1"
"pro-148","abiraju","1|0|-3|0|0|4|0","2","1080","2","1","1","1","1","1","0","1"
"pro-148","abiraju","1|0|-3|0|0|4|0","2","1440","3","1","1","1","1","0","0","1"
"pro-148","abiraju","1|0|-3|0|0|4|0","2","2160","4","1","1","1","0","0","0","1"
"pro-149","abizz","1|1|-4|0|0|4|0","1","720","1","1","0","1","0","0","0","1"
"pro-149","abizz","1|1|-4|0|0|4|0","1","768","1","1","0","1","0","0","0","1"
"pro-149","abizz","1|1|-4|0|0|4|0","1","960","2","2","1","1","1","1","1","0"
"pro-149","abizz","1|1|-4|0|0|4|0","1","1024","2","2","1","1","1","1","1","0"
"pro-149","abizz","1|1|-4|0|0|4|0","1","1080","2","2","1","1","1","1","1","1"
"pro-149","abizz","1|1|-4|0|0|4|0","1","1440","3","3","1","1","1","0","0","1"
"pro-149","abizz","1|1|-4|0|0|4|0","1","2160","4","4","2","1","0","0","0","1"
"pro-150","abr","1|1|-4|0|0|4|0","1","720","1","1","0","1","0","0","0","1"
"pro-150","abr","1|1|-4|0|0|4|0","1","768","1","1","0","1","0","0","0","1"
"pro-150","abr","1|1|-4|0|0|4|0","1","960","2","2","1","1","1","1","1","0"
"pro-150","abr","1|1|-4|0|0|4|0","1","1024","2","2","1","1","1","1","1","0"
"pro-150","abr","1|1|-4|0|0|4|0","1","1080","2","2","1","1","1","1","1","1"
"pro-150","abr","1|1|-4|0|0|4|0","1","1440","3","3","1","1","1","0","0","1"
"pro-150","abr","1|1|-4|0|0|4|0","1","2160","4","4","2","1","0","0","0","1"
"pro-151","AccuracyTG","2.5|0|-3|0|0|4|0","3","720","3","1","1","1","0","0","0","1"
"pro-151","AccuracyTG","2.5|0|-3|0|0|4|0","3","768","4","1","1","1","1","0","0","1"
"pro-151","AccuracyTG","2.5|0|-3|0|0|4|0","3","960","5","1","1","1","1","1","0","1"
"pro-151","AccuracyTG","2.5|0|-3|0|0|4|0","3","1024","5","1","1","1","1","1","0","1"
"pro-151","AccuracyTG","2.5|0|-3|0|0|4|0","3","1080","5","1","1","1","0","1","0","1"
"pro-151","AccuracyTG","2.5|0|-3|0|0|4|0","3","1440","7","1","1","1","0","0","0","1"
"pro-151","AccuracyTG","2.5|0|-3|0|0|4|0","3","2160","11","1","1","1","1","0","0","1"
"pro-152","acoR","1|1|-4|0|0|4|0","1","720","1","1","0","1","0","0","0","1"
"pro-152","acoR","1|1|-4|0|0|4|0","1","768","1","1","0","1","0","0","0","1"
"pro-152","acoR","1|1|-4|0|0|4|0","1","960","2","2","1","1","1","1","1","0"
"pro-152","acoR","1|1|-4|0|0|4|0","1","1024","2","2","1","1","1","1","1","0"
"pro-152","acoR","1|1|-4|0|0|4|0","1","1080","2","2","1","1","1","1","1","1"
"pro-152","acoR","1|1|-4|0|0|4|0","1","1440","3","3","1","1","1","0","0","1"
"pro-152","acoR","1|1|-4|0|0|4|0","1","2160","4","4","2","1","0","0","0","1"
"pro-153","adam","2|0.5|-2.9|0|0|4|0","1","720","3","1","1","1","1","0","0","1"
"pro-153","adam","2|0.5|-2.9|0|0|4|0","1","768","3","1","1","1","1","0","0","1"
"pro-153","adam","2|0.5|-2.9|0|0|4|0","1","960","4","1","1","1","1","1","1","1"
"pro-153","adam","2|0.5|-2.9|0|0|4|0","1","1024","4","1","1","1","1","1","1","1"
"pro-153","adam","2|0.5|-2.9|0|0|4|0","1","1080","4","1","1","1","0","1","1","1"
"pro-153","adam","2|0.5|-2.9|0|0|4|0","1","1440","6","1","1","1","0","0","0","1"
"pro-153","adam","2|0.5|-2.9|0|0|4|0","1","2160","9","2","2","1","1","0","0","1"
"pro-154","adamb","1|1|-4|0|0|4|0","1","720","1","1","0","1","0","0","0","1"
"pro-154","adamb","1|1|-4|0|0|4|0","1","768","1","1","0","1","0","0","0","1"
"pro-154","adamb","1|1|-4|0|0|4|0","1","960","2","2","1","1","1","1","1","0"
"pro-154","adamb","1|1|-4|0|0|4|0","1","1024","2","2","1","1","1","1","1","0"
"pro-154","adamb","1|1|-4|0|0|4|0","1","1080","2","2","1","1","1","1","1","1"
"pro-154","adamb","1|1|-4|0|0|4|0","1","1440","3","3","1","1","1","0","0","1"
"pro-154","adamb","1|1|-4|0|0|4|0","1","2160","4","4","2","1","0","0","0","1"
"pro-155","ADDICT","1|0|-4|0|0|4|0","3","720","1","1","0","1","0","0","0","1"
"pro-155","ADDICT","1|0|-4|0|0|4|0","3","768","1","1","0","1","0","0","0","1"
"pro-155","ADDICT","1|0|-4|0|0|4|0","3","960","2","1","0","1","1","1","0","1"
"pro-155","ADDICT","1|0|-4|0|0|4|0","3","1024","2","1","0","1","1","1","0","1"
"pro-155","ADDICT","1|0|-4|0|0|4|0","3","1080","2","1","0","1","1","1","0","1"
"pro-155","ADDICT","1|0|-4|0|0|4|0","3","1440","3","1","0","1","1","0","0","1"
"pro-155","ADDICT","1|0|-4|0|0|4|0","3","2160","4","1","0","1","0","0","0","1"
"pro-156","adex","1|0|-4|0|0|4|0","3","720","1","1","0","1","0","0","0","1"
"pro-156","adex","1|0|-4|0|0|4|0","3","768","1","1","0","1","0","0","0","1"
"pro-156","adex","1|0|-4|0|0|4|0","3","960","2","1","0","1","1","1","0","1"
"pro-156","adex","1|0|-4|0|0|4|0","3","1024","2","1","0","1","1","1","0","1"
"pro-156","adex","1|0|-4|0|0|4|0","3","1080","2","1","0","1","1","1","0","1"
"pro-156","adex","1|0|-4|0|0|4|0","3","1440","3","1","0","1","1","0","0","1"
"pro-156","adex","1|0|-4|0|0|4|0","3","2160","4","1","0","1","0","0","0","1"
"pro-157","AdrieN","1|0|-4|0|0|4|0","3","720","1","1","0","1","0","0","0","1"
"pro-157","AdrieN","1|0|-4|0|0|4|0","3","768","1","1","0","1","0","0","0","1"
"pro-157","AdrieN","1|0|-4|0|0|4|0","3","960","2","1","0","1","1","1","0","1"
"pro-157","AdrieN","1|0|-4|0|0|4|0","3","1024","2","1","0","1","1","1","0","1"
"pro-157","AdrieN","1|0|-4|0|0|4|0","3","1080","2","1","0","1","1","1","0","1"
"pro-157","AdrieN","1|0|-4|0|0|4|0","3","1440","3","1","0","1","1","0","0","1"
"pro-157","AdrieN","1|0|-4|0|0|4|0","3","2160","4","1","0","1","0","0","0","1"
"pro-158","advent","1.5|0|-3|0|0|4|0","0","720","2","1","1","1","1","0","0","1"
"pro-158","advent","1.5|0|-3|0|0|4|0","0","768","2","1","1","1","1","0","0","1"
"pro-158","advent","1.5|0|-3|0|0|4|0","0","960","3","1","1","1","1","1","0","1"
"pro-158","advent","1.5|0|-3|0|0|4|0","0","1024","3","1","1","1","1","1","0","1"
"pro-158","advent","1.5|0|-3|0|0|4|0","0","1080","3","1","1","1","1","1","0","1"
"pro-158","advent","1.5|0|-3|0|0|4|0","0","1440","4","1","1","1","0","0","0","1"
"pro-158","advent","1.5|0|-3|0|0|4|0","0","2160","6","1","1","1","0","0","0","1"
"pro-159","Aerial","4|0.5|-4|0|0|4|0","2","720","6","1","0","1","1","0","0","1"
"pro-159","Aerial","4|0.5|-4|0|0|4|0","2","768","6","1","0","1","1","0","0","1"
"pro-159","Aerial","4|0.5|-4|0|0|4|0","2","960","8","1","0","1","1","1","0","1"
"pro-159","Aerial","4|0.5|-4|0|0|4|0","2","1024","8","1","0","1","0","1","0","1"
"pro-159","Aerial","4|0.5|-4|0|0|4|0","2","1080","9","1","0","1","1","0","1","1"
"pro-159","Aerial","4|0.5|-4|0|0|4|0","2","1440","12","1","0","1","0","0","0","1"
"pro-159","Aerial","4|0.5|-4|0|0|4|0","2","2160","18","2","1","1","1","0","0","1"
"pro-160","afro","1|1|-4|0|0|4|0","1","720","1","1","0","1","0","0","0","1"
"pro-160","afro","1|1|-4|0|0|4|0","1","768","1","1","0","1","0","0","0","1"
"pro-160","afro","1|1|-4|0|0|4|0","1","960","2","2","1","1","1","1","1","0"
"pro-160","afro","1|1|-4|0|0|4|0","1","1024","2","2","1","1","1","1","1","0"
"pro-160","afro","1|1|-4|0|0|4|0","1","1080","2","2","1","1","1","1","1","1"
"pro-160","afro","1|1|-4|0|0|4|0","1","1440","3","3","1","1","1","0","0","1"
"pro-160","afro","1|1|-4|0|0|4|0","1","2160","4","4","2","1","0","0","0","1"
"pro-161","afufu","0.8|0.9|-3.8|0|0|4|0","2","720","1","1","0","1","1","1","0","1"
"pro-161","afufu","0.8|0.9|-3.8|0|0|4|0","2","768","1","1","0","1","1","1","0","1"
"pro-161","afufu","0.8|0.9|-3.8|0|0|4|0","2","960","1","1","0","1","0","1","0","0"
"pro-161","afufu","0.8|0.9|-3.8|0|0|4|0","2","1024","1","1","0","1","0","1","0","0"
"pro-161","afufu","0.8|0.9|-3.8|0|0|4|0","2","1080","1","2","1","1","0","0","0","1"
"pro-161","afufu","0.8|0.9|-3.8|0|0|4|0","2","1440","2","2","1","1","0","0","0","1"
"pro-161","afufu","0.8|0.9|-3.8|0|0|4|0","2","2160","3","4","2","1","0","0","0","1"
"pro-162","Ag1l","1|1|-5|0|0|4|0","4","720","1","1","-1","1","0","0","0","1"
"pro-162","Ag1l","1|1|-5|0|0|4|0","4","768","1","1","-1","1","0","0","0","1"
"pro-162","Ag1l","1|1|-5|0|0|4|0","4","960","2","2","0","1","1","1","1","0"
"pro-162","Ag1l","1|1|-5|0|0|4|0","4","1024","2","2","0","1","1","1","1","1"
"pro-162","Ag1l","1|1|-5|0|0|4|0","4","1080","2","2","0","1","1","1","1","1"
"pro-162","Ag1l","1|1|-5|0|0|4|0","4","1440","3","3","0","1","1","0","0","1"
"pro-162","Ag1l","1|1|-5|0|0|4|0","4","2160","4","4","1","1","0","0","0","1"
"pro-163","aidKiT","0.5|0|-2.5|1|0|4|0","4","720","0","1","1","1","0","0","0","1"
"pro-163","aidKiT","0.5|0|-2.5|1|0|4|0","4","768","0","1","1","1","0","0","0","0"
"pro-163","aidKiT","0.5|0|-2.5|1|0|4|0","4","960","1","1","1","1","1","1","0","1"
"pro-163","aidKiT","0.5|0|-2.5|1|0|4|0","4","1024","1","1","1","1","1","1","0","1"
"pro-163","aidKiT","0.5|0|-2.5|1|0|4|0","4","1080","1","1","1","1","1","1","0","1"
"pro-163","aidKiT","0.5|0|-2.5|1|0|4|0","4","1440","1","1","1","1","0","1","0","1"
"pro-163","aidKiT","0.5|0|-2.5|1|0|4|0","4","2160","2","1","1","1","1","0","0","1"
"pro-164","Airax","1|1|0|0|0|4|0","3","720","1","1","4","1","0","0","0","1"
"pro-164","Airax","1|1|0|0|0|4|0","3","768","1","1","4","1","0","0","0","1"
"pro-164","Airax","1|1|0|0|0|4|0","3","960","2","2","5","1","1","1","1","0"
"pro-164","Airax","1|1|0|0|0|4|0","3","1024","2","2","5","1","1","1","1","0"
"pro-164","Airax","1|1|0|0|0|4|0","3","1080","2","2","5","1","1","1","1","0"
"pro-164","Airax","1|1|0|0|0|4|0","3","1440","3","3","5","1","1","0","0","1"
"pro-164","Airax","1|1|0|0|0|4|0","3","2160","4","4","6","1","0","0","0","1"
"pro-165","AlekS","1.5|0|-3|0|0|4|0","0","720","2","1","1","1","1","0","0","1"
"pro-165","AlekS","1.5|0|-3|0|0|4|0","0","768","2","1","1","1","1","0","0","1"
"pro-165","AlekS","1.5|0|-3|0|0|4|0","0","960","3","1","1","1","1","1","0","1"
"pro-165","AlekS","1.5|0|-3|0|0|4|0","0","1024","3","1","1","1","1","1","0","1"
"pro-165","AlekS","1.5|0|-3|0|0|4|0","0","1080","3","1","1","1","1","1","0","1"
"pro-165","AlekS","1.5|0|-3|0|0|4|0","0","1440","4","1","1","1","0","0","0","1"
"pro-165","AlekS","1.5|0|-3|0|0|4|0","0","2160","6","1","1","1","0","0","0","1"
"pro-166","Aleksib","1|1|-4|0|0|4|0","1","720","1","1","0","1","0","0","0","1"
"pro-166","Aleksib","1|1|-4|0|0|4|0","1","768","1","1","0","1","0","0","0","1"
"pro-166","Aleksib","1|1|-4|0|0|4|0","1","960","2","2","1","1","1","1","1","0"
"pro-166","Aleksib","1|1|-4|0|0|4|0","1","1024","2","2","1","1","1","1","1","0"
"pro-166","Aleksib","1|1|-4|0|0|4|0","1","1080","2","2","1","1","1","1","1","1"
"pro-166","Aleksib","1|1|-4|0|0|4|0","1","1440","3","3","1","1","1","0","0","1"
"pro-166","Aleksib","1|1|-4|0|0|4|0","1","2160","4","4","2","1","0","0","0","1"
"pro-167","alex","1|0|-4|1|0|4|0","3","720","1","1","0","1","0","0","0","1"
"pro-167","alex","1|0|-4|1|0|4|0","3","768","1","1","0","1","0","0","0","1"
"pro-167","alex","1|0|-4|1|0|4|0","3","960","2","1","0","1","1","1","0","1"
"pro-167","alex","1|0|-4|1|0|4|0","3","1024","2","1","0","1","1","1","0","1"
"pro-167","alex","1|0|-4|1|0|4|0","3","1080","2","1","0","1","1","1","0","1"
"pro-167","alex","1|0|-4|1|0|4|0","3","1440","3","1","0","1","1","0","0","1"
"pro-167","alex","1|0|-4|1|0|4|0","3","2160","4","1","0","1","0","0","0","1"
"pro-168","alex666","1|1|-4|0|0|4|0","1","720","1","1","0","1","0","0","0","1"
"pro-168","alex666","1|1|-4|0|0|4|0","1","768","1","1","0","1","0","0","0","1"
"pro-168","alex666","1|1|-4|0|0|4|0","1","960","2","2","1","1","1","1","1","0"
"pro-168","alex666","1|1|-4|0|0|4|0","1","1024","2","2","1","1","1","1","1","0"
"pro-168","alex666","1|1|-4|0|0|4|0","1","1080","2","2","1","1","1","1","1","1"
"pro-168","alex666","1|1|-4|0|0|4|0","1","1440","3","3","1","1","1","0","0","1"
"pro-168","alex666","1|1|-4|0|0|4|0","1","2160","4","4","2","1","0","0","0","1"
"pro-169","Alisson","2.5|1|-3|0|0|4|0","2","720","3","1","1","1","0","0","0","1"
"pro-169","Alisson","2.5|1|-3|0|0|4|0","2","768","4","1","1","1","0","0","0","1"
"pro-169","Alisson","2.5|1|-3|0|0|4|0","2","960","5","2","2","1","1","1","0","0"
"pro-169","Alisson","2.5|1|-3|0|0|4|0","2","1024","5","2","2","1","1","1","0","0"
"pro-169","Alisson","2.5|1|-3|0|0|4|0","2","1080","5","2","2","1","0","1","0","1"
"pro-169","Alisson","2.5|1|-3|0|0|4|0","2","1440","7","3","2","1","0","0","0","1"
"pro-169","Alisson","2.5|1|-3|0|0|4|0","2","2160","11","4","3","1","0","0","0","1"
"pro-170","aliStair","2|0.5|-3|0|0|4|0","1","720","3","1","1","1","1","0","0","1"
"pro-170","aliStair","2|0.5|-3|0|0|4|0","1","768","3","1","1","1","1","0","0","1"
"pro-170","aliStair","2|0.5|-3|0|0|4|0","1","960","4","1","1","1","1","1","1","1"
"pro-170","aliStair","2|0.5|-3|0|0|4|0","1","1024","4","1","1","1","1","1","1","1"
"pro-170","aliStair","2|0.5|-3|0|0|4|0","1","1080","4","1","1","1","0","1","1","1"
"pro-170","aliStair","2|0.5|-3|0|0|4|0","1","1440","6","1","1","1","0","0","0","1"
"pro-170","aliStair","2|0.5|-3|0|0|4|0","1","2160","9","2","2","1","1","0","0","1"
"pro-171","Alkaren","1.2|0.2|-1.6|0|0|4|0","2","720","1","1","2","1","0","0","0","1"
"pro-171","Alkaren","1.2|0.2|-1.6|0|0|4|0","2","768","1","1","2","1","0","0","0","0"
"pro-171","Alkaren","1.2|0.2|-1.6|0|0|4|0","2","960","2","1","2","1","1","1","0","1"
"pro-171","Alkaren","1.2|0.2|-1.6|0|0|4|0","2","1024","2","1","2","1","0","1","0","1"
"pro-171","Alkaren","1.2|0.2|-1.6|0|0|4|0","2","1080","2","1","2","1","0","1","0","1"
"pro-171","Alkaren","1.2|0.2|-1.6|0|0|4|0","2","1440","3","1","2","1","0","0","0","1"
"pro-171","Alkaren","1.2|0.2|-1.6|0|0|4|0","2","2160","5","1","2","1","1","0","0","1"
"pro-172","allu","1.5|1|-2|0|0|4|0","2","720","2","1","2","1","0","0","0","1"
"pro-172","allu","1.5|1|-2|0|0|4|0","2","768","2","1","2","1","0","0","0","1"
"pro-172","allu","1.5|1|-2|0|0|4|0","2","960","3","2","3","1","1","1","0","0"
"pro-172","allu","1.5|1|-2|0|0|4|0","2","1024","3","2","3","1","1","1","0","0"
"pro-172","allu","1.5|1|-2|0|0|4|0","2","1080","3","2","3","1","1","1","0","0"
"pro-172","allu","1.5|1|-2|0|0|4|0","2","1440","4","3","3","1","0","0","0","1"
"pro-172","allu","1.5|1|-2|0|0|4|0","2","2160","6","4","4","1","0","0","0","1"
"pro-173","alpha","0.8|0.7|-4.4|0|0|4|0","1","720","1","1","0","1","1","1","0","1"
"pro-173","alpha","0.8|0.7|-4.4|0|0|4|0","1","768","1","1","0","1","1","1","0","1"
"pro-173","alpha","0.8|0.7|-4.4|0|0|4|0","1","960","1","1","0","1","0","1","0","1"
"pro-173","alpha","0.8|0.7|-4.4|0|0|4|0","1","1024","1","1","0","1","0","1","0","1"
"pro-173","alpha","0.8|0.7|-4.4|0|0|4|0","1","1080","1","1","0","1","0","1","0","1"
"pro-173","alpha","0.8|0.7|-4.4|0|0|4|0","1","1440","2","2","1","1","1","0","0","0"
"pro-173","alpha","0.8|0.7|-4.4|0|0|4|0","1","2160","3","3","1","1","0","0","0","1"
"pro-174","Altekz","2|0|-2|0|0|4|0","4","720","3","1","2","1","1","0","0","1"
"pro-174","Altekz","2|0|-2|0|0|4|0","4","768","3","1","2","1","1","0","0","1"
"pro-174","Altekz","2|0|-2|0|0|4|0","4","960","4","1","2","1","1","1","0","1"
"pro-174","Altekz","2|0|-2|0|0|4|0","4","1024","4","1","2","1","1","1","0","1"
"pro-174","Altekz","2|0|-2|0|0|4|0","4","1080","4","1","2","1","0","1","0","1"
"pro-174","Altekz","2|0|-2|0|0|4|0","4","1440","6","1","2","1","1","0","0","1"
"pro-174","Altekz","2|0|-2|0|0|4|0","4","2160","9","1","2","1","1","0","0","1"
"pro-175","Alv","1|0.1|-2|0|0|4|0","1","720","1","1","2","1","0","0","0","0"
"pro-175","Alv","1|0.1|-2|0|0|4|0","1","768","1","1","2","1","0","0","0","0"
"pro-175","Alv","1|0.1|-2|0|0|4|0","1","960","2","1","2","1","1","1","0","0"
"pro-175","Alv","1|0.1|-2|0|0|4|0","1","1024","2","1","2","1","1","1","0","0"
"pro-175","Alv","1|0.1|-2|0|0|4|0","1","1080","2","1","2","1","1","1","0","0"
"pro-175","Alv","1|0.1|-2|0|0|4|0","1","1440","3","1","2","1","1","0","0","0"
"pro-175","Alv","1|0.1|-2|0|0|4|0","1","2160","4","1","2","1","0","0","0","0"
"pro-176","Alxc","0.5|1.5|-4|0|0|4|0","4","720","0","2","1","1","0","0","0","1"
"pro-176","Alxc","0.5|1.5|-4|0|0|4|0","4","768","0","2","1","1","0","0","0","1"
"pro-176","Alxc","0.5|1.5|-4|0|0|4|0","4","960","1","3","1","1","1","1","0","1"
"pro-176","Alxc","0.5|1.5|-4|0|0|4|0","4","1024","1","3","1","1","1","1","0","1"
"pro-176","Alxc","0.5|1.5|-4|0|0|4|0","4","1080","1","3","1","1","1","1","0","1"
"pro-176","Alxc","0.5|1.5|-4|0|0|4|0","4","1440","1","4","2","1","0","0","0","1"
"pro-176","Alxc","0.5|1.5|-4|0|0|4|0","4","2160","2","6","3","1","0","0","0","1"
"pro-177","amanek","1.5|0.3|-4|0|0|4|0","1","720","2","1","0","1","1","0","0","1"
"pro-177","amanek","1.5|0.3|-4|0|0|4|0","1","768","2","1","0","1","1","0","0","1"
"pro-177","amanek","1.5|0.3|-4|0|0|4|0","1","960","3","1","0","1","1","1","0","1"
"pro-177","amanek","1.5|0.3|-4|0|0|4|0","1","1024","3","1","0","1","1","1","0","1"
"pro-177","amanek","1.5|0.3|-4|0|0|4|0","1","1080","3","1","0","1","1","1","0","1"
"pro-177","amanek","1.5|0.3|-4|0|0|4|0","1","1440","4","1","0","1","0","0","0","1"
"pro-177","amanek","1.5|0.3|-4|0|0|4|0","1","2160","6","1","0","1","0","0","0","1"
"pro-178","amster","0|1.1|-3.3|1|0|4|0","4","720","0","1","0","1","0","0","0","0"
"pro-178","amster","0|1.1|-3.3|1|0|4|0","4","768","0","1","0","1","0","0","0","0"
"pro-178","amster","0|1.1|-3.3|1|0|4|0","4","960","0","2","1","1","1","1","0","1"
"pro-178","amster","0|1.1|-3.3|1|0|4|0","4","1024","0","2","1","1","1","1","0","1"
"pro-178","amster","0|1.1|-3.3|1|0|4|0","4","1080","0","2","1","1","1","1","0","1"
"pro-178","amster","0|1.1|-3.3|1|0|4|0","4","1440","0","3","1","1","1","0","0","0"
"pro-178","amster","0|1.1|-3.3|1|0|4|0","4","2160","0","4","2","1","0","0","0","0"
"pro-179","ANa","1|1|-4|0|0|4|0","1","720","1","1","0","1","0","0","0","1"
"pro-179","ANa","1|1|-4|0|0|4|0","1","768","1","1","0","1","0","0","0","1"
"pro-179","ANa","1|1|-4|0|0|4|0","1","960","2","2","1","1","1","1","1","0"
"pro-179","ANa","1|1|-4|0|0|4|0","1","1024","2","2","1","1","1","1","1","0"
"pro-179","ANa","1|1|-4|0|0|4|0","1","1080","2","2","1","1","1","1","1","1"
"pro-179","ANa","1|1|-4|0|0|4|0","1","1440","3","3","1","1","1","0","0","1"
"pro-179","ANa","1|1|-4|0|0|4|0","1","2160","4","4","2","1","0","0","0","1"
"pro-180","andr1x","1|1|-4|0|0|4|0","1","720","1","1","0","1","0","0","0","1"
"pro-180","andr1x","1|1|-4|0|0|4|0","1","768","1","1","0","1","0","0","0","1"
"pro-180","andr1x","1|1|-4|0|0|4|0","1","960","2","2","1","1","1","1","1","0"
"pro-180","andr1x","1|1|-4|0|0|4|0","1","1024","2","2","1","1","1","1","1","0"
"pro-180","andr1x","1|1|-4|0|0|4|0","1","1080","2","2","1","1","1","1","1","1"
"pro-180","andr1x","1|1|-4|0|0|4|0","1","1440","3","3","1","1","1","0","0","1"
"pro-180","andr1x","1|1|-4|0|0|4|0","1","2160","4","4","2","1","0","0","0","1"
"pro-181","aNdu","2|0|-3|0|0|4|0","3","720","3","1","1","1","1","0","0","1"
"pro-181","aNdu","2|0|-3|0|0|4|0","3","768","3","1","1","1","1","0","0","1"
"pro-181","aNdu","2|0|-3|0|0|4|0","3","960","4","1","1","1","1","1","0","1"
"pro-181","aNdu","2|0|-3|0|0|4|0","3","1024","4","1","1","1","1","1","0","1"
"pro-181","aNdu","2|0|-3|0|0|4|0","3","1080","4","1","1","1","0","1","0","1"
"pro-181","aNdu","2|0|-3|0|0|4|0","3","1440","6","1","1","1","1","0","0","1"
"pro-181","aNdu","2|0|-3|0|0|4|0","3","2160","9","1","1","1","1","0","0","1"
"pro-182","aNgelo","1|1|-4|0|0|4|0","1","720","1","1","0","1","0","0","0","1"
"pro-182","aNgelo","1|1|-4|0|0|4|0","1","768","1","1","0","1","0","0","0","1"
"pro-182","aNgelo","1|1|-4|0|0|4|0","1","960","2","2","1","1","1","1","1","0"
"pro-182","aNgelo","1|1|-4|0|0|4|0","1","1024","2","2","1","1","1","1","1","0"
"pro-182","aNgelo","1|1|-4|0|0|4|0","1","1080","2","2","1","1","1","1","1","1"
"pro-182","aNgelo","1|1|-4|0|0|4|0","1","1440","3","3","1","1","1","0","0","1"
"pro-182","aNgelo","1|1|-4|0|0|4|0","1","2160","4","4","2","1","0","0","0","1"
"pro-183","Anlelele","1|1|-4|0|0|4|0","1","720","1","1","0","1","0","0","0","1"
"pro-183","Anlelele","1|1|-4|0|0|4|0","1","768","1","1","0","1","0","0","0","1"
"pro-183","Anlelele","1|1|-4|0|0|4|0","1","960","2","2","1","1","1","1","1","0"
"pro-183","Anlelele","1|1|-4|0|0|4|0","1","1024","2","2","1","1","1","1","1","0"
"pro-183","Anlelele","1|1|-4|0|0|4|0","1","1080","2","2","1","1","1","1","1","1"
"pro-183","Anlelele","1|1|-4|0|0|4|0","1","1440","3","3","1","1","1","0","0","1"
"pro-183","Anlelele","1|1|-4|0|0|4|0","1","2160","4","4","2","1","0","0","0","1"
"pro-184","anttzz","1|1|-3.2|0|0|4|0","0","720","1","1","0","1","0","0","0","0"
"pro-184","anttzz","1|1|-3.2|0|0|4|0","0","768","1","1","0","1","0","0","0","0"
"pro-184","anttzz","1|1|-3.2|0|0|4|0","0","960","2","2","1","1","1","1","1","1"
"pro-184","anttzz","1|1|-3.2|0|0|4|0","0","1024","2","2","1","1","1","1","1","1"
"pro-184","anttzz","1|1|-3.2|0|0|4|0","0","1080","2","2","1","1","1","1","1","1"
"pro-184","anttzz","1|1|-3.2|0|0|4|0","0","1440","3","3","1","1","1","0","0","0"
"pro-184","anttzz","1|1|-3.2|0|0|4|0","0","2160","4","4","2","1","0","0","0","0"
"pro-185","apEX","1.5|1|-3|0|0|4|0","1","720","2","1","1","1","0","0","0","1"
"pro-185","apEX","1.5|1|-3|0|0|4|0","1","768","2","1","1","1","0","0","0","1"
"pro-185","apEX","1.5|1|-3|0|0|4|0","1","960","3","2","2","1","1","1","0","0"
"pro-185","apEX","1.5|1|-3|0|0|4|0","1","1024","3","2","2","1","1","1","0","0"
"pro-185","apEX","1.5|1|-3|0|0|4|0","1","1080","3","2","2","1","1","1","0","1"
"pro-185","apEX","1.5|1|-3|0|0|4|0","1","1440","4","3","2","1","0","0","0","1"
"pro-185","apEX","1.5|1|-3|0|0|4|0","1","2160","6","4","3","1","0","0","0","1"
"pro-186","apocdud","1|0|-3|0|0|4|0","2","720","1","1","1","1","0","0","0","1"
"pro-186","apocdud","1|0|-3|0|0|4|0","2","768","1","1","1","1","0","0","0","1"
"pro-186","apocdud","1|0|-3|0|0|4|0","2","960","2","1","1","1","1","1","0","1"
"pro-186","apocdud","1|0|-3|0|0|4|0","2","1024","2","1","1","1","1","1","0","1"
"pro-186","apocdud","1|0|-3|0|0|4|0","2","1080","2","1","1","1","1","1","0","1"
"pro-186","apocdud","1|0|-3|0|0|4|0","2","1440","3","1","1","1","1","0","0","1"
"pro-186","apocdud","1|0|-3|0|0|4|0","2","2160","4","1","1","1","0","0","0","1"
"pro-187","AquaRS","1.5|0|-2|0|0|4|0","0","720","2","1","2","1","1","0","0","1"
"pro-187","AquaRS","1.5|0|-2|0|0|4|0","0","768","2","1","2","1","1","0","0","1"
"pro-187","AquaRS","1.5|0|-2|0|0|4|0","0","960","3","1","2","1","1","1","0","1"
"pro-187","AquaRS","1.5|0|-2|0|0|4|0","0","1024","3","1","2","1","1","1","0","1"
"pro-187","AquaRS","1.5|0|-2|0|0|4|0","0","1080","3","1","2","1","1","1","0","1"
"pro-187","AquaRS","1.5|0|-2|0|0|4|0","0","1440","4","1","2","1","0","0","0","1"
"pro-187","AquaRS","1.5|0|-2|0|0|4|0","0","2160","6","1","2","1","0","0","0","1"
"pro-188","aragornN","1|1|-4|0|0|4|0","1","720","1","1","0","1","0","0","0","1"
"pro-188","aragornN","1|1|-4|0|0|4|0","1","768","1","1","0","1","0","0","0","1"
"pro-188","aragornN","1|1|-4|0|0|4|0","1","960","2","2","1","1","1","1","1","0"
"pro-188","aragornN","1|1|-4|0|0|4|0","1","1024","2","2","1","1","1","1","1","0"
"pro-188","aragornN","1|1|-4|0|0|4|0","1","1080","2","2","1","1","1","1","1","1"
"pro-188","aragornN","1|1|-4|0|0|4|0","1","1440","3","3","1","1","1","0","0","1"
"pro-188","aragornN","1|1|-4|0|0|4|0","1","2160","4","4","2","1","0","0","0","1"
"pro-189","ariucle","1|2|-4|0|0|4|0","2","720","1","3","1","1","0","0","0","0"
"pro-189","ariucle","1|2|-4|0|0|4|0","2","768","1","3","1","1","0","0","0","1"
"pro-189","ariucle","1|2|-4|0|0|4|0","2","960","2","4","2","1","1","1","1","0"
"pro-189","ariucle","1|2|-4|0|0|4|0","2","1024","2","4","2","1","1","1","1","1"
"pro-189","ariucle","1|2|-4|0|0|4|0","2","1080","2","4","2","1","0","1","1","1"
"pro-189","ariucle","1|2|-4|0|0|4|0","2","1440","3","6","3","1","1","0","0","0"
"pro-189","ariucle","1|2|-4|0|0|4|0","2","2160","4","9","4","1","0","0","0","0"
"pro-190","ArroW","2|1|-3|0|0|4|0","3","720","3","1","1","1","0","0","0","1"
"pro-190","ArroW","2|1|-3|0|0|4|0","3","768","3","1","1","1","0","0","0","1"
"pro-190","ArroW","2|1|-3|0|0|4|0","3","960","4","2","2","1","1","1","1","0"
"pro-190","ArroW","2|1|-3|0|0|4|0","3","1024","4","2","2","1","1","1","1","0"
"pro-190","ArroW","2|1|-3|0|0|4|0","3","1080","4","2","2","1","0","1","1","1"
"pro-190","ArroW","2|1|-3|0|0|4|0","3","1440","6","3","2","1","1","0","0","1"
"pro-190","ArroW","2|1|-3|0|0|4|0","3","2160","9","4","3","1","0","0","0","1"
"pro-191","arrozdoce","1|1|-4|0|0|4|0","1","720","1","1","0","1","0","0","0","1"
"pro-191","arrozdoce","1|1|-4|0|0|4|0","1","768","1","1","0","1","0","0","0","1"
"pro-191","arrozdoce","1|1|-4|0|0|4|0","1","960","2","2","1","1","1","1","1","0"
"pro-191","arrozdoce","1|1|-4|0|0|4|0","1","1024","2","2","1","1","1","1","1","0"
"pro-191","arrozdoce","1|1|-4|0|0|4|0","1","1080","2","2","1","1","1","1","1","1"
"pro-191","arrozdoce","1|1|-4|0|0|4|0","1","1440","3","3","1","1","1","0","0","1"
"pro-191","arrozdoce","1|1|-4|0|0|4|0","1","2160","4","4","2","1","0","0","0","1"
"pro-192","ArtFr0st","1|0|-1|1|0|4|0","1","720","1","1","3","1","0","0","0","1"
"pro-192","ArtFr0st","1|0|-1|1|0|4|0","1","768","1","1","3","1","0","0","0","1"
"pro-192","ArtFr0st","1|0|-1|1|0|4|0","1","960","2","1","3","1","1","1","0","1"
"pro-192","ArtFr0st","1|0|-1|1|0|4|0","1","1024","2","1","3","1","1","1","0","1"
"pro-192","ArtFr0st","1|0|-1|1|0|4|0","1","1080","2","1","3","1","1","1","0","1"
"pro-192","ArtFr0st","1|0|-1|1|0|4|0","1","1440","3","1","3","1","1","0","0","1"
"pro-192","ArtFr0st","1|0|-1|1|0|4|0","1","2160","4","1","3","1","0","0","0","1"
"pro-193","asap","0.9|1|-4|0|0|4|0","2","720","1","1","0","1","0","0","0","1"
"pro-193","asap","0.9|1|-4|0|0|4|0","2","768","1","1","0","1","0","0","0","1"
"pro-193","asap","0.9|1|-4|0|0|4|0","2","960","1","2","1","1","0","1","0","0"
"pro-193","asap","0.9|1|-4|0|0|4|0","2","1024","1","2","1","1","0","1","0","0"
"pro-193","asap","0.9|1|-4|0|0|4|0","2","1080","2","2","1","1","1","0","0","1"
"pro-193","asap","0.9|1|-4|0|0|4|0","2","1440","2","3","1","1","0","0","0","1"
"pro-193","asap","0.9|1|-4|0|0|4|0","2","2160","4","4","2","1","0","0","0","1"
"pro-194","atarax1a","1.5|0.6|-3|0|0|4|0","3","720","2","1","1","1","1","0","0","1"
"pro-194","atarax1a","1.5|0.6|-3|0|0|4|0","3","768","2","1","1","1","1","0","0","1"
"pro-194","atarax1a","1.5|0.6|-3|0|0|4|0","3","960","3","1","1","1","1","1","0","1"
"pro-194","atarax1a","1.5|0.6|-3|0|0|4|0","3","1024","3","1","1","1","1","1","0","1"
"pro-194","atarax1a","1.5|0.6|-3|0|0|4|0","3","1080","3","1","1","1","1","1","0","1"
"pro-194","atarax1a","1.5|0.6|-3|0|0|4|0","3","1440","4","1","1","1","0","0","0","0"
"pro-194","atarax1a","1.5|0.6|-3|0|0|4|0","3","2160","6","2","2","1","0","0","0","1"
"pro-195","Attacker","1.5|1|-5|0|0|4|0","4","720","2","1","-1","1","0","0","0","1"
"pro-195","Attacker","1.5|1|-5|0|0|4|0","4","768","2","1","-1","1","0","0","0","1"
"pro-195","Attacker","1.5|1|-5|0|0|4|0","4","960","3","2","0","1","1","1","0","0"
"pro-195","Attacker","1.5|1|-5|0|0|4|0","4","1024","3","2","0","1","1","1","0","1"
"pro-195","Attacker","1.5|1|-5|0|0|4|0","4","1080","3","2","0","1","1","1","0","1"
"pro-195","Attacker","1.5|1|-5|0|0|4|0","4","1440","4","3","0","1","0","0","0","1"
"pro-195","Attacker","1.5|1|-5|0|0|4|0","4","2160","6","4","1","1","0","0","0","1"
"pro-196","avid","0.7|0.5|-2.5|0|0|4|0","4","720","1","1","1","1","1","1","0","1"
"pro-196","avid","0.7|0.5|-2.5|0|0|4|0","4","768","1","1","1","1","1","1","0","1"
"pro-196","avid","0.7|0.5|-2.5|0|0|4|0","4","960","1","1","1","1","1","1","0","1"
"pro-196","avid","0.7|0.5|-2.5|0|0|4|0","4","1024","1","1","1","1","1","1","0","1"
"pro-196","avid","0.7|0.5|-2.5|0|0|4|0","4","1080","1","1","1","1","0","1","0","1"
"pro-196","avid","0.7|0.5|-2.5|0|0|4|0","4","1440","2","1","1","1","0","0","0","0"
"pro-196","avid","0.7|0.5|-2.5|0|0|4|0","4","2160","3","2","2","1","1","0","0","1"
"pro-197","aviva","1|0|-2|1|0|4|0","4","720","1","1","2","1","0","0","0","1"
"pro-197","aviva","1|0|-2|1|0|4|0","4","768","1","1","2","1","0","0","0","1"
"pro-197","aviva","1|0|-2|1|0|4|0","4","960","2","1","2","1","1","1","0","1"
"pro-197","aviva","1|0|-2|1|0|4|0","4","1024","2","1","2","1","1","1","0","1"
"pro-197","aviva","1|0|-2|1|0|4|0","4","1080","2","1","2","1","1","1","0","1"
"pro-197","aviva","1|0|-2|1|0|4|0","4","1440","3","1","2","1","1","0","0","1"
"pro-197","aviva","1|0|-2|1|0|4|0","4","2160","4","1","2","1","0","0","0","1"
"pro-198","aVN","1|1|-4|0|0|4|0","1","720","1","1","0","1","0","0","0","1"
"pro-198","aVN","1|1|-4|0|0|4|0","1","768","1","1","0","1","0","0","0","1"
"pro-198","aVN","1|1|-4|0|0|4|0","1","960","2","2","1","1","1","1","1","0"
"pro-198","aVN","1|1|-4|0|0|4|0","1","1024","2","2","1","1","1","1","1","0"
"pro-198","aVN","1|1|-4|0|0|4|0","1","1080","2","2","1","1","1","1","1","1"
"pro-198","aVN","1|1|-4|0|0|4|0","1","1440","3","3","1","1","1","0","0","1"
"pro-198","aVN","1|1|-4|0|0|4|0","1","2160","4","4","2","1","0","0","0","1"
"pro-199","AW","1|1|-4|0|0|4|0","1","720","1","1","0","1","0","0","0","1"
"pro-199","AW","1|1|-4|0|0|4|0","1","768","1","1","0","1","0","0","0","1"
"pro-199","AW","1|1|-4|0|0|4|0","1","960","2","2","1","1","1","1","1","0"
"pro-199","AW","1|1|-4|0|0|4|0","1","1024","2","2","1","1","1","1","1","0"
"pro-199","AW","1|1|-4|0|0|4|0","1","1080","2","2","1","1","1","1","1","1"
"pro-199","AW","1|1|-4|0|0|4|0","1","1440","3","3","1","1","1","0","0","1"
"pro-199","AW","1|1|-4|0|0|4|0","1","2160","4","4","2","1","0","0","0","1"
"pro-200","AwaykeN","1|1|-3.5|0|0|4|0","4","720","1","1","0","1","0","0","0","0"
"pro-200","AwaykeN","1|1|-3.5|0|0|4|0","4","768","1","1","0","1","0","0","0","0"
"pro-200","AwaykeN","1|1|-3.5|0|0|4|0","4","960","2","2","1","1","1","1","1","1"
"pro-200","AwaykeN","1|1|-3.5|0|0|4|0","4","1024","2","2","1","1","1","1","1","1"
"pro-200","AwaykeN","1|1|-3.5|0|0|4|0","4","1080","2","2","1","1","1","1","1","1"
"pro-200","AwaykeN","1|1|-3.5|0|0|4|0","4","1440","3","3","1","1","1","0","0","1"
"pro-200","AwaykeN","1|1|-3.5|0|0|4|0","4","2160","4","4","2","1","0","0","0","1"
"pro-201","awks","1|1|-5|1|0|4|0","2","720","1","1","-1","1","0","0","0","1"
"pro-201","awks","1|1|-5|1|0|4|0","2","768","1","1","-1","1","0","0","0","1"
"pro-201","awks","1|1|-5|1|0|4|0","2","960","2","2","0","1","1","1","1","0"
"pro-201","awks","1|1|-5|1|0|4|0","2","1024","2","2","0","1","1","1","1","1"
"pro-201","awks","1|1|-5|1|0|4|0","2","1080","2","2","0","1","1","1","1","1"
"pro-201","awks","1|1|-5|1|0|4|0","2","1440","3","3","0","1","1","0","0","1"
"pro-201","awks","1|1|-5|1|0|4|0","2","2160","4","4","1","1","0","0","0","1"
"pro-202","Ax1Le","1|1|-4|0|0|4|0","1","720","1","1","0","1","0","0","0","1"
"pro-202","Ax1Le","1|1|-4|0|0|4|0","1","768","1","1","0","1","0","0","0","1"
"pro-202","Ax1Le","1|1|-4|0|0|4|0","1","960","2","2","1","1","1","1","1","0"
"pro-202","Ax1Le","1|1|-4|0|0|4|0","1","1024","2","2","1","1","1","1","1","0"
"pro-202","Ax1Le","1|1|-4|0|0|4|0","1","1080","2","2","1","1","1","1","1","1"
"pro-202","Ax1Le","1|1|-4|0|0|4|0","1","1440","3","3","1","1","1","0","0","1"
"pro-202","Ax1Le","1|1|-4|0|0|4|0","1","2160","4","4","2","1","0","0","0","1"
"pro-203","Ayteel","1|1|-4|0|0|4|0","1","720","1","1","0","1","0","0","0","1"
"pro-203","Ayteel","1|1|-4|0|0|4|0","1","768","1","1","0","1","0","0","0","1"
"pro-203","Ayteel","1|1|-4|0|0|4|0","1","960","2","2","1","1","1","1","1","0"
"pro-203","Ayteel","1|1|-4|0|0|4|0","1","1024","2","2","1","1","1","1","1","0"
"pro-203","Ayteel","1|1|-4|0|0|4|0","1","1080","2","2","1","1","1","1","1","1"
"pro-203","Ayteel","1|1|-4|0|0|4|0","1","1440","3","3","1","1","1","0","0","1"
"pro-203","Ayteel","1|1|-4|0|0|4|0","1","2160","4","4","2","1","0","0","0","1"
"pro-204","ayy","1|1|-4|0|0|4|0","1","720","1","1","0","1","0","0","0","1"
"pro-204","ayy","1|1|-4|0|0|4|0","1","768","1","1","0","1","0","0","0","1"
"pro-204","ayy","1|1|-4|0|0|4|0","1","960","2","2","1","1","1","1","1","0"
"pro-204","ayy","1|1|-4|0|0|4|0","1","1024","2","2","1","1","1","1","1","0"
"pro-204","ayy","1|1|-4|0|0|4|0","1","1080","2","2","1","1","1","1","1","1"
"pro-204","ayy","1|1|-4|0|0|4|0","1","1440","3","3","1","1","1","0","0","1"
"pro-204","ayy","1|1|-4|0|0|4|0","1","2160","4","4","2","1","0","0","0","1"
"pro-206","b0denmaster","1|0|-4|0|0|4|0","3","720","1","1","0","1","0","0","0","1"
"pro-206","b0denmaster","1|0|-4|0|0|4|0","3","768","1","1","0","1","0","0","0","1"
"pro-206","b0denmaster","1|0|-4|0|0|4|0","3","960","2","1","0","1","1","1","0","1"
"pro-206","b0denmaster","1|0|-4|0|0|4|0","3","1024","2","1","0","1","1","1","0","1"
"pro-206","b0denmaster","1|0|-4|0|0|4|0","3","1080","2","1","0","1","1","1","0","1"
"pro-206","b0denmaster","1|0|-4|0|0|4|0","3","1440","3","1","0","1","1","0","0","1"
"pro-206","b0denmaster","1|0|-4|0|0|4|0","3","2160","4","1","0","1","0","0","0","1"
"pro-207","b0RUP","0.5|1|-4|0|0|4|0","0","720","0","1","0","1","0","0","0","1"
"pro-207","b0RUP","0.5|1|-4|0|0|4|0","0","768","0","1","0","1","0","0","0","1"
"pro-207","b0RUP","0.5|1|-4|0|0|4|0","0","960","1","2","1","1","1","1","0","0"
"pro-207","b0RUP","0.5|1|-4|0|0|4|0","0","1024","1","2","1","1","1","1","0","0"
"pro-207","b0RUP","0.5|1|-4|0|0|4|0","0","1080","1","2","1","1","1","1","0","1"
"pro-207","b0RUP","0.5|1|-4|0|0|4|0","0","1440","1","3","1","1","0","0","0","1"
"pro-207","b0RUP","0.5|1|-4|0|0|4|0","0","2160","2","4","2","1","0","0","0","1"
"pro-208","b1st","1|1|-4|0|0|4|0","1","720","1","1","0","1","0","0","0","1"
"pro-208","b1st","1|1|-4|0|0|4|0","1","768","1","1","0","1","0","0","0","1"
"pro-208","b1st","1|1|-4|0|0|4|0","1","960","2","2","1","1","1","1","1","0"
"pro-208","b1st","1|1|-4|0|0|4|0","1","1024","2","2","1","1","1","1","1","0"
"pro-208","b1st","1|1|-4|0|0|4|0","1","1080","2","2","1","1","1","1","1","1"
"pro-208","b1st","1|1|-4|0|0|4|0","1","1440","3","3","1","1","1","0","0","1"
"pro-208","b1st","1|1|-4|0|0|4|0","1","2160","4","4","2","1","0","0","0","1"
"pro-209","b1t","1|1|-4|0|0|4|0","1","720","1","1","0","1","0","0","0","1"
"pro-209","b1t","1|1|-4|0|0|4|0","1","768","1","1","0","1","0","0","0","1"
"pro-209","b1t","1|1|-4|0|0|4|0","1","960","2","2","1","1","1","1","1","0"
"pro-209","b1t","1|1|-4|0|0|4|0","1","1024","2","2","1","1","1","1","1","0"
"pro-209","b1t","1|1|-4|0|0|4|0","1","1080","2","2","1","1","1","1","1","1"
"pro-209","b1t","1|1|-4|0|0|4|0","1","1440","3","3","1","1","1","0","0","1"
"pro-209","b1t","1|1|-4|0|0|4|0","1","2160","4","4","2","1","0","0","0","1"
"pro-210","b4rtiN","1.5|0|-3|0|0|4|0","0","720","2","1","1","1","1","0","0","1"
"pro-210","b4rtiN","1.5|0|-3|0|0|4|0","0","768","2","1","1","1","1","0","0","1"
"pro-210","b4rtiN","1.5|0|-3|0|0|4|0","0","960","3","1","1","1","1","1","0","1"
"pro-210","b4rtiN","1.5|0|-3|0|0|4|0","0","1024","3","1","1","1","1","1","0","1"
"pro-210","b4rtiN","1.5|0|-3|0|0|4|0","0","1080","3","1","1","1","1","1","0","1"
"pro-210","b4rtiN","1.5|0|-3|0|0|4|0","0","1440","4","1","1","1","0","0","0","1"
"pro-210","b4rtiN","1.5|0|-3|0|0|4|0","0","2160","6","1","1","1","0","0","0","1"
"pro-211","bacc","1|0|-3|0|0|4|0","2","720","1","1","1","1","0","0","0","1"
"pro-211","bacc","1|0|-3|0|0|4|0","2","768","1","1","1","1","0","0","0","1"
"pro-211","bacc","1|0|-3|0|0|4|0","2","960","2","1","1","1","1","1","0","1"
"pro-211","bacc","1|0|-3|0|0|4|0","2","1024","2","1","1","1","1","1","0","1"
"pro-211","bacc","1|0|-3|0|0|4|0","2","1080","2","1","1","1","1","1","0","1"
"pro-211","bacc","1|0|-3|0|0|4|0","2","1440","3","1","1","1","1","0","0","1"
"pro-211","bacc","1|0|-3|0|0|4|0","2","2160","4","1","1","1","0","0","0","1"
"pro-212","badran","1|1|-4|0|0|4|0","1","720","1","1","0","1","0","0","0","1"
"pro-212","badran","1|1|-4|0|0|4|0","1","768","1","1","0","1","0","0","0","1"
"pro-212","badran","1|1|-4|0|0|4|0","1","960","2","2","1","1","1","1","1","0"
"pro-212","badran","1|1|-4|0|0|4|0","1","1024","2","2","1","1","1","1","1","0"
"pro-212","badran","1|1|-4|0|0|4|0","1","1080","2","2","1","1","1","1","1","1"
"pro-212","badran","1|1|-4|0|0|4|0","1","1440","3","3","1","1","1","0","0","1"
"pro-212","badran","1|1|-4|0|0|4|0","1","2160","4","4","2","1","0","0","0","1"
"pro-213","baiano","2|0.5|-2.5|0|0|4|0","1","720","3","1","1","1","1","0","0","1"
"pro-213","baiano","2|0.5|-2.5|0|0|4|0","1","768","3","1","1","1","1","0","0","1"
"pro-213","baiano","2|0.5|-2.5|0|0|4|0","1","960","4","1","1","1","1","1","1","1"
"pro-213","baiano","2|0.5|-2.5|0|0|4|0","1","1024","4","1","1","1","1","1","1","1"
"pro-213","baiano","2|0.5|-2.5|0|0|4|0","1","1080","4","1","1","1","0","1","1","1"
"pro-213","baiano","2|0.5|-2.5|0|0|4|0","1","1440","6","1","1","1","0","0","0","0"
"pro-213","baiano","2|0.5|-2.5|0|0|4|0","1","2160","9","2","2","1","1","0","0","1"
"pro-214","bajmi","1|1|-4|0|0|4|0","1","720","1","1","0","1","0","0","0","1"
"pro-214","bajmi","1|1|-4|0|0|4|0","1","768","1","1","0","1","0","0","0","1"
"pro-214","bajmi","1|1|-4|0|0|4|0","1","960","2","2","1","1","1","1","1","0"
"pro-214","bajmi","1|1|-4|0|0|4|0","1","1024","2","2","1","1","1","1","1","0"
"pro-214","bajmi","1|1|-4|0|0|4|0","1","1080","2","2","1","1","1","1","1","1"
"pro-214","bajmi","1|1|-4|0|0|4|0","1","1440","3","3","1","1","1","0","0","1"
"pro-214","bajmi","1|1|-4|0|0|4|0","1","2160","4","4","2","1","0","0","0","1"
"pro-215","BaN4na","1.5|0|-3|0|0|4|0","0","720","2","1","1","1","1","0","0","1"
"pro-215","BaN4na","1.5|0|-3|0|0|4|0","0","768","2","1","1","1","1","0","0","1"
"pro-215","BaN4na","1.5|0|-3|0|0|4|0","0","960","3","1","1","1","1","1","0","1"
"pro-215","BaN4na","1.5|0|-3|0|0|4|0","0","1024","3","1","1","1","1","1","0","1"
"pro-215","BaN4na","1.5|0|-3|0|0|4|0","0","1080","3","1","1","1","1","1","0","1"
"pro-215","BaN4na","1.5|0|-3|0|0|4|0","0","1440","4","1","1","1","0","0","0","1"
"pro-215","BaN4na","1.5|0|-3|0|0|4|0","0","2160","6","1","1","1","0","0","0","1"
"pro-216","bander","1.5|1|-5|0|0|4|0","4","720","2","1","-1","1","0","0","0","1"
"pro-216","bander","1.5|1|-5|0|0|4|0","4","768","2","1","-1","1","0","0","0","1"
"pro-216","bander","1.5|1|-5|0|0|4|0","4","960","3","2","0","1","1","1","0","0"
"pro-216","bander","1.5|1|-5|0|0|4|0","4","1024","3","2","0","1","1","1","0","1"
"pro-216","bander","1.5|1|-5|0|0|4|0","4","1080","3","2","0","1","1","1","0","1"
"pro-216","bander","1.5|1|-5|0|0|4|0","4","1440","4","3","0","1","0","0","0","1"
"pro-216","bander","1.5|1|-5|0|0|4|0","4","2160","6","4","1","1","0","0","0","1"
"pro-217","Banjo","0.5|1|-3|1|0|4|0","2","720","0","1","1","1","0","0","0","1"
"pro-217","Banjo","0.5|1|-3|1|0|4|0","2","768","0","1","1","1","0","0","0","1"
"pro-217","Banjo","0.5|1|-3|1|0|4|0","2","960","1","2","2","1","1","1","0","0"
"pro-217","Banjo","0.5|1|-3|1|0|4|0","2","1024","1","2","2","1","1","1","0","0"
"pro-217","Banjo","0.5|1|-3|1|0|4|0","2","1080","1","2","2","1","1","1","0","0"
"pro-217","Banjo","0.5|1|-3|1|0|4|0","2","1440","1","3","2","1","0","0","0","1"
"pro-217","Banjo","0.5|1|-3|1|0|4|0","2","2160","2","4","3","1","0","0","0","1"
"pro-218","Bart4k","2.5|1|-4|0|0|4|0","4","720","3","1","0","1","0","0","0","1"
"pro-218","Bart4k","2.5|1|-4|0|0|4|0","4","768","4","1","0","1","0","0","0","1"
"pro-218","Bart4k","2.5|1|-4|0|0|4|0","4","960","5","2","1","1","1","1","0","0"
"pro-218","Bart4k","2.5|1|-4|0|0|4|0","4","1024","5","2","1","1","1","1","0","1"
"pro-218","Bart4k","2.5|1|-4|0|0|4|0","4","1080","5","2","1","1","0","1","0","1"
"pro-218","Bart4k","2.5|1|-4|0|0|4|0","4","1440","7","3","1","1","0","0","0","1"
"pro-218","Bart4k","2.5|1|-4|0|0|4|0","4","2160","11","4","2","1","0","0","0","1"
"pro-219","beastik","1|1|-4|0|0|4|0","1","720","1","1","0","1","0","0","0","1"
"pro-219","beastik","1|1|-4|0|0|4|0","1","768","1","1","0","1","0","0","0","1"
"pro-219","beastik","1|1|-4|0|0|4|0","1","960","2","2","1","1","1","1","1","0"
"pro-219","beastik","1|1|-4|0|0|4|0","1","1024","2","2","1","1","1","1","1","0"
"pro-219","beastik","1|1|-4|0|0|4|0","1","1080","2","2","1","1","1","1","1","1"
"pro-219","beastik","1|1|-4|0|0|4|0","1","1440","3","3","1","1","1","0","0","1"
"pro-219","beastik","1|1|-4|0|0|4|0","1","2160","4","4","2","1","0","0","0","1"
"pro-220","Beastman","1|1|-4|0|0|4|0","1","720","1","1","0","1","0","0","0","1"
"pro-220","Beastman","1|1|-4|0|0|4|0","1","768","1","1","0","1","0","0","0","1"
"pro-220","Beastman","1|1|-4|0|0|4|0","1","960","2","2","1","1","1","1","1","0"
"pro-220","Beastman","1|1|-4|0|0|4|0","1","1024","2","2","1","1","1","1","1","0"
"pro-220","Beastman","1|1|-4|0|0|4|0","1","1080","2","2","1","1","1","1","1","1"
"pro-220","Beastman","1|1|-4|0|0|4|0","1","1440","3","3","1","1","1","0","0","1"
"pro-220","Beastman","1|1|-4|0|0|4|0","1","2160","4","4","2","1","0","0","0","1"
"pro-221","Beccie","1|1|-4|1|0|4|0","1","720","1","1","0","1","0","0","0","1"
"pro-221","Beccie","1|1|-4|1|0|4|0","1","768","1","1","0","1","0","0","0","1"
"pro-221","Beccie","1|1|-4|1|0|4|0","1","960","2","2","1","1","1","1","1","0"
"pro-221","Beccie","1|1|-4|1|0|4|0","1","1024","2","2","1","1","1","1","1","0"
"pro-221","Beccie","1|1|-4|1|0|4|0","1","1080","2","2","1","1","1","1","1","1"
"pro-221","Beccie","1|1|-4|1|0|4|0","1","1440","3","3","1","1","1","0","0","1"
"pro-221","Beccie","1|1|-4|1|0|4|0","1","2160","4","4","2","1","0","0","0","1"
"pro-222","beg0d","1|1|-3.5|0|0|4|0","4","720","1","1","0","1","0","0","0","0"
"pro-222","beg0d","1|1|-3.5|0|0|4|0","4","768","1","1","0","1","0","0","0","0"
"pro-222","beg0d","1|1|-3.5|0|0|4|0","4","960","2","2","1","1","1","1","1","1"
"pro-222","beg0d","1|1|-3.5|0|0|4|0","4","1024","2","2","1","1","1","1","1","1"
"pro-222","beg0d","1|1|-3.5|0|0|4|0","4","1080","2","2","1","1","1","1","1","1"
"pro-222","beg0d","1|1|-3.5|0|0|4|0","4","1440","3","3","1","1","1","0","0","1"
"pro-222","beg0d","1|1|-3.5|0|0|4|0","4","2160","4","4","2","1","0","0","0","1"
"pro-223","bekker","1|1|-4.1|0|0|4|0","0","720","1","1","0","1","0","0","0","1"
"pro-223","bekker","1|1|-4.1|0|0|4|0","0","768","1","1","0","1","0","0","0","1"
"pro-223","bekker","1|1|-4.1|0|0|4|0","0","960","2","2","1","1","1","1","1","0"
"pro-223","bekker","1|1|-4.1|0|0|4|0","0","1024","2","2","1","1","1","1","1","0"
"pro-223","bekker","1|1|-4.1|0|0|4|0","0","1080","2","2","1","1","1","1","1","0"
"pro-223","bekker","1|1|-4.1|0|0|4|0","0","1440","3","3","1","1","1","0","0","1"
"pro-223","bekker","1|1|-4.1|0|0|4|0","0","2160","4","4","2","1","0","0","0","1"
"pro-224","BELCHONOKK","1|1|-4|0|0|4|0","1","720","1","1","0","1","0","0","0","1"
"pro-224","BELCHONOKK","1|1|-4|0|0|4|0","1","768","1","1","0","1","0","0","0","1"
"pro-224","BELCHONOKK","1|1|-4|0|0|4|0","1","960","2","2","1","1","1","1","1","0"
"pro-224","BELCHONOKK","1|1|-4|0|0|4|0","1","1024","2","2","1","1","1","1","1","0"
"pro-224","BELCHONOKK","1|1|-4|0|0|4|0","1","1080","2","2","1","1","1","1","1","1"
"pro-224","BELCHONOKK","1|1|-4|0|0|4|0","1","1440","3","3","1","1","1","0","0","1"
"pro-224","BELCHONOKK","1|1|-4|0|0|4|0","1","2160","4","4","2","1","0","0","0","1"
"pro-225","ben1337","1|1|-4|0|0|4|0","1","720","1","1","0","1","0","0","0","1"
"pro-225","ben1337","1|1|-4|0|0|4|0","1","768","1","1","0","1","0","0","0","1"
"pro-225","ben1337","1|1|-4|0|0|4|0","1","960","2","2","1","1","1","1","1","0"
"pro-225","ben1337","1|1|-4|0|0|4|0","1","1024","2","2","1","1","1","1","1","0"
"pro-225","ben1337","1|1|-4|0|0|4|0","1","1080","2","2","1","1","1","1","1","1"
"pro-225","ben1337","1|1|-4|0|0|4|0","1","1440","3","3","1","1","1","0","0","1"
"pro-225","ben1337","1|1|-4|0|0|4|0","1","2160","4","4","2","1","0","0","0","1"
"pro-226","BiBiAhn","1|0|-3|0|0|4|0","2","720","1","1","1","1","0","0","0","1"
"pro-226","BiBiAhn","1|0|-3|0|0|4|0","2","768","1","1","1","1","0","0","0","1"
"pro-226","BiBiAhn","1|0|-3|0|0|4|0","2","960","2","1","1","1","1","1","0","1"
"pro-226","BiBiAhn","1|0|-3|0|0|4|0","2","1024","2","1","1","1","1","1","0","1"
"pro-226","BiBiAhn","1|0|-3|0|0|4|0","2","1080","2","1","1","1","1","1","0","1"
"pro-226","BiBiAhn","1|0|-3|0|0|4|0","2","1440","3","1","1","1","1","0","0","1"
"pro-226","BiBiAhn","1|0|-3|0|0|4|0","2","2160","4","1","1","1","0","0","0","1"
"pro-227","Bibu","1|1|-4|0|0|4|0","1","720","1","1","0","1","0","0","0","1"
"pro-227","Bibu","1|1|-4|0|0|4|0","1","768","1","1","0","1","0","0","0","1"
"pro-227","Bibu","1|1|-4|0|0|4|0","1","960","2","2","1","1","1","1","1","0"
"pro-227","Bibu","1|1|-4|0|0|4|0","1","1024","2","2","1","1","1","1","1","0"
"pro-227","Bibu","1|1|-4|0|0|4|0","1","1080","2","2","1","1","1","1","1","1"
"pro-227","Bibu","1|1|-4|0|0|4|0","1","1440","3","3","1","1","1","0","0","1"
"pro-227","Bibu","1|1|-4|0|0|4|0","1","2160","4","4","2","1","0","0","0","1"
"pro-228","biguzera","1.5|0|-4|0|0|4|0","1","720","2","1","0","1","1","0","0","1"
"pro-228","biguzera","1.5|0|-4|0|0|4|0","1","768","2","1","0","1","1","0","0","1"
"pro-228","biguzera","1.5|0|-4|0|0|4|0","1","960","3","1","0","1","1","1","0","1"
"pro-228","biguzera","1.5|0|-4|0|0|4|0","1","1024","3","1","0","1","1","1","0","1"
"pro-228","biguzera","1.5|0|-4|0|0|4|0","1","1080","3","1","0","1","1","1","0","1"
"pro-228","biguzera","1.5|0|-4|0|0|4|0","1","1440","4","1","0","1","0","0","0","1"
"pro-228","biguzera","1.5|0|-4|0|0|4|0","1","2160","6","1","0","1","0","0","0","1"
"pro-229","birdfromsky","2.5|0.7|-3|0|0|4|0","4","720","3","1","1","1","0","0","0","1"
"pro-229","birdfromsky","2.5|0.7|-3|0|0|4|0","4","768","4","1","1","1","1","0","0","1"
"pro-229","birdfromsky","2.5|0.7|-3|0|0|4|0","4","960","5","1","1","1","1","1","0","1"
"pro-229","birdfromsky","2.5|0.7|-3|0|0|4|0","4","1024","5","1","1","1","1","1","0","1"
"pro-229","birdfromsky","2.5|0.7|-3|0|0|4|0","4","1080","5","1","1","1","0","1","0","1"
"pro-229","birdfromsky","2.5|0.7|-3|0|0|4|0","4","1440","7","2","2","1","0","0","0","0"
"pro-229","birdfromsky","2.5|0.7|-3|0|0|4|0","4","2160","11","3","2","1","1","0","0","1"
"pro-230","Biuckmt","2|0|-3|0|0|4|0","3","720","3","1","1","1","1","0","0","1"
"pro-230","Biuckmt","2|0|-3|0|0|4|0","3","768","3","1","1","1","1","0","0","1"
"pro-230","Biuckmt","2|0|-3|0|0|4|0","3","960","4","1","1","1","1","1","0","1"
"pro-230","Biuckmt","2|0|-3|0|0|4|0","3","1024","4","1","1","1","1","1","0","1"
"pro-230","Biuckmt","2|0|-3|0|0|4|0","3","1080","4","1","1","1","0","1","0","1"
"pro-230","Biuckmt","2|0|-3|0|0|4|0","3","1440","6","1","1","1","1","0","0","1"
"pro-230","Biuckmt","2|0|-3|0|0|4|0","3","2160","9","1","1","1","1","0","0","1"
"pro-231","bl1x1","1|1|-3.5|0|0|4|0","4","720","1","1","0","1","0","0","0","0"
"pro-231","bl1x1","1|1|-3.5|0|0|4|0","4","768","1","1","0","1","0","0","0","0"
"pro-231","bl1x1","1|1|-3.5|0|0|4|0","4","960","2","2","1","1","1","1","1","1"
"pro-231","bl1x1","1|1|-3.5|0|0|4|0","4","1024","2","2","1","1","1","1","1","1"
"pro-231","bl1x1","1|1|-3.5|0|0|4|0","4","1080","2","2","1","1","1","1","1","1"
"pro-231","bl1x1","1|1|-3.5|0|0|4|0","4","1440","3","3","1","1","1","0","0","1"
"pro-231","bl1x1","1|1|-3.5|0|0|4|0","4","2160","4","4","2","1","0","0","0","1"
"pro-233","Bl4zE","0.8|0.8|-3.1|0|0|4|0","0","720","1","1","0","1","1","1","0","0"
"pro-233","Bl4zE","0.8|0.8|-3.1|0|0|4|0","0","768","1","1","0","1","1","1","0","0"
"pro-233","Bl4zE","0.8|0.8|-3.1|0|0|4|0","0","960","1","1","0","1","0","1","0","0"
"pro-233","Bl4zE","0.8|0.8|-3.1|0|0|4|0","0","1024","1","1","0","1","0","1","0","0"
"pro-233","Bl4zE","0.8|0.8|-3.1|0|0|4|0","0","1080","1","1","0","1","0","1","0","0"
"pro-233","Bl4zE","0.8|0.8|-3.1|0|0|4|0","0","1440","2","2","1","1","1","0","0","0"
"pro-233","Bl4zE","0.8|0.8|-3.1|0|0|4|0","0","2160","3","3","1","1","0","0","0","0"
"pro-234","blameF","1|0|-4|1|0|4|0","3","720","1","1","0","1","0","0","0","1"
"pro-234","blameF","1|0|-4|1|0|4|0","3","768","1","1","0","1","0","0","0","1"
"pro-234","blameF","1|0|-4|1|0|4|0","3","960","2","1","0","1","1","1","0","1"
"pro-234","blameF","1|0|-4|1|0|4|0","3","1024","2","1","0","1","1","1","0","1"
"pro-234","blameF","1|0|-4|1|0|4|0","3","1080","2","1","0","1","1","1","0","1"
"pro-234","blameF","1|0|-4|1|0|4|0","3","1440","3","1","0","1","1","0","0","1"
"pro-234","blameF","1|0|-4|1|0|4|0","3","2160","4","1","0","1","0","0","0","1"
"pro-235","blaze","1|1|-4|0|0|4|0","1","720","1","1","0","1","0","0","0","1"
"pro-235","blaze","1|1|-4|0|0|4|0","1","768","1","1","0","1","0","0","0","1"
"pro-235","blaze","1|1|-4|0|0|4|0","1","960","2","2","1","1","1","1","1","0"
"pro-235","blaze","1|1|-4|0|0|4|0","1","1024","2","2","1","1","1","1","1","0"
"pro-235","blaze","1|1|-4|0|0|4|0","1","1080","2","2","1","1","1","1","1","1"
"pro-235","blaze","1|1|-4|0|0|4|0","1","1440","3","3","1","1","1","0","0","1"
"pro-235","blaze","1|1|-4|0|0|4|0","1","2160","4","4","2","1","0","0","0","1"
"pro-236","bLitz","2|0|-4|0|0|4|0","0","720","3","1","0","1","1","0","0","1"
"pro-236","bLitz","2|0|-4|0|0|4|0","0","768","3","1","0","1","1","0","0","1"
"pro-236","bLitz","2|0|-4|0|0|4|0","0","960","4","1","0","1","1","1","0","1"
"pro-236","bLitz","2|0|-4|0|0|4|0","0","1024","4","1","0","1","1","1","0","1"
"pro-236","bLitz","2|0|-4|0|0|4|0","0","1080","4","1","0","1","0","1","0","1"
"pro-236","bLitz","2|0|-4|0|0|4|0","0","1440","6","1","0","1","1","0","0","1"
"pro-236","bLitz","2|0|-4|0|0|4|0","0","2160","9","1","0","1","1","0","0","1"
"pro-237","BlocH","1|1|-4|0|0|4|0","1","720","1","1","0","1","0","0","0","1"
"pro-237","BlocH","1|1|-4|0|0|4|0","1","768","1","1","0","1","0","0","0","1"
"pro-237","BlocH","1|1|-4|0|0|4|0","1","960","2","2","1","1","1","1","1","0"
"pro-237","BlocH","1|1|-4|0|0|4|0","1","1024","2","2","1","1","1","1","1","0"
"pro-237","BlocH","1|1|-4|0|0|4|0","1","1080","2","2","1","1","1","1","1","1"
"pro-237","BlocH","1|1|-4|0|0|4|0","1","1440","3","3","1","1","1","0","0","1"
"pro-237","BlocH","1|1|-4|0|0|4|0","1","2160","4","4","2","1","0","0","0","1"
"pro-238","BluePho3nix","2|1|-2.5|0|0|4|0","0","720","3","1","1","1","0","0","0","0"
"pro-238","BluePho3nix","2|1|-2.5|0|0|4|0","0","768","3","1","1","1","0","0","0","0"
"pro-238","BluePho3nix","2|1|-2.5|0|0|4|0","0","960","4","2","2","1","1","1","1","1"
"pro-238","BluePho3nix","2|1|-2.5|0|0|4|0","0","1024","4","2","2","1","1","1","1","1"
"pro-238","BluePho3nix","2|1|-2.5|0|0|4|0","0","1080","4","2","2","1","0","1","1","1"
"pro-238","BluePho3nix","2|1|-2.5|0|0|4|0","0","1440","6","3","2","1","1","0","0","1"
"pro-238","BluePho3nix","2|1|-2.5|0|0|4|0","0","2160","9","4","3","1","0","0","0","1"
"pro-239","bluewh1te","0|0|-3|1|0|4|0","2","720","0","1","1","1","1","1","0","1"
"pro-239","bluewh1te","0|0|-3|1|0|4|0","2","768","0","1","1","1","1","1","0","1"
"pro-239","bluewh1te","0|0|-3|1|0|4|0","2","960","0","1","1","1","1","1","0","1"
"pro-239","bluewh1te","0|0|-3|1|0|4|0","2","1024","0","1","1","1","1","1","0","1"
"pro-239","bluewh1te","0|0|-3|1|0|4|0","2","1080","0","1","1","1","1","1","0","1"
"pro-239","bluewh1te","0|0|-3|1|0|4|0","2","1440","0","1","1","1","1","1","0","1"
"pro-239","bluewh1te","0|0|-3|1|0|4|0","2","2160","0","1","1","1","1","1","0","1"
"pro-240","Blytz","3|0|-2|0|0|4|0","0","720","4","1","2","1","0","0","0","1"
"pro-240","Blytz","3|0|-2|0|0|4|0","0","768","4","1","2","1","0","0","0","1"
"pro-240","Blytz","3|0|-2|0|0|4|0","0","960","6","1","2","1","1","1","0","1"
"pro-240","Blytz","3|0|-2|0|0|4|0","0","1024","6","1","2","1","1","1","0","1"
"pro-240","Blytz","3|0|-2|0|0|4|0","0","1080","6","1","2","1","0","1","0","1"
"pro-240","Blytz","3|0|-2|0|0|4|0","0","1440","9","1","2","1","1","0","0","1"
"pro-240","Blytz","3|0|-2|0|0|4|0","0","2160","13","1","2","1","0","0","0","1"
"pro-241","bnc","1|1|-4|0|0|4|0","1","720","1","1","0","1","0","0","0","1"
"pro-241","bnc","1|1|-4|0|0|4|0","1","768","1","1","0","1","0","0","0","1"
"pro-241","bnc","1|1|-4|0|0|4|0","1","960","2","2","1","1","1","1","1","0"
"pro-241","bnc","1|1|-4|0|0|4|0","1","1024","2","2","1","1","1","1","1","0"
"pro-241","bnc","1|1|-4|0|0|4|0","1","1080","2","2","1","1","1","1","1","1"
"pro-241","bnc","1|1|-4|0|0|4|0","1","1440","3","3","1","1","1","0","0","1"
"pro-241","bnc","1|1|-4|0|0|4|0","1","2160","4","4","2","1","0","0","0","1"
"pro-242","bnox","1.8|0.1|-2.9|0|0|4|0","1","720","2","1","1","1","0","0","0","0"
"pro-242","bnox","1.8|0.1|-2.9|0|0|4|0","1","768","2","1","1","1","0","0","0","0"
"pro-242","bnox","1.8|0.1|-2.9|0|0|4|0","1","960","3","1","1","1","0","1","0","1"
"pro-242","bnox","1.8|0.1|-2.9|0|0|4|0","1","1024","3","1","1","1","0","1","0","1"
"pro-242","bnox","1.8|0.1|-2.9|0|0|4|0","1","1080","4","1","1","1","1","0","0","1"
"pro-242","bnox","1.8|0.1|-2.9|0|0|4|0","1","1440","5","1","1","1","1","0","0","1"
"pro-242","bnox","1.8|0.1|-2.9|0|0|4|0","1","2160","8","1","1","1","1","0","0","1"
"pro-243","BnTeT","2.5|0.5|0|0|0|4|0","0","720","3","1","4","1","0","0","0","1"
"pro-243","BnTeT","2.5|0.5|0|0|0|4|0","0","768","4","1","4","1","1","0","1","1"
"pro-243","BnTeT","2.5|0.5|0|0|0|4|0","0","960","5","1","4","1","1","1","0","1"
"pro-243","BnTeT","2.5|0.5|0|0|0|4|0","0","1024","5","1","4","1","1","1","0","1"
"pro-243","BnTeT","2.5|0.5|0|0|0|4|0","0","1080","5","1","4","1","0","1","0","1"
"pro-243","BnTeT","2.5|0.5|0|0|0|4|0","0","1440","7","1","4","1","0","0","0","1"
"pro-243","BnTeT","2.5|0.5|0|0|0|4|0","0","2160","11","2","5","1","1","0","0","0"
"pro-244","bobeksde","1|0.9|-4|0|0|4|0","1","720","1","1","0","1","0","0","0","1"
"pro-244","bobeksde","1|0.9|-4|0|0|4|0","1","768","1","1","0","1","0","0","0","1"
"pro-244","bobeksde","1|0.9|-4|0|0|4|0","1","960","2","1","0","1","0","1","0","0"
"pro-244","bobeksde","1|0.9|-4|0|0|4|0","1","1024","2","1","0","1","0","1","0","0"
"pro-244","bobeksde","1|0.9|-4|0|0|4|0","1","1080","2","2","1","1","1","0","0","0"
"pro-244","bobeksde","1|0.9|-4|0|0|4|0","1","1440","3","2","1","1","0","0","0","1"
"pro-244","bobeksde","1|0.9|-4|0|0|4|0","1","2160","4","4","2","1","0","0","0","1"
"pro-245","bodyy","1|1|-3|0|0|4|0","1","720","1","1","1","1","0","0","0","1"
"pro-245","bodyy","1|1|-3|0|0|4|0","1","768","1","1","1","1","0","0","0","1"
"pro-245","bodyy","1|1|-3|0|0|4|0","1","960","2","2","2","1","1","1","1","0"
"pro-245","bodyy","1|1|-3|0|0|4|0","1","1024","2","2","2","1","1","1","1","0"
"pro-245","bodyy","1|1|-3|0|0|4|0","1","1080","2","2","2","1","1","1","1","0"
"pro-245","bodyy","1|1|-3|0|0|4|0","1","1440","3","3","2","1","1","0","0","1"
"pro-245","bodyy","1|1|-3|0|0|4|0","1","2160","4","4","3","1","0","0","0","1"
"pro-246","Bogdan","2|0|-3|0|0|4|0","3","720","3","1","1","1","1","0","0","1"
"pro-246","Bogdan","2|0|-3|0|0|4|0","3","768","3","1","1","1","1","0","0","1"
"pro-246","Bogdan","2|0|-3|0|0|4|0","3","960","4","1","1","1","1","1","0","1"
"pro-246","Bogdan","2|0|-3|0|0|4|0","3","1024","4","1","1","1","1","1","0","1"
"pro-246","Bogdan","2|0|-3|0|0|4|0","3","1080","4","1","1","1","0","1","0","1"
"pro-246","Bogdan","2|0|-3|0|0|4|0","3","1440","6","1","1","1","1","0","0","1"
"pro-246","Bogdan","2|0|-3|0|0|4|0","3","2160","9","1","1","1","1","0","0","1"
"pro-247","bones","0.8|0.9|-1|1|0|4|0","0","720","1","1","3","1","1","1","0","1"
"pro-247","bones","0.8|0.9|-1|1|0|4|0","0","768","1","1","3","1","1","1","0","1"
"pro-247","bones","0.8|0.9|-1|1|0|4|0","0","960","1","1","3","1","0","1","0","0"
"pro-247","bones","0.8|0.9|-1|1|0|4|0","0","1024","1","1","3","1","0","1","0","0"
"pro-247","bones","0.8|0.9|-1|1|0|4|0","0","1080","1","2","4","1","0","0","0","0"
"pro-247","bones","0.8|0.9|-1|1|0|4|0","0","1440","2","2","4","1","0","0","0","1"
"pro-247","bones","0.8|0.9|-1|1|0|4|0","0","2160","3","4","5","1","0","0","0","0"
"pro-248","Boombl4","1|1|-4|0|0|4|0","1","720","1","1","0","1","0","0","0","1"
"pro-248","Boombl4","1|1|-4|0|0|4|0","1","768","1","1","0","1","0","0","0","1"
"pro-248","Boombl4","1|1|-4|0|0|4|0","1","960","2","2","1","1","1","1","1","0"
"pro-248","Boombl4","1|1|-4|0|0|4|0","1","1024","2","2","1","1","1","1","1","0"
"pro-248","Boombl4","1|1|-4|0|0|4|0","1","1080","2","2","1","1","1","1","1","1"
"pro-248","Boombl4","1|1|-4|0|0|4|0","1","1440","3","3","1","1","1","0","0","1"
"pro-248","Boombl4","1|1|-4|0|0|4|0","1","2160","4","4","2","1","0","0","0","1"
"pro-249","borb","0.9|0.8|-3.3|0|0|4|0","2","720","1","1","0","1","1","1","0","0"
"pro-249","borb","0.9|0.8|-3.3|0|0|4|0","2","768","1","1","0","1","1","1","0","0"
"pro-249","borb","0.9|0.8|-3.3|0|0|4|0","2","960","1","1","0","1","0","1","0","0"
"pro-249","borb","0.9|0.8|-3.3|0|0|4|0","2","1024","1","1","0","1","0","1","0","0"
"pro-249","borb","0.9|0.8|-3.3|0|0|4|0","2","1080","2","1","0","1","0","0","0","0"
"pro-249","borb","0.9|0.8|-3.3|0|0|4|0","2","1440","2","2","1","1","0","0","0","1"
"pro-249","borb","0.9|0.8|-3.3|0|0|4|0","2","2160","4","3","1","1","0","0","0","0"
"pro-250","BOROS","0|0.5|-3|1|0|4|0","0","720","0","1","1","1","1","1","1","1"
"pro-250","BOROS","0|0.5|-3|1|0|4|0","0","768","0","1","1","1","1","1","1","1"
"pro-250","BOROS","0|0.5|-3|1|0|4|0","0","960","0","1","1","1","1","1","1","1"
"pro-250","BOROS","0|0.5|-3|1|0|4|0","0","1024","0","1","1","1","1","1","1","1"
"pro-250","BOROS","0|0.5|-3|1|0|4|0","0","1080","0","1","1","1","1","1","1","1"
"pro-250","BOROS","0|0.5|-3|1|0|4|0","0","1440","0","1","1","1","0","1","1","1"
"pro-250","BOROS","0|0.5|-3|1|0|4|0","0","2160","0","2","2","1","1","0","0","1"
"pro-251","Boye","2|0|-3|0|0|4|0","3","720","3","1","1","1","1","0","0","1"
"pro-251","Boye","2|0|-3|0|0|4|0","3","768","3","1","1","1","1","0","0","1"
"pro-251","Boye","2|0|-3|0|0|4|0","3","960","4","1","1","1","1","1","0","1"
"pro-251","Boye","2|0|-3|0|0|4|0","3","1024","4","1","1","1","1","1","0","1"
"pro-251","Boye","2|0|-3|0|0|4|0","3","1080","4","1","1","1","0","1","0","1"
"pro-251","Boye","2|0|-3|0|0|4|0","3","1440","6","1","1","1","1","0","0","1"
"pro-251","Boye","2|0|-3|0|0|4|0","3","2160","9","1","1","1","1","0","0","1"
"pro-252","br0","1.5|0|-3|0|0|4|0","0","720","2","1","1","1","1","0","0","1"
"pro-252","br0","1.5|0|-3|0|0|4|0","0","768","2","1","1","1","1","0","0","1"
"pro-252","br0","1.5|0|-3|0|0|4|0","0","960","3","1","1","1","1","1","0","1"
"pro-252","br0","1.5|0|-3|0|0|4|0","0","1024","3","1","1","1","1","1","0","1"
"pro-252","br0","1.5|0|-3|0|0|4|0","0","1080","3","1","1","1","1","1","0","1"
"pro-252","br0","1.5|0|-3|0|0|4|0","0","1440","4","1","1","1","0","0","0","1"
"pro-252","br0","1.5|0|-3|0|0|4|0","0","2160","6","1","1","1","0","0","0","1"
"pro-253","Br4tkO","1|1|-4|0|0|4|0","1","720","1","1","0","1","0","0","0","1"
"pro-253","Br4tkO","1|1|-4|0|0|4|0","1","768","1","1","0","1","0","0","0","1"
"pro-253","Br4tkO","1|1|-4|0|0|4|0","1","960","2","2","1","1","1","1","1","0"
"pro-253","Br4tkO","1|1|-4|0|0|4|0","1","1024","2","2","1","1","1","1","1","0"
"pro-253","Br4tkO","1|1|-4|0|0|4|0","1","1080","2","2","1","1","1","1","1","1"
"pro-253","Br4tkO","1|1|-4|0|0|4|0","1","1440","3","3","1","1","1","0","0","1"
"pro-253","Br4tkO","1|1|-4|0|0|4|0","1","2160","4","4","2","1","0","0","0","1"
"pro-254","BRACE","2|0|-3|0|0|4|0","3","720","3","1","1","1","1","0","0","1"
"pro-254","BRACE","2|0|-3|0|0|4|0","3","768","3","1","1","1","1","0","0","1"
"pro-254","BRACE","2|0|-3|0|0|4|0","3","960","4","1","1","1","1","1","0","1"
"pro-254","BRACE","2|0|-3|0|0|4|0","3","1024","4","1","1","1","1","1","0","1"
"pro-254","BRACE","2|0|-3|0|0|4|0","3","1080","4","1","1","1","0","1","0","1"
"pro-254","BRACE","2|0|-3|0|0|4|0","3","1440","6","1","1","1","1","0","0","1"
"pro-254","BRACE","2|0|-3|0|0|4|0","3","2160","9","1","1","1","1","0","0","1"
"pro-255","Brain","2|1|-3|0|0|4|0","3","720","3","1","1","1","0","0","0","1"
"pro-255","Brain","2|1|-3|0|0|4|0","3","768","3","1","1","1","0","0","0","1"
"pro-255","Brain","2|1|-3|0|0|4|0","3","960","4","2","2","1","1","1","1","0"
"pro-255","Brain","2|1|-3|0|0|4|0","3","1024","4","2","2","1","1","1","1","0"
"pro-255","Brain","2|1|-3|0|0|4|0","3","1080","4","2","2","1","0","1","1","1"
"pro-255","Brain","2|1|-3|0|0|4|0","3","1440","6","3","2","1","1","0","0","1"
"pro-255","Brain","2|1|-3|0|0|4|0","3","2160","9","4","3","1","0","0","0","1"
"pro-256","brett","1|1|-4|0|0|4|0","1","720","1","1","0","1","0","0","0","1"
"pro-256","brett","1|1|-4|0|0|4|0","1","768","1","1","0","1","0","0","0","1"
"pro-256","brett","1|1|-4|0|0|4|0","1","960","2","2","1","1","1","1","1","0"
"pro-256","brett","1|1|-4|0|0|4|0","1","1024","2","2","1","1","1","1","1","0"
"pro-256","brett","1|1|-4|0|0|4|0","1","1080","2","2","1","1","1","1","1","1"
"pro-256","brett","1|1|-4|0|0|4|0","1","1440","3","3","1","1","1","0","0","1"
"pro-256","brett","1|1|-4|0|0|4|0","1","2160","4","4","2","1","0","0","0","1"
"pro-257","brn$","1|1|-4|0|0|4|0","1","720","1","1","0","1","0","0","0","1"
"pro-257","brn$","1|1|-4|0|0|4|0","1","768","1","1","0","1","0","0","0","1"
"pro-257","brn$","1|1|-4|0|0|4|0","1","960","2","2","1","1","1","1","1","0"
"pro-257","brn$","1|1|-4|0|0|4|0","1","1024","2","2","1","1","1","1","1","0"
"pro-257","brn$","1|1|-4|0|0|4|0","1","1080","2","2","1","1","1","1","1","1"
"pro-257","brn$","1|1|-4|0|0|4|0","1","1440","3","3","1","1","1","0","0","1"
"pro-257","brn$","1|1|-4|0|0|4|0","1","2160","4","4","2","1","0","0","0","1"
"pro-258","brnz4n","2|1|-3|0|0|4|0","3","720","3","1","1","1","0","0","0","1"
"pro-258","brnz4n","2|1|-3|0|0|4|0","3","768","3","1","1","1","0","0","0","1"
"pro-258","brnz4n","2|1|-3|0|0|4|0","3","960","4","2","2","1","1","1","1","0"
"pro-258","brnz4n","2|1|-3|0|0|4|0","3","1024","4","2","2","1","1","1","1","0"
"pro-258","brnz4n","2|1|-3|0|0|4|0","3","1080","4","2","2","1","0","1","1","1"
"pro-258","brnz4n","2|1|-3|0|0|4|0","3","1440","6","3","2","1","1","0","0","1"
"pro-258","brnz4n","2|1|-3|0|0|4|0","3","2160","9","4","3","1","0","0","0","1"
"pro-259","Brollan","1|1|-4|0|0|4|0","1","720","1","1","0","1","0","0","0","1"
"pro-259","Brollan","1|1|-4|0|0|4|0","1","768","1","1","0","1","0","0","0","1"
"pro-259","Brollan","1|1|-4|0|0|4|0","1","960","2","2","1","1","1","1","1","0"
"pro-259","Brollan","1|1|-4|0|0|4|0","1","1024","2","2","1","1","1","1","1","0"
"pro-259","Brollan","1|1|-4|0|0|4|0","1","1080","2","2","1","1","1","1","1","1"
"pro-259","Brollan","1|1|-4|0|0|4|0","1","1440","3","3","1","1","1","0","0","1"
"pro-259","Brollan","1|1|-4|0|0|4|0","1","2160","4","4","2","1","0","0","0","1"
"pro-261","Bruninho","1.2|0.5|-1.8|0|0|4|0","1","720","1","1","2","1","0","0","0","1"
"pro-261","Bruninho","1.2|0.5|-1.8|0|0|4|0","1","768","1","1","2","1","0","0","0","0"
"pro-261","Bruninho","1.2|0.5|-1.8|0|0|4|0","1","960","2","1","2","1","1","1","1","1"
"pro-261","Bruninho","1.2|0.5|-1.8|0|0|4|0","1","1024","2","1","2","1","0","1","1","1"
"pro-261","Bruninho","1.2|0.5|-1.8|0|0|4|0","1","1080","2","1","2","1","0","1","1","1"
"pro-261","Bruninho","1.2|0.5|-1.8|0|0|4|0","1","1440","3","1","2","1","0","0","0","1"
"pro-261","Bruninho","1.2|0.5|-1.8|0|0|4|0","1","2160","5","2","3","1","1","0","0","1"
"pro-262","brutmonster","2|0|-3|0|0|4|0","3","720","3","1","1","1","1","0","0","1"
"pro-262","brutmonster","2|0|-3|0|0|4|0","3","768","3","1","1","1","1","0","0","1"
"pro-262","brutmonster","2|0|-3|0|0|4|0","3","960","4","1","1","1","1","1","0","1"
"pro-262","brutmonster","2|0|-3|0|0|4|0","3","1024","4","1","1","1","1","1","0","1"
"pro-262","brutmonster","2|0|-3|0|0|4|0","3","1080","4","1","1","1","0","1","0","1"
"pro-262","brutmonster","2|0|-3|0|0|4|0","3","1440","6","1","1","1","1","0","0","1"
"pro-262","brutmonster","2|0|-3|0|0|4|0","3","2160","9","1","1","1","1","0","0","1"
"pro-263","bsd","1.4|0.6|-5|0|0|4|0","2","720","2","1","-1","1","1","1","0","1"
"pro-263","bsd","1.4|0.6|-5|0|0|4|0","2","768","2","1","-1","1","1","1","0","1"
"pro-263","bsd","1.4|0.6|-5|0|0|4|0","2","960","2","1","-1","1","0","1","0","1"
"pro-263","bsd","1.4|0.6|-5|0|0|4|0","2","1024","2","1","-1","1","0","1","0","0"
"pro-263","bsd","1.4|0.6|-5|0|0|4|0","2","1080","3","1","-1","1","1","0","0","1"
"pro-263","bsd","1.4|0.6|-5|0|0|4|0","2","1440","4","1","-1","1","0","0","0","0"
"pro-263","bsd","1.4|0.6|-5|0|0|4|0","2","2160","6","2","0","1","0","0","0","1"
"pro-264","BTN","1|1|-4|0|0|4|0","1","720","1","1","0","1","0","0","0","1"
"pro-264","BTN","1|1|-4|0|0|4|0","1","768","1","1","0","1","0","0","0","1"
"pro-264","BTN","1|1|-4|0|0|4|0","1","960","2","2","1","1","1","1","1","0"
"pro-264","BTN","1|1|-4|0|0|4|0","1","1024","2","2","1","1","1","1","1","0"
"pro-264","BTN","1|1|-4|0|0|4|0","1","1080","2","2","1","1","1","1","1","1"
"pro-264","BTN","1|1|-4|0|0|4|0","1","1440","3","3","1","1","1","0","0","1"
"pro-264","BTN","1|1|-4|0|0|4|0","1","2160","4","4","2","1","0","0","0","1"
"pro-265","bubble","0.9|1|-4|0|0|4|0","2","720","1","1","0","1","0","0","0","1"
"pro-265","bubble","0.9|1|-4|0|0|4|0","2","768","1","1","0","1","0","0","0","1"
"pro-265","bubble","0.9|1|-4|0|0|4|0","2","960","1","2","1","1","0","1","0","0"
"pro-265","bubble","0.9|1|-4|0|0|4|0","2","1024","1","2","1","1","0","1","0","0"
"pro-265","bubble","0.9|1|-4|0|0|4|0","2","1080","2","2","1","1","1","0","0","1"
"pro-265","bubble","0.9|1|-4|0|0|4|0","2","1440","2","3","1","1","0","0","0","1"
"pro-265","bubble","0.9|1|-4|0|0|4|0","2","2160","4","4","2","1","0","0","0","1"
"pro-266","buda","1|1|-4|0|0|4|0","1","720","1","1","0","1","0","0","0","1"
"pro-266","buda","1|1|-4|0|0|4|0","1","768","1","1","0","1","0","0","0","1"
"pro-266","buda","1|1|-4|0|0|4|0","1","960","2","2","1","1","1","1","1","0"
"pro-266","buda","1|1|-4|0|0|4|0","1","1024","2","2","1","1","1","1","1","0"
"pro-266","buda","1|1|-4|0|0|4|0","1","1080","2","2","1","1","1","1","1","1"
"pro-266","buda","1|1|-4|0|0|4|0","1","1440","3","3","1","1","1","0","0","1"
"pro-266","buda","1|1|-4|0|0|4|0","1","2160","4","4","2","1","0","0","0","1"
"pro-267","Burglar","1|0|-5|0|0|4|0","3","720","1","1","-1","1","0","0","0","1"
"pro-267","Burglar","1|0|-5|0|0|4|0","3","768","1","1","-1","1","0","0","0","1"
"pro-267","Burglar","1|0|-5|0|0|4|0","3","960","2","1","-1","1","1","1","0","1"
"pro-267","Burglar","1|0|-5|0|0|4|0","3","1024","2","1","-1","1","1","1","0","1"
"pro-267","Burglar","1|0|-5|0|0|4|0","3","1080","2","1","-1","1","1","1","0","1"
"pro-267","Burglar","1|0|-5|0|0|4|0","3","1440","3","1","-1","1","1","0","0","1"
"pro-267","Burglar","1|0|-5|0|0|4|0","3","2160","4","1","-1","1","0","0","0","1"
"pro-268","Burmylov","1|1|-5|0|0|4|0","4","720","1","1","-1","1","0","0","0","1"
"pro-268","Burmylov","1|1|-5|0|0|4|0","4","768","1","1","-1","1","0","0","0","1"
"pro-268","Burmylov","1|1|-5|0|0|4|0","4","960","2","2","0","1","1","1","1","0"
"pro-268","Burmylov","1|1|-5|0|0|4|0","4","1024","2","2","0","1","1","1","1","1"
"pro-268","Burmylov","1|1|-5|0|0|4|0","4","1080","2","2","0","1","1","1","1","1"
"pro-268","Burmylov","1|1|-5|0|0|4|0","4","1440","3","3","0","1","1","0","0","1"
"pro-268","Burmylov","1|1|-5|0|0|4|0","4","2160","4","4","1","1","0","0","0","1"
"pro-269","buster","2|0|-4|0|0|4|0","0","720","3","1","0","1","1","0","0","1"
"pro-269","buster","2|0|-4|0|0|4|0","0","768","3","1","0","1","1","0","0","1"
"pro-269","buster","2|0|-4|0|0|4|0","0","960","4","1","0","1","1","1","0","1"
"pro-269","buster","2|0|-4|0|0|4|0","0","1024","4","1","0","1","1","1","0","1"
"pro-269","buster","2|0|-4|0|0|4|0","0","1080","4","1","0","1","0","1","0","1"
"pro-269","buster","2|0|-4|0|0|4|0","0","1440","6","1","0","1","1","0","0","1"
"pro-269","buster","2|0|-4|0|0|4|0","0","2160","9","1","0","1","1","0","0","1"
"pro-270","Buzz","2|1|-3|0|0|4|0","3","720","3","1","1","1","0","0","0","1"
"pro-270","Buzz","2|1|-3|0|0|4|0","3","768","3","1","1","1","0","0","0","1"
"pro-270","Buzz","2|1|-3|0|0|4|0","3","960","4","2","2","1","1","1","1","0"
"pro-270","Buzz","2|1|-3|0|0|4|0","3","1024","4","2","2","1","1","1","1","0"
"pro-270","Buzz","2|1|-3|0|0|4|0","3","1080","4","2","2","1","0","1","1","1"
"pro-270","Buzz","2|1|-3|0|0|4|0","3","1440","6","3","2","1","1","0","0","1"
"pro-270","Buzz","2|1|-3|0|0|4|0","3","2160","9","4","3","1","0","0","0","1"
"pro-271","Bwills","1|1|-4|0|0|4|0","1","720","1","1","0","1","0","0","0","1"
"pro-271","Bwills","1|1|-4|0|0|4|0","1","768","1","1","0","1","0","0","0","1"
"pro-271","Bwills","1|1|-4|0|0|4|0","1","960","2","2","1","1","1","1","1","0"
"pro-271","Bwills","1|1|-4|0|0|4|0","1","1024","2","2","1","1","1","1","1","0"
"pro-271","Bwills","1|1|-4|0|0|4|0","1","1080","2","2","1","1","1","1","1","1"
"pro-271","Bwills","1|1|-4|0|0|4|0","1","1440","3","3","1","1","1","0","0","1"
"pro-271","Bwills","1|1|-4|0|0|4|0","1","2160","4","4","2","1","0","0","0","1"
"pro-272","Bymas","2|0|-3|0|0|4|0","3","720","3","1","1","1","1","0","0","1"
"pro-272","Bymas","2|0|-3|0|0|4|0","3","768","3","1","1","1","1","0","0","1"
"pro-272","Bymas","2|0|-3|0|0|4|0","3","960","4","1","1","1","1","1","0","1"
"pro-272","Bymas","2|0|-3|0|0|4|0","3","1024","4","1","1","1","1","1","0","1"
"pro-272","Bymas","2|0|-3|0|0|4|0","3","1080","4","1","1","1","0","1","0","1"
"pro-272","Bymas","2|0|-3|0|0|4|0","3","1440","6","1","1","1","1","0","0","1"
"pro-272","Bymas","2|0|-3|0|0|4|0","3","2160","9","1","1","1","1","0","0","1"
"pro-274","BZA","1|1.5|-4|0|0|4|0","3","720","1","2","1","1","0","0","0","1"
"pro-274","BZA","1|1.5|-4|0|0|4|0","3","768","1","2","1","1","0","0","0","1"
"pro-274","BZA","1|1.5|-4|0|0|4|0","3","960","2","3","1","1","1","1","1","1"
"pro-274","BZA","1|1.5|-4|0|0|4|0","3","1024","2","3","1","1","1","1","1","1"
"pro-274","BZA","1|1.5|-4|0|0|4|0","3","1080","2","3","1","1","1","1","1","1"
"pro-274","BZA","1|1.5|-4|0|0|4|0","3","1440","3","4","2","1","0","0","0","1"
"pro-274","BZA","1|1.5|-4|0|0|4|0","3","2160","4","6","3","1","0","0","0","1"
"pro-275","c0llins","1|1|-4|0|0|4|0","1","720","1","1","0","1","0","0","0","1"
"pro-275","c0llins","1|1|-4|0|0|4|0","1","768","1","1","0","1","0","0","0","1"
"pro-275","c0llins","1|1|-4|0|0|4|0","1","960","2","2","1","1","1","1","1","0"
"pro-275","c0llins","1|1|-4|0|0|4|0","1","1024","2","2","1","1","1","1","1","0"
"pro-275","c0llins","1|1|-4|0|0|4|0","1","1080","2","2","1","1","1","1","1","1"
"pro-275","c0llins","1|1|-4|0|0|4|0","1","1440","3","3","1","1","1","0","0","1"
"pro-275","c0llins","1|1|-4|0|0|4|0","1","2160","4","4","2","1","0","0","0","1"
"pro-276","C4LLM3SU3","0.9|0.8|-3.7|0|0|4|0","1","720","1","1","0","1","1","1","0","1"
"pro-276","C4LLM3SU3","0.9|0.8|-3.7|0|0|4|0","1","768","1","1","0","1","1","1","0","1"
"pro-276","C4LLM3SU3","0.9|0.8|-3.7|0|0|4|0","1","960","1","1","0","1","0","1","0","1"
"pro-276","C4LLM3SU3","0.9|0.8|-3.7|0|0|4|0","1","1024","1","1","0","1","0","1","0","0"
"pro-276","C4LLM3SU3","0.9|0.8|-3.7|0|0|4|0","1","1080","2","1","0","1","0","0","0","0"
"pro-276","C4LLM3SU3","0.9|0.8|-3.7|0|0|4|0","1","1440","2","2","1","1","0","0","0","1"
"pro-276","C4LLM3SU3","0.9|0.8|-3.7|0|0|4|0","1","2160","4","3","1","1","0","0","0","0"
"pro-277","Cabbi","1|0|-4|0|0|4|0","3","720","1","1","0","1","0","0","0","1"
"pro-277","Cabbi","1|0|-4|0|0|4|0","3","768","1","1","0","1","0","0","0","1"
"pro-277","Cabbi","1|0|-4|0|0|4|0","3","960","2","1","0","1","1","1","0","1"
"pro-277","Cabbi","1|0|-4|0|0|4|0","3","1024","2","1","0","1","1","1","0","1"
"pro-277","Cabbi","1|0|-4|0|0|4|0","3","1080","2","1","0","1","1","1","0","1"
"pro-277","Cabbi","1|0|-4|0|0|4|0","3","1440","3","1","0","1","1","0","0","1"
"pro-277","Cabbi","1|0|-4|0|0|4|0","3","2160","4","1","0","1","0","0","0","1"
"pro-278","CacaNito","1|0|-4|0|0|4|0","3","720","1","1","0","1","0","0","0","1"
"pro-278","CacaNito","1|0|-4|0|0|4|0","3","768","1","1","0","1","0","0","0","1"
"pro-278","CacaNito","1|0|-4|0|0|4|0","3","960","2","1","0","1","1","1","0","1"
"pro-278","CacaNito","1|0|-4|0|0|4|0","3","1024","2","1","0","1","1","1","0","1"
"pro-278","CacaNito","1|0|-4|0|0|4|0","3","1080","2","1","0","1","1","1","0","1"
"pro-278","CacaNito","1|0|-4|0|0|4|0","3","1440","3","1","0","1","1","0","0","1"
"pro-278","CacaNito","1|0|-4|0|0|4|0","3","2160","4","1","0","1","0","0","0","1"
"pro-279","cadiaN","1|1|-4|0|0|4|0","1","720","1","1","0","1","0","0","0","1"
"pro-279","cadiaN","1|1|-4|0|0|4|0","1","768","1","1","0","1","0","0","0","1"
"pro-279","cadiaN","1|1|-4|0|0|4|0","1","960","2","2","1","1","1","1","1","0"
"pro-279","cadiaN","1|1|-4|0|0|4|0","1","1024","2","2","1","1","1","1","1","0"
"pro-279","cadiaN","1|1|-4|0|0|4|0","1","1080","2","2","1","1","1","1","1","1"
"pro-279","cadiaN","1|1|-4|0|0|4|0","1","1440","3","3","1","1","1","0","0","1"
"pro-279","cadiaN","1|1|-4|0|0|4|0","1","2160","4","4","2","1","0","0","0","1"
"pro-280","cairne","1|1|-4|0|0|4|0","1","720","1","1","0","1","0","0","0","1"
"pro-280","cairne","1|1|-4|0|0|4|0","1","768","1","1","0","1","0","0","0","1"
"pro-280","cairne","1|1|-4|0|0|4|0","1","960","2","2","1","1","1","1","1","0"
"pro-280","cairne","1|1|-4|0|0|4|0","1","1024","2","2","1","1","1","1","1","0"
"pro-280","cairne","1|1|-4|0|0|4|0","1","1080","2","2","1","1","1","1","1","1"
"pro-280","cairne","1|1|-4|0|0|4|0","1","1440","3","3","1","1","1","0","0","1"
"pro-280","cairne","1|1|-4|0|0|4|0","1","2160","4","4","2","1","0","0","0","1"
"pro-281","calamity","0|0.5|-5|1|0|4|0","1","720","0","1","-1","1","1","1","1","1"
"pro-281","calamity","0|0.5|-5|1|0|4|0","1","768","0","1","-1","1","1","1","1","1"
"pro-281","calamity","0|0.5|-5|1|0|4|0","1","960","0","1","-1","1","1","1","1","1"
"pro-281","calamity","0|0.5|-5|1|0|4|0","1","1024","0","1","-1","1","1","1","1","1"
"pro-281","calamity","0|0.5|-5|1|0|4|0","1","1080","0","1","-1","1","1","1","1","1"
"pro-281","calamity","0|0.5|-5|1|0|4|0","1","1440","0","1","-1","1","0","1","1","1"
"pro-281","calamity","0|0.5|-5|1|0|4|0","1","2160","0","2","0","1","1","0","0","1"
"pro-282","Calyx","1|1|-4|0|0|4|0","1","720","1","1","0","1","0","0","0","1"
"pro-282","Calyx","1|1|-4|0|0|4|0","1","768","1","1","0","1","0","0","0","1"
"pro-282","Calyx","1|1|-4|0|0|4|0","1","960","2","2","1","1","1","1","1","0"
"pro-282","Calyx","1|1|-4|0|0|4|0","1","1024","2","2","1","1","1","1","1","0"
"pro-282","Calyx","1|1|-4|0|0|4|0","1","1080","2","2","1","1","1","1","1","1"
"pro-282","Calyx","1|1|-4|0|0|4|0","1","1440","3","3","1","1","1","0","0","1"
"pro-282","Calyx","1|1|-4|0|0|4|0","1","2160","4","4","2","1","0","0","0","1"
"pro-283","captainMo","1|1|-3|0|0|4|0","1","720","1","1","1","1","0","0","0","1"
"pro-283","captainMo","1|1|-3|0|0|4|0","1","768","1","1","1","1","0","0","0","1"
"pro-283","captainMo","1|1|-3|0|0|4|0","1","960","2","2","2","1","1","1","1","0"
"pro-283","captainMo","1|1|-3|0|0|4|0","1","1024","2","2","2","1","1","1","1","0"
"pro-283","captainMo","1|1|-3|0|0|4|0","1","1080","2","2","2","1","1","1","1","0"
"pro-283","captainMo","1|1|-3|0|0|4|0","1","1440","3","3","2","1","1","0","0","1"
"pro-283","captainMo","1|1|-3|0|0|4|0","1","2160","4","4","3","1","0","0","0","1"
"pro-284","card","2|1|-4|0|0|4|0","3","720","3","1","0","1","0","0","0","1"
"pro-284","card","2|1|-4|0|0|4|0","3","768","3","1","0","1","0","0","0","1"
"pro-284","card","2|1|-4|0|0|4|0","3","960","4","2","1","1","1","1","1","0"
"pro-284","card","2|1|-4|0|0|4|0","3","1024","4","2","1","1","1","1","1","1"
"pro-284","card","2|1|-4|0|0|4|0","3","1080","4","2","1","1","0","1","1","1"
"pro-284","card","2|1|-4|0|0|4|0","3","1440","6","3","1","1","1","0","0","1"
"pro-284","card","2|1|-4|0|0|4|0","3","2160","9","4","2","1","0","0","0","1"
"pro-285","cass1n","1|1|-4|0|0|4|0","1","720","1","1","0","1","0","0","0","1"
"pro-285","cass1n","1|1|-4|0|0|4|0","1","768","1","1","0","1","0","0","0","1"
"pro-285","cass1n","1|1|-4|0|0|4|0","1","960","2","2","1","1","1","1","1","0"
"pro-285","cass1n","1|1|-4|0|0|4|0","1","1024","2","2","1","1","1","1","1","0"
"pro-285","cass1n","1|1|-4|0|0|4|0","1","1080","2","2","1","1","1","1","1","1"
"pro-285","cass1n","1|1|-4|0|0|4|0","1","1440","3","3","1","1","1","0","0","1"
"pro-285","cass1n","1|1|-4|0|0|4|0","1","2160","4","4","2","1","0","0","0","1"
"pro-286","cbass","1.5|0|-1|0|0|4|0","3","720","2","1","3","1","1","0","0","1"
"pro-286","cbass","1.5|0|-1|0|0|4|0","3","768","2","1","3","1","1","0","0","1"
"pro-286","cbass","1.5|0|-1|0|0|4|0","3","960","3","1","3","1","1","1","0","1"
"pro-286","cbass","1.5|0|-1|0|0|4|0","3","1024","3","1","3","1","1","1","0","1"
"pro-286","cbass","1.5|0|-1|0|0|4|0","3","1080","3","1","3","1","1","1","0","1"
"pro-286","cbass","1.5|0|-1|0|0|4|0","3","1440","4","1","3","1","0","0","0","1"
"pro-286","cbass","1.5|0|-1|0|0|4|0","3","2160","6","1","3","1","0","0","0","1"
"pro-287","cej0t","1|1|-4|0|0|4|0","1","720","1","1","0","1","0","0","0","1"
"pro-287","cej0t","1|1|-4|0|0|4|0","1","768","1","1","0","1","0","0","0","1"
"pro-287","cej0t","1|1|-4|0|0|4|0","1","960","2","2","1","1","1","1","1","0"
"pro-287","cej0t","1|1|-4|0|0|4|0","1","1024","2","2","1","1","1","1","1","0"
"pro-287","cej0t","1|1|-4|0|0|4|0","1","1080","2","2","1","1","1","1","1","1"
"pro-287","cej0t","1|1|-4|0|0|4|0","1","1440","3","3","1","1","1","0","0","1"
"pro-287","cej0t","1|1|-4|0|0|4|0","1","2160","4","4","2","1","0","0","0","1"
"pro-288","cerolzin","1|0|-4|0|0|4|0","3","720","1","1","0","1","0","0","0","1"
"pro-288","cerolzin","1|0|-4|0|0|4|0","3","768","1","1","0","1","0","0","0","1"
"pro-288","cerolzin","1|0|-4|0|0|4|0","3","960","2","1","0","1","1","1","0","1"
"pro-288","cerolzin","1|0|-4|0|0|4|0","3","1024","2","1","0","1","1","1","0","1"
"pro-288","cerolzin","1|0|-4|0|0|4|0","3","1080","2","1","0","1","1","1","0","1"
"pro-288","cerolzin","1|0|-4|0|0|4|0","3","1440","3","1","0","1","1","0","0","1"
"pro-288","cerolzin","1|0|-4|0|0|4|0","3","2160","4","1","0","1","0","0","0","1"
"pro-289","CeRq","1|1|-4|0|0|4|0","1","720","1","1","0","1","0","0","0","1"
"pro-289","CeRq","1|1|-4|0|0|4|0","1","768","1","1","0","1","0","0","0","1"
"pro-289","CeRq","1|1|-4|0|0|4|0","1","960","2","2","1","1","1","1","1","0"
"pro-289","CeRq","1|1|-4|0|0|4|0","1","1024","2","2","1","1","1","1","1","0"
"pro-289","CeRq","1|1|-4|0|0|4|0","1","1080","2","2","1","1","1","1","1","1"
"pro-289","CeRq","1|1|-4|0|0|4|0","1","1440","3","3","1","1","1","0","0","1"
"pro-289","CeRq","1|1|-4|0|0|4|0","1","2160","4","4","2","1","0","0","0","1"
"pro-290","chawzyyy","1.5|0|-3|0|0|4|0","0","720","2","1","1","1","1","0","0","1"
"pro-290","chawzyyy","1.5|0|-3|0|0|4|0","0","768","2","1","1","1","1","0","0","1"
"pro-290","chawzyyy","1.5|0|-3|0|0|4|0","0","960","3","1","1","1","1","1","0","1"
"pro-290","chawzyyy","1.5|0|-3|0|0|4|0","0","1024","3","1","1","1","1","1","0","1"
"pro-290","chawzyyy","1.5|0|-3|0|0|4|0","0","1080","3","1","1","1","1","1","0","1"
"pro-290","chawzyyy","1.5|0|-3|0|0|4|0","0","1440","4","1","1","1","0","0","0","1"
"pro-290","chawzyyy","1.5|0|-3|0|0|4|0","0","2160","6","1","1","1","0","0","0","1"
"pro-291","chayJESUS","1|1|-4|0|0|4|0","1","720","1","1","0","1","0","0","0","1"
"pro-291","chayJESUS","1|1|-4|0|0|4|0","1","768","1","1","0","1","0","0","0","1"
"pro-291","chayJESUS","1|1|-4|0|0|4|0","1","960","2","2","1","1","1","1","1","0"
"pro-291","chayJESUS","1|1|-4|0|0|4|0","1","1024","2","2","1","1","1","1","1","0"
"pro-291","chayJESUS","1|1|-4|0|0|4|0","1","1080","2","2","1","1","1","1","1","1"
"pro-291","chayJESUS","1|1|-4|0|0|4|0","1","1440","3","3","1","1","1","0","0","1"
"pro-291","chayJESUS","1|1|-4|0|0|4|0","1","2160","4","4","2","1","0","0","0","1"
"pro-292","chelleos","2|0.6|-2.2|0|0|4|0","4","720","3","1","1","1","1","0","0","0"
"pro-292","chelleos","2|0.6|-2.2|0|0|4|0","4","768","3","1","1","1","1","0","0","0"
"pro-292","chelleos","2|0.6|-2.2|0|0|4|0","4","960","4","1","1","1","1","1","0","0"
"pro-292","chelleos","2|0.6|-2.2|0|0|4|0","4","1024","4","1","1","1","1","1","0","0"
"pro-292","chelleos","2|0.6|-2.2|0|0|4|0","4","1080","4","1","1","1","0","1","0","0"
"pro-292","chelleos","2|0.6|-2.2|0|0|4|0","4","1440","6","1","1","1","0","0","0","0"
"pro-292","chelleos","2|0.6|-2.2|0|0|4|0","4","2160","9","2","2","1","0","0","0","0"
"pro-293","chelo","3|1.5|-2|0|0|4|0","0","720","4","2","3","1","0","0","0","0"
"pro-293","chelo","3|1.5|-2|0|0|4|0","0","768","4","2","3","1","0","0","0","1"
"pro-293","chelo","3|1.5|-2|0|0|4|0","0","960","6","3","3","1","1","1","0","1"
"pro-293","chelo","3|1.5|-2|0|0|4|0","0","1024","6","3","3","1","1","1","0","1"
"pro-293","chelo","3|1.5|-2|0|0|4|0","0","1080","6","3","3","1","0","1","0","1"
"pro-293","chelo","3|1.5|-2|0|0|4|0","0","1440","9","4","4","1","0","0","0","1"
"pro-293","chelo","3|1.5|-2|0|0|4|0","0","2160","13","6","5","1","0","0","0","1"
"pro-294","ChildKing","1|1|-4|0|0|4|0","1","720","1","1","0","1","0","0","0","1"
"pro-294","ChildKing","1|1|-4|0|0|4|0","1","768","1","1","0","1","0","0","0","1"
"pro-294","ChildKing","1|1|-4|0|0|4|0","1","960","2","2","1","1","1","1","1","0"
"pro-294","ChildKing","1|1|-4|0|0|4|0","1","1024","2","2","1","1","1","1","1","0"
"pro-294","ChildKing","1|1|-4|0|0|4|0","1","1080","2","2","1","1","1","1","1","1"
"pro-294","ChildKing","1|1|-4|0|0|4|0","1","1440","3","3","1","1","1","0","0","1"
"pro-294","ChildKing","1|1|-4|0|0|4|0","1","2160","4","4","2","1","0","0","0","1"
"pro-295","Chill","1|1|-5|0|0|4|0","4","720","1","1","-1","1","0","0","0","1"
"pro-295","Chill","1|1|-5|0|0|4|0","4","768","1","1","-1","1","0","0","0","1"
"pro-295","Chill","1|1|-5|0|0|4|0","4","960","2","2","0","1","1","1","1","0"
"pro-295","Chill","1|1|-5|0|0|4|0","4","1024","2","2","0","1","1","1","1","1"
"pro-295","Chill","1|1|-5|0|0|4|0","4","1080","2","2","0","1","1","1","1","1"
"pro-295","Chill","1|1|-5|0|0|4|0","4","1440","3","3","0","1","1","0","0","1"
"pro-295","Chill","1|1|-5|0|0|4|0","4","2160","4","4","1","1","0","0","0","1"
"pro-296","ChipaaN","2.6|0.9|-1.8|0|0|4|0","3","720","3","1","2","1","0","0","0","0"
"pro-296","ChipaaN","2.6|0.9|-1.8|0|0|4|0","3","768","4","1","2","1","1","0","0","1"
"pro-296","ChipaaN","2.6|0.9|-1.8|0|0|4|0","3","960","5","1","2","1","0","1","0","0"
"pro-296","ChipaaN","2.6|0.9|-1.8|0|0|4|0","3","1024","5","1","2","1","0","1","0","0"
"pro-296","ChipaaN","2.6|0.9|-1.8|0|0|4|0","3","1080","5","2","3","1","0","0","0","1"
"pro-296","ChipaaN","2.6|0.9|-1.8|0|0|4|0","3","1440","7","2","3","1","0","0","0","1"
"pro-296","ChipaaN","2.6|0.9|-1.8|0|0|4|0","3","2160","11","4","4","1","0","0","0","1"
"pro-297","choiv7","1.5|1|-3|0|0|4|0","1","720","2","1","1","1","0","0","0","1"
"pro-297","choiv7","1.5|1|-3|0|0|4|0","1","768","2","1","1","1","0","0","0","1"
"pro-297","choiv7","1.5|1|-3|0|0|4|0","1","960","3","2","2","1","1","1","0","0"
"pro-297","choiv7","1.5|1|-3|0|0|4|0","1","1024","3","2","2","1","1","1","0","0"
"pro-297","choiv7","1.5|1|-3|0|0|4|0","1","1080","3","2","2","1","1","1","0","1"
"pro-297","choiv7","1.5|1|-3|0|0|4|0","1","1440","4","3","2","1","0","0","0","1"
"pro-297","choiv7","1.5|1|-3|0|0|4|0","1","2160","6","4","3","1","0","0","0","1"
"pro-298","chop","1.5|0.5|-3|0|0|4|0","4","720","2","1","1","1","1","0","1","1"
"pro-298","chop","1.5|0.5|-3|0|0|4|0","4","768","2","1","1","1","1","0","1","1"
"pro-298","chop","1.5|0.5|-3|0|0|4|0","4","960","3","1","1","1","1","1","0","1"
"pro-298","chop","1.5|0.5|-3|0|0|4|0","4","1024","3","1","1","1","1","1","0","1"
"pro-298","chop","1.5|0.5|-3|0|0|4|0","4","1080","3","1","1","1","1","1","0","1"
"pro-298","chop","1.5|0.5|-3|0|0|4|0","4","1440","4","1","1","1","0","0","0","1"
"pro-298","chop","1.5|0.5|-3|0|0|4|0","4","2160","6","2","2","1","0","0","0","1"
"pro-299","chopper","2|1|-2|0|0|4|0","0","720","3","1","2","1","0","0","0","1"
"pro-299","chopper","2|1|-2|0|0|4|0","0","768","3","1","2","1","0","0","0","1"
"pro-299","chopper","2|1|-2|0|0|4|0","0","960","4","2","3","1","1","1","1","0"
"pro-299","chopper","2|1|-2|0|0|4|0","0","1024","4","2","3","1","1","1","1","0"
"pro-299","chopper","2|1|-2|0|0|4|0","0","1080","4","2","3","1","0","1","1","0"
"pro-299","chopper","2|1|-2|0|0|4|0","0","1440","6","3","3","1","1","0","0","1"
"pro-299","chopper","2|1|-2|0|0|4|0","0","2160","9","4","4","1","0","0","0","1"
"pro-300","Chr1zN","2|1|-3|0|0|4|0","3","720","3","1","1","1","0","0","0","1"
"pro-300","Chr1zN","2|1|-3|0|0|4|0","3","768","3","1","1","1","0","0","0","1"
"pro-300","Chr1zN","2|1|-3|0|0|4|0","3","960","4","2","2","1","1","1","1","0"
"pro-300","Chr1zN","2|1|-3|0|0|4|0","3","1024","4","2","2","1","1","1","1","0"
"pro-300","Chr1zN","2|1|-3|0|0|4|0","3","1080","4","2","2","1","0","1","1","1"
"pro-300","Chr1zN","2|1|-3|0|0|4|0","3","1440","6","3","2","1","1","0","0","1"
"pro-300","Chr1zN","2|1|-3|0|0|4|0","3","2160","9","4","3","1","0","0","0","1"
"pro-301","Chucky","1|1|-3.5|0|0|4|0","4","720","1","1","0","1","0","0","0","0"
"pro-301","Chucky","1|1|-3.5|0|0|4|0","4","768","1","1","0","1","0","0","0","0"
"pro-301","Chucky","1|1|-3.5|0|0|4|0","4","960","2","2","1","1","1","1","1","1"
"pro-301","Chucky","1|1|-3.5|0|0|4|0","4","1024","2","2","1","1","1","1","1","1"
"pro-301","Chucky","1|1|-3.5|0|0|4|0","4","1080","2","2","1","1","1","1","1","1"
"pro-301","Chucky","1|1|-3.5|0|0|4|0","4","1440","3","3","1","1","1","0","0","1"
"pro-301","Chucky","1|1|-3.5|0|0|4|0","4","2160","4","4","2","1","0","0","0","1"
"pro-302","chucky","2|1|-3|0|0|4|0","3","720","3","1","1","1","0","0","0","1"
"pro-302","chucky","2|1|-3|0|0|4|0","3","768","3","1","1","1","0","0","0","1"
"pro-302","chucky","2|1|-3|0|0|4|0","3","960","4","2","2","1","1","1","1","0"
"pro-302","chucky","2|1|-3|0|0|4|0","3","1024","4","2","2","1","1","1","1","0"
"pro-302","chucky","2|1|-3|0|0|4|0","3","1080","4","2","2","1","0","1","1","1"
"pro-302","chucky","2|1|-3|0|0|4|0","3","1440","6","3","2","1","1","0","0","1"
"pro-302","chucky","2|1|-3|0|0|4|0","3","2160","9","4","3","1","0","0","0","1"
"pro-303","chudy","1.2|0.8|-3.4|0|0|4|0","0","720","1","1","0","1","0","0","0","0"
"pro-303","chudy","1.2|0.8|-3.4|0|0|4|0","0","768","1","1","0","1","0","0","0","0"
"pro-303","chudy","1.2|0.8|-3.4|0|0|4|0","0","960","2","1","0","1","0","1","0","0"
"pro-303","chudy","1.2|0.8|-3.4|0|0|4|0","0","1024","2","1","0","1","0","1","0","0"
"pro-303","chudy","1.2|0.8|-3.4|0|0|4|0","0","1080","2","1","0","1","0","1","0","0"
"pro-303","chudy","1.2|0.8|-3.4|0|0|4|0","0","1440","3","2","1","1","0","0","0","1"
"pro-303","chudy","1.2|0.8|-3.4|0|0|4|0","0","2160","5","3","1","1","0","0","0","0"
"pro-304","Ciocardau","1|1|-3|0|0|4|0","1","720","1","1","1","1","0","0","0","1"
"pro-304","Ciocardau","1|1|-3|0|0|4|0","1","768","1","1","1","1","0","0","0","1"
"pro-304","Ciocardau","1|1|-3|0|0|4|0","1","960","2","2","2","1","1","1","1","0"
"pro-304","Ciocardau","1|1|-3|0|0|4|0","1","1024","2","2","2","1","1","1","1","0"
"pro-304","Ciocardau","1|1|-3|0|0|4|0","1","1080","2","2","2","1","1","1","1","0"
"pro-304","Ciocardau","1|1|-3|0|0|4|0","1","1440","3","3","2","1","1","0","0","1"
"pro-304","Ciocardau","1|1|-3|0|0|4|0","1","2160","4","4","3","1","0","0","0","1"
"pro-305","cJ dA K1nG","4|0|-3|0|0|4|0","1","720","6","1","1","1","1","0","0","1"
"pro-305","cJ dA K1nG","4|0|-3|0|0|4|0","1","768","6","1","1","1","1","0","0","1"
"pro-305","cJ dA K1nG","4|0|-3|0|0|4|0","1","960","8","1","1","1","1","1","0","1"
"pro-305","cJ dA K1nG","4|0|-3|0|0|4|0","1","1024","8","1","1","1","0","1","0","1"
"pro-305","cJ dA K1nG","4|0|-3|0|0|4|0","1","1080","9","1","1","1","1","0","0","1"
"pro-305","cJ dA K1nG","4|0|-3|0|0|4|0","1","1440","12","1","1","1","1","0","0","1"
"pro-305","cJ dA K1nG","4|0|-3|0|0|4|0","1","2160","18","1","1","1","1","0","0","1"
"pro-307","CLASIA","2.5|0|-2.5|0|0|4|0","3","720","3","1","1","1","0","0","0","1"
"pro-307","CLASIA","2.5|0|-2.5|0|0|4|0","3","768","4","1","1","1","1","0","0","1"
"pro-307","CLASIA","2.5|0|-2.5|0|0|4|0","3","960","5","1","1","1","1","1","0","1"
"pro-307","CLASIA","2.5|0|-2.5|0|0|4|0","3","1024","5","1","1","1","1","1","0","1"
"pro-307","CLASIA","2.5|0|-2.5|0|0|4|0","3","1080","5","1","1","1","0","1","0","1"
"pro-307","CLASIA","2.5|0|-2.5|0|0|4|0","3","1440","7","1","1","1","0","0","0","1"
"pro-307","CLASIA","2.5|0|-2.5|0|0|4|0","3","2160","11","1","1","1","1","0","0","1"
"pro-308","clax","2|0|-3|0|0|4|0","3","720","3","1","1","1","1","0","0","1"
"pro-308","clax","2|0|-3|0|0|4|0","3","768","3","1","1","1","1","0","0","1"
"pro-308","clax","2|0|-3|0|0|4|0","3","960","4","1","1","1","1","1","0","1"
"pro-308","clax","2|0|-3|0|0|4|0","3","1024","4","1","1","1","1","1","0","1"
"pro-308","clax","2|0|-3|0|0|4|0","3","1080","4","1","1","1","0","1","0","1"
"pro-308","clax","2|0|-3|0|0|4|0","3","1440","6","1","1","1","1","0","0","1"
"pro-308","clax","2|0|-3|0|0|4|0","3","2160","9","1","1","1","1","0","0","1"
"pro-309","clockzi","1.1|1|-3.4|0|0|4|0","3","720","1","1","0","1","0","0","0","0"
"pro-309","clockzi","1.1|1|-3.4|0|0|4|0","3","768","1","1","0","1","0","0","0","0"
"pro-309","clockzi","1.1|1|-3.4|0|0|4|0","3","960","2","2","1","1","1","1","1","1"
"pro-309","clockzi","1.1|1|-3.4|0|0|4|0","3","1024","2","2","1","1","1","1","1","1"
"pro-309","clockzi","1.1|1|-3.4|0|0|4|0","3","1080","2","2","1","1","1","1","1","1"
"pro-309","clockzi","1.1|1|-3.4|0|0|4|0","3","1440","3","3","1","1","1","0","0","0"
"pro-309","clockzi","1.1|1|-3.4|0|0|4|0","3","2160","4","4","2","1","0","0","0","0"
"pro-310","clouden","2|0|-3|0|0|4|0","3","720","3","1","1","1","1","0","0","1"
"pro-310","clouden","2|0|-3|0|0|4|0","3","768","3","1","1","1","1","0","0","1"
"pro-310","clouden","2|0|-3|0|0|4|0","3","960","4","1","1","1","1","1","0","1"
"pro-310","clouden","2|0|-3|0|0|4|0","3","1024","4","1","1","1","1","1","0","1"
"pro-310","clouden","2|0|-3|0|0|4|0","3","1080","4","1","1","1","0","1","0","1"
"pro-310","clouden","2|0|-3|0|0|4|0","3","1440","6","1","1","1","1","0","0","1"
"pro-310","clouden","2|0|-3|0|0|4|0","3","2160","9","1","1","1","1","0","0","1"
"pro-311","CLUTCHER","1|1|-4|0|0|4|0","1","720","1","1","0","1","0","0","0","1"
"pro-311","CLUTCHER","1|1|-4|0|0|4|0","1","768","1","1","0","1","0","0","0","1"
"pro-311","CLUTCHER","1|1|-4|0|0|4|0","1","960","2","2","1","1","1","1","1","0"
"pro-311","CLUTCHER","1|1|-4|0|0|4|0","1","1024","2","2","1","1","1","1","1","0"
"pro-311","CLUTCHER","1|1|-4|0|0|4|0","1","1080","2","2","1","1","1","1","1","1"
"pro-311","CLUTCHER","1|1|-4|0|0|4|0","1","1440","3","3","1","1","1","0","0","1"
"pro-311","CLUTCHER","1|1|-4|0|0|4|0","1","2160","4","4","2","1","0","0","0","1"
"pro-312","cmrn","2|0|-3|0|0|4|0","3","720","3","1","1","1","1","0","0","1"
"pro-312","cmrn","2|0|-3|0|0|4|0","3","768","3","1","1","1","1","0","0","1"
"pro-312","cmrn","2|0|-3|0|0|4|0","3","960","4","1","1","1","1","1","0","1"
"pro-312","cmrn","2|0|-3|0|0|4|0","3","1024","4","1","1","1","1","1","0","1"
"pro-312","cmrn","2|0|-3|0|0|4|0","3","1080","4","1","1","1","0","1","0","1"
"pro-312","cmrn","2|0|-3|0|0|4|0","3","1440","6","1","1","1","1","0","0","1"
"pro-312","cmrn","2|0|-3|0|0|4|0","3","2160","9","1","1","1","1","0","0","1"
"pro-313","cmtry","1.9|0|-3|0|0|4|0","4","720","2","1","1","1","0","0","0","0"
"pro-313","cmtry","1.9|0|-3|0|0|4|0","4","768","3","1","1","1","1","1","0","1"
"pro-313","cmtry","1.9|0|-3|0|0|4|0","4","960","3","1","1","1","0","1","0","1"
"pro-313","cmtry","1.9|0|-3|0|0|4|0","4","1024","4","1","1","1","1","0","0","1"
"pro-313","cmtry","1.9|0|-3|0|0|4|0","4","1080","4","1","1","1","1","0","0","1"
"pro-313","cmtry","1.9|0|-3|0|0|4|0","4","1440","5","1","1","1","0","0","0","1"
"pro-313","cmtry","1.9|0|-3|0|0|4|0","4","2160","8","1","1","1","0","0","0","1"
"pro-314","cobrazera","1|1|-4|0|0|4|0","1","720","1","1","0","1","0","0","0","1"
"pro-314","cobrazera","1|1|-4|0|0|4|0","1","768","1","1","0","1","0","0","0","1"
"pro-314","cobrazera","1|1|-4|0|0|4|0","1","960","2","2","1","1","1","1","1","0"
"pro-314","cobrazera","1|1|-4|0|0|4|0","1","1024","2","2","1","1","1","1","1","0"
"pro-314","cobrazera","1|1|-4|0|0|4|0","1","1080","2","2","1","1","1","1","1","1"
"pro-314","cobrazera","1|1|-4|0|0|4|0","1","1440","3","3","1","1","1","0","0","1"
"pro-314","cobrazera","1|1|-4|0|0|4|0","1","2160","4","4","2","1","0","0","0","1"
"pro-315","coldzera","2|0|-3|0|0|4|0","3","720","3","1","1","1","1","0","0","1"
"pro-315","coldzera","2|0|-3|0|0|4|0","3","768","3","1","1","1","1","0","0","1"
"pro-315","coldzera","2|0|-3|0|0|4|0","3","960","4","1","1","1","1","1","0","1"
"pro-315","coldzera","2|0|-3|0|0|4|0","3","1024","4","1","1","1","1","1","0","1"
"pro-315","coldzera","2|0|-3|0|0|4|0","3","1080","4","1","1","1","0","1","0","1"
"pro-315","coldzera","2|0|-3|0|0|4|0","3","1440","6","1","1","1","1","0","0","1"
"pro-315","coldzera","2|0|-3|0|0|4|0","3","2160","9","1","1","1","1","0","0","1"
"pro-316","consti","0.9|0|-2|0|0|4|0","1","720","1","1","2","1","1","1","0","1"
"pro-316","consti","0.9|0|-2|0|0|4|0","1","768","1","1","2","1","1","1","0","1"
"pro-316","consti","0.9|0|-2|0|0|4|0","1","960","1","1","2","1","0","1","0","1"
"pro-316","consti","0.9|0|-2|0|0|4|0","1","1024","1","1","2","1","0","1","0","0"
"pro-316","consti","0.9|0|-2|0|0|4|0","1","1080","2","1","2","1","1","0","0","1"
"pro-316","consti","0.9|0|-2|0|0|4|0","1","1440","2","1","2","1","0","0","0","1"
"pro-316","consti","0.9|0|-2|0|0|4|0","1","2160","4","1","2","1","1","0","0","1"
"pro-317","controlez","1|0|-4|0|0|4|0","3","720","1","1","0","1","0","0","0","1"
"pro-317","controlez","1|0|-4|0|0|4|0","3","768","1","1","0","1","0","0","0","1"
"pro-317","controlez","1|0|-4|0|0|4|0","3","960","2","1","0","1","1","1","0","1"
"pro-317","controlez","1|0|-4|0|0|4|0","3","1024","2","1","0","1","1","1","0","1"
"pro-317","controlez","1|0|-4|0|0|4|0","3","1080","2","1","0","1","1","1","0","1"
"pro-317","controlez","1|0|-4|0|0|4|0","3","1440","3","1","0","1","1","0","0","1"
"pro-317","controlez","1|0|-4|0|0|4|0","3","2160","4","1","0","1","0","0","0","1"
"pro-318","cool4st","2|1|-3|0|0|4|0","3","720","3","1","1","1","0","0","0","1"
"pro-318","cool4st","2|1|-3|0|0|4|0","3","768","3","1","1","1","0","0","0","1"
"pro-318","cool4st","2|1|-3|0|0|4|0","3","960","4","2","2","1","1","1","1","0"
"pro-318","cool4st","2|1|-3|0|0|4|0","3","1024","4","2","2","1","1","1","1","0"
"pro-318","cool4st","2|1|-3|0|0|4|0","3","1080","4","2","2","1","0","1","1","1"
"pro-318","cool4st","2|1|-3|0|0|4|0","3","1440","6","3","2","1","1","0","0","1"
"pro-318","cool4st","2|1|-3|0|0|4|0","3","2160","9","4","3","1","0","0","0","1"
"pro-319","coolio","3|1|-3|0|0|4|0","0","720","4","1","1","1","0","0","0","1"
"pro-319","coolio","3|1|-3|0|0|4|0","0","768","4","1","1","1","0","0","0","1"
"pro-319","coolio","3|1|-3|0|0|4|0","0","960","6","2","2","1","1","1","0","0"
"pro-319","coolio","3|1|-3|0|0|4|0","0","1024","6","2","2","1","1","1","0","0"
"pro-319","coolio","3|1|-3|0|0|4|0","0","1080","6","2","2","1","0","1","0","1"
"pro-319","coolio","3|1|-3|0|0|4|0","0","1440","9","3","2","1","1","0","0","1"
"pro-319","coolio","3|1|-3|0|0|4|0","0","2160","13","4","3","1","0","0","0","1"
"pro-320","corn","1|0|-4.5|0|0|4|0","2","720","1","1","0","1","0","0","0","0"
"pro-320","corn","1|0|-4.5|0|0|4|0","2","768","1","1","0","1","0","0","0","0"
"pro-320","corn","1|0|-4.5|0|0|4|0","2","960","2","1","0","1","1","1","0","0"
"pro-320","corn","1|0|-4.5|0|0|4|0","2","1024","2","1","0","1","1","1","0","0"
"pro-320","corn","1|0|-4.5|0|0|4|0","2","1080","2","1","0","1","1","1","0","0"
"pro-320","corn","1|0|-4.5|0|0|4|0","2","1440","3","1","0","1","1","0","0","1"
"pro-320","corn","1|0|-4.5|0|0|4|0","2","2160","4","1","0","1","0","0","0","1"
"pro-321","cptkurtka023","1|1|-4|0|0|4|0","1","720","1","1","0","1","0","0","0","1"
"pro-321","cptkurtka023","1|1|-4|0|0|4|0","1","768","1","1","0","1","0","0","0","1"
"pro-321","cptkurtka023","1|1|-4|0|0|4|0","1","960","2","2","1","1","1","1","1","0"
"pro-321","cptkurtka023","1|1|-4|0|0|4|0","1","1024","2","2","1","1","1","1","1","0"
"pro-321","cptkurtka023","1|1|-4|0|0|4|0","1","1080","2","2","1","1","1","1","1","1"
"pro-321","cptkurtka023","1|1|-4|0|0|4|0","1","1440","3","3","1","1","1","0","0","1"
"pro-321","cptkurtka023","1|1|-4|0|0|4|0","1","2160","4","4","2","1","0","0","0","1"
"pro-323","CrePoW","1.5|1|-3|0|0|4|0","1","720","2","1","1","1","0","0","0","1"
"pro-323","CrePoW","1.5|1|-3|0|0|4|0","1","768","2","1","1","1","0","0","0","1"
"pro-323","CrePoW","1.5|1|-3|0|0|4|0","1","960","3","2","2","1","1","1","0","0"
"pro-323","CrePoW","1.5|1|-3|0|0|4|0","1","1024","3","2","2","1","1","1","0","0"
"pro-323","CrePoW","1.5|1|-3|0|0|4|0","1","1080","3","2","2","1","1","1","0","1"
"pro-323","CrePoW","1.5|1|-3|0|0|4|0","1","1440","4","3","2","1","0","0","0","1"
"pro-323","CrePoW","1.5|1|-3|0|0|4|0","1","2160","6","4","3","1","0","0","0","1"
"pro-324","CRUC1AL","2|1|-2|0|0|4|0","0","720","3","1","2","1","0","0","0","1"
"pro-324","CRUC1AL","2|1|-2|0|0|4|0","0","768","3","1","2","1","0","0","0","1"
"pro-324","CRUC1AL","2|1|-2|0|0|4|0","0","960","4","2","3","1","1","1","1","0"
"pro-324","CRUC1AL","2|1|-2|0|0|4|0","0","1024","4","2","3","1","1","1","1","0"
"pro-324","CRUC1AL","2|1|-2|0|0|4|0","0","1080","4","2","3","1","0","1","1","0"
"pro-324","CRUC1AL","2|1|-2|0|0|4|0","0","1440","6","3","3","1","1","0","0","1"
"pro-324","CRUC1AL","2|1|-2|0|0|4|0","0","2160","9","4","4","1","0","0","0","1"
"pro-325","Crunchy","1|1|-4|0|0|4|0","1","720","1","1","0","1","0","0","0","1"
"pro-325","Crunchy","1|1|-4|0|0|4|0","1","768","1","1","0","1","0","0","0","1"
"pro-325","Crunchy","1|1|-4|0|0|4|0","1","960","2","2","1","1","1","1","1","0"
"pro-325","Crunchy","1|1|-4|0|0|4|0","1","1024","2","2","1","1","1","1","1","0"
"pro-325","Crunchy","1|1|-4|0|0|4|0","1","1080","2","2","1","1","1","1","1","1"
"pro-325","Crunchy","1|1|-4|0|0|4|0","1","1440","3","3","1","1","1","0","0","1"
"pro-325","Crunchy","1|1|-4|0|0|4|0","1","2160","4","4","2","1","0","0","0","1"
"pro-326","Cryptic","2.5|0|-7|0|0|4|0","2","720","3","1","-3","1","0","0","0","1"
"pro-326","Cryptic","2.5|0|-7|0|0|4|0","2","768","4","1","-3","1","1","0","0","1"
"pro-326","Cryptic","2.5|0|-7|0|0|4|0","2","960","5","1","-3","1","1","1","0","1"
"pro-326","Cryptic","2.5|0|-7|0|0|4|0","2","1024","5","1","-3","1","1","1","0","1"
"pro-326","Cryptic","2.5|0|-7|0|0|4|0","2","1080","5","1","-3","1","0","1","0","1"
"pro-326","Cryptic","2.5|0|-7|0|0|4|0","2","1440","7","1","-3","1","0","0","0","1"
"pro-326","Cryptic","2.5|0|-7|0|0|4|0","2","2160","11","1","-3","1","1","0","0","1"
"pro-327","CutzMeretz","1|1|-4|0|0|4|0","1","720","1","1","0","1","0","0","0","1"
"pro-327","CutzMeretz","1|1|-4|0|0|4|0","1","768","1","1","0","1","0","0","0","1"
"pro-327","CutzMeretz","1|1|-4|0|0|4|0","1","960","2","2","1","1","1","1","1","0"
"pro-327","CutzMeretz","1|1|-4|0|0|4|0","1","1024","2","2","1","1","1","1","1","0"
"pro-327","CutzMeretz","1|1|-4|0|0|4|0","1","1080","2","2","1","1","1","1","1","1"
"pro-327","CutzMeretz","1|1|-4|0|0|4|0","1","1440","3","3","1","1","1","0","0","1"
"pro-327","CutzMeretz","1|1|-4|0|0|4|0","1","2160","4","4","2","1","0","0","0","1"
"pro-328","Cxzi","1|1|-4|0|0|4|0","1","720","1","1","0","1","0","0","0","1"
"pro-328","Cxzi","1|1|-4|0|0|4|0","1","768","1","1","0","1","0","0","0","1"
"pro-328","Cxzi","1|1|-4|0|0|4|0","1","960","2","2","1","1","1","1","1","0"
"pro-328","Cxzi","1|1|-4|0|0|4|0","1","1024","2","2","1","1","1","1","1","0"
"pro-328","Cxzi","1|1|-4|0|0|4|0","1","1080","2","2","1","1","1","1","1","1"
"pro-328","Cxzi","1|1|-4|0|0|4|0","1","1440","3","3","1","1","1","0","0","1"
"pro-328","Cxzi","1|1|-4|0|0|4|0","1","2160","4","4","2","1","0","0","0","1"
"pro-329","CYPHER","2.5|0.1|0|0|0|4|0","0","720","3","1","4","1","0","0","0","0"
"pro-329","CYPHER","2.5|0.1|0|0|0|4|0","0","768","4","1","4","1","1","0","0","0"
"pro-329","CYPHER","2.5|0.1|0|0|0|4|0","0","960","5","1","4","1","1","1","0","0"
"pro-329","CYPHER","2.5|0.1|0|0|0|4|0","0","1024","5","1","4","1","1","1","0","0"
"pro-329","CYPHER","2.5|0.1|0|0|0|4|0","0","1080","5","1","4","1","0","1","0","0"
"pro-329","CYPHER","2.5|0.1|0|0|0|4|0","0","1440","7","1","4","1","0","0","0","0"
"pro-329","CYPHER","2.5|0.1|0|0|0|4|0","0","2160","11","1","4","1","1","0","0","0"
"pro-330","d1Ledez","1|1|-5|0|0|4|0","4","720","1","1","-1","1","0","0","0","1"
"pro-330","d1Ledez","1|1|-5|0|0|4|0","4","768","1","1","-1","1","0","0","0","1"
"pro-330","d1Ledez","1|1|-5|0|0|4|0","4","960","2","2","0","1","1","1","1","0"
"pro-330","d1Ledez","1|1|-5|0|0|4|0","4","1024","2","2","0","1","1","1","1","1"
"pro-330","d1Ledez","1|1|-5|0|0|4|0","4","1080","2","2","0","1","1","1","1","1"
"pro-330","d1Ledez","1|1|-5|0|0|4|0","4","1440","3","3","0","1","1","0","0","1"
"pro-330","d1Ledez","1|1|-5|0|0|4|0","4","2160","4","4","1","1","0","0","0","1"
"pro-331","d4rty","1.1|1.1|-4|0|0|4|0","0","720","1","1","0","1","0","0","0","1"
"pro-331","d4rty","1.1|1.1|-4|0|0|4|0","0","768","1","1","0","1","0","0","0","0"
"pro-331","d4rty","1.1|1.1|-4|0|0|4|0","0","960","2","2","1","1","1","1","0","1"
"pro-331","d4rty","1.1|1.1|-4|0|0|4|0","0","1024","2","2","1","1","1","1","0","1"
"pro-331","d4rty","1.1|1.1|-4|0|0|4|0","0","1080","2","2","1","1","1","1","0","1"
"pro-331","d4rty","1.1|1.1|-4|0|0|4|0","0","1440","3","3","1","1","1","0","0","1"
"pro-331","d4rty","1.1|1.1|-4|0|0|4|0","0","2160","4","4","2","1","0","0","0","0"
"pro-332","Damsi","1|1|-4|0|0|4|0","1","720","1","1","0","1","0","0","0","1"
"pro-332","Damsi","1|1|-4|0|0|4|0","1","768","1","1","0","1","0","0","0","1"
"pro-332","Damsi","1|1|-4|0|0|4|0","1","960","2","2","1","1","1","1","1","0"
"pro-332","Damsi","1|1|-4|0|0|4|0","1","1024","2","2","1","1","1","1","1","0"
"pro-332","Damsi","1|1|-4|0|0|4|0","1","1080","2","2","1","1","1","1","1","1"
"pro-332","Damsi","1|1|-4|0|0|4|0","1","1440","3","3","1","1","1","0","0","1"
"pro-332","Damsi","1|1|-4|0|0|4|0","1","2160","4","4","2","1","0","0","0","1"
"pro-333","damyo","1|1|-4|0|0|4|0","1","720","1","1","0","1","0","0","0","1"
"pro-333","damyo","1|1|-4|0|0|4|0","1","768","1","1","0","1","0","0","0","1"
"pro-333","damyo","1|1|-4|0|0|4|0","1","960","2","2","1","1","1","1","1","0"
"pro-333","damyo","1|1|-4|0|0|4|0","1","1024","2","2","1","1","1","1","1","0"
"pro-333","damyo","1|1|-4|0|0|4|0","1","1080","2","2","1","1","1","1","1","1"
"pro-333","damyo","1|1|-4|0|0|4|0","1","1440","3","3","1","1","1","0","0","1"
"pro-333","damyo","1|1|-4|0|0|4|0","1","2160","4","4","2","1","0","0","0","1"
"pro-334","dangeR","2|0|-4|0|0|4|0","0","720","3","1","0","1","1","0","0","1"
"pro-334","dangeR","2|0|-4|0|0|4|0","0","768","3","1","0","1","1","0","0","1"
"pro-334","dangeR","2|0|-4|0|0|4|0","0","960","4","1","0","1","1","1","0","1"
"pro-334","dangeR","2|0|-4|0|0|4|0","0","1024","4","1","0","1","1","1","0","1"
"pro-334","dangeR","2|0|-4|0|0|4|0","0","1080","4","1","0","1","0","1","0","1"
"pro-334","dangeR","2|0|-4|0|0|4|0","0","1440","6","1","0","1","1","0","0","1"
"pro-334","dangeR","2|0|-4|0|0|4|0","0","2160","9","1","0","1","1","0","0","1"
"pro-335","danistzz","1|1|-5|1|0|4|0","2","720","1","1","-1","1","0","0","0","1"
"pro-335","danistzz","1|1|-5|1|0|4|0","2","768","1","1","-1","1","0","0","0","1"
"pro-335","danistzz","1|1|-5|1|0|4|0","2","960","2","2","0","1","1","1","1","0"
"pro-335","danistzz","1|1|-5|1|0|4|0","2","1024","2","2","0","1","1","1","1","1"
"pro-335","danistzz","1|1|-5|1|0|4|0","2","1080","2","2","0","1","1","1","1","1"
"pro-335","danistzz","1|1|-5|1|0|4|0","2","1440","3","3","0","1","1","0","0","1"
"pro-335","danistzz","1|1|-5|1|0|4|0","2","2160","4","4","1","1","0","0","0","1"
"pro-336","daps","1|1|-4|0|0|4|0","1","720","1","1","0","1","0","0","0","1"
"pro-336","daps","1|1|-4|0|0|4|0","1","768","1","1","0","1","0","0","0","1"
"pro-336","daps","1|1|-4|0|0|4|0","1","960","2","2","1","1","1","1","1","0"
"pro-336","daps","1|1|-4|0|0|4|0","1","1024","2","2","1","1","1","1","1","0"
"pro-336","daps","1|1|-4|0|0|4|0","1","1080","2","2","1","1","1","1","1","1"
"pro-336","daps","1|1|-4|0|0|4|0","1","1440","3","3","1","1","1","0","0","1"
"pro-336","daps","1|1|-4|0|0|4|0","1","2160","4","4","2","1","0","0","0","1"
"pro-337","dare","1|0|-4|0|0|4|0","3","720","1","1","0","1","0","0","0","1"
"pro-337","dare","1|0|-4|0|0|4|0","3","768","1","1","0","1","0","0","0","1"
"pro-337","dare","1|0|-4|0|0|4|0","3","960","2","1","0","1","1","1","0","1"
"pro-337","dare","1|0|-4|0|0|4|0","3","1024","2","1","0","1","1","1","0","1"
"pro-337","dare","1|0|-4|0|0|4|0","3","1080","2","1","0","1","1","1","0","1"
"pro-337","dare","1|0|-4|0|0|4|0","3","1440","3","1","0","1","1","0","0","1"
"pro-337","dare","1|0|-4|0|0|4|0","3","2160","4","1","0","1","0","0","0","1"
"pro-338","dav1deuS","2.5|1|-2.5|0|0|4|0","3","720","3","1","1","1","0","0","0","0"
"pro-338","dav1deuS","2.5|1|-2.5|0|0|4|0","3","768","4","1","1","1","0","0","0","0"
"pro-338","dav1deuS","2.5|1|-2.5|0|0|4|0","3","960","5","2","2","1","1","1","0","1"
"pro-338","dav1deuS","2.5|1|-2.5|0|0|4|0","3","1024","5","2","2","1","1","1","0","1"
"pro-338","dav1deuS","2.5|1|-2.5|0|0|4|0","3","1080","5","2","2","1","0","1","0","1"
"pro-338","dav1deuS","2.5|1|-2.5|0|0|4|0","3","1440","7","3","2","1","0","0","0","1"
"pro-338","dav1deuS","2.5|1|-2.5|0|0|4|0","3","2160","11","4","3","1","0","0","0","1"
"pro-339","dav1g","1|1|-4|0|0|4|0","1","720","1","1","0","1","0","0","0","1"
"pro-339","dav1g","1|1|-4|0|0|4|0","1","768","1","1","0","1","0","0","0","1"
"pro-339","dav1g","1|1|-4|0|0|4|0","1","960","2","2","1","1","1","1","1","0"
"pro-339","dav1g","1|1|-4|0|0|4|0","1","1024","2","2","1","1","1","1","1","0"
"pro-339","dav1g","1|1|-4|0|0|4|0","1","1080","2","2","1","1","1","1","1","1"
"pro-339","dav1g","1|1|-4|0|0|4|0","1","1440","3","3","1","1","1","0","0","1"
"pro-339","dav1g","1|1|-4|0|0|4|0","1","2160","4","4","2","1","0","0","0","1"
"pro-341","DayMake","1.5|0|-4|0|0|4|0","1","720","2","1","0","1","1","0","0","1"
"pro-341","DayMake","1.5|0|-4|0|0|4|0","1","768","2","1","0","1","1","0","0","1"
"pro-341","DayMake","1.5|0|-4|0|0|4|0","1","960","3","1","0","1","1","1","0","1"
"pro-341","DayMake","1.5|0|-4|0|0|4|0","1","1024","3","1","0","1","1","1","0","1"
"pro-341","DayMake","1.5|0|-4|0|0|4|0","1","1080","3","1","0","1","1","1","0","1"
"pro-341","DayMake","1.5|0|-4|0|0|4|0","1","1440","4","1","0","1","0","0","0","1"
"pro-341","DayMake","1.5|0|-4|0|0|4|0","1","2160","6","1","0","1","0","0","0","1"
"pro-342","DD","1|0|-4|0|0|4|0","3","720","1","1","0","1","0","0","0","1"
"pro-342","DD","1|0|-4|0|0|4|0","3","768","1","1","0","1","0","0","0","1"
"pro-342","DD","1|0|-4|0|0|4|0","3","960","2","1","0","1","1","1","0","1"
"pro-342","DD","1|0|-4|0|0|4|0","3","1024","2","1","0","1","1","1","0","1"
"pro-342","DD","1|0|-4|0|0|4|0","3","1080","2","1","0","1","1","1","0","1"
"pro-342","DD","1|0|-4|0|0|4|0","3","1440","3","1","0","1","1","0","0","1"
"pro-342","DD","1|0|-4|0|0|4|0","3","2160","4","1","0","1","0","0","0","1"
"pro-343","dea","2|1|-4|0|0|4|0","3","720","3","1","0","1","0","0","0","1"
"pro-343","dea","2|1|-4|0|0|4|0","3","768","3","1","0","1","0","0","0","1"
"pro-343","dea","2|1|-4|0|0|4|0","3","960","4","2","1","1","1","1","1","0"
"pro-343","dea","2|1|-4|0|0|4|0","3","1024","4","2","1","1","1","1","1","1"
"pro-343","dea","2|1|-4|0|0|4|0","3","1080","4","2","1","1","0","1","1","1"
"pro-343","dea","2|1|-4|0|0|4|0","3","1440","6","3","1","1","1","0","0","1"
"pro-343","dea","2|1|-4|0|0|4|0","3","2160","9","4","2","1","0","0","0","1"
"pro-344","decenty","1|1|-4|0|0|4|0","1","720","1","1","0","1","0","0","0","1"
"pro-344","decenty","1|1|-4|0|0|4|0","1","768","1","1","0","1","0","0","0","1"
"pro-344","decenty","1|1|-4|0|0|4|0","1","960","2","2","1","1","1","1","1","0"
"pro-344","decenty","1|1|-4|0|0|4|0","1","1024","2","2","1","1","1","1","1","0"
"pro-344","decenty","1|1|-4|0|0|4|0","1","1080","2","2","1","1","1","1","1","1"
"pro-344","decenty","1|1|-4|0|0|4|0","1","1440","3","3","1","1","1","0","0","1"
"pro-344","decenty","1|1|-4|0|0|4|0","1","2160","4","4","2","1","0","0","0","1"
"pro-345","deco","2|0.6|-4|0|0|4|0","4","720","3","1","0","1","1","0","0","1"
"pro-345","deco","2|0.6|-4|0|0|4|0","4","768","3","1","0","1","1","0","0","1"
"pro-345","deco","2|0.6|-4|0|0|4|0","4","960","4","1","0","1","1","1","0","1"
"pro-345","deco","2|0.6|-4|0|0|4|0","4","1024","4","1","0","1","1","1","0","1"
"pro-345","deco","2|0.6|-4|0|0|4|0","4","1080","4","1","0","1","0","1","0","1"
"pro-345","deco","2|0.6|-4|0|0|4|0","4","1440","6","1","0","1","0","0","0","0"
"pro-345","deco","2|0.6|-4|0|0|4|0","4","2160","9","2","1","1","0","0","0","1"
"pro-346","deemO","1|0.5|-5|0|0|4|0","4","720","1","1","-1","1","0","0","0","1"
"pro-346","deemO","1|0.5|-5|0|0|4|0","4","768","1","1","-1","1","0","0","0","1"
"pro-346","deemO","1|0.5|-5|0|0|4|0","4","960","2","1","-1","1","1","1","1","1"
"pro-346","deemO","1|0.5|-5|0|0|4|0","4","1024","2","1","-1","1","1","1","1","1"
"pro-346","deemO","1|0.5|-5|0|0|4|0","4","1080","2","1","-1","1","1","1","1","1"
"pro-346","deemO","1|0.5|-5|0|0|4|0","4","1440","3","1","-1","1","0","0","0","1"
"pro-346","deemO","1|0.5|-5|0|0|4|0","4","2160","4","2","0","1","0","0","0","1"
"pro-347","def1zer","1|1|-4|0|0|4|0","1","720","1","1","0","1","0","0","0","1"
"pro-347","def1zer","1|1|-4|0|0|4|0","1","768","1","1","0","1","0","0","0","1"
"pro-347","def1zer","1|1|-4|0|0|4|0","1","960","2","2","1","1","1","1","1","0"
"pro-347","def1zer","1|1|-4|0|0|4|0","1","1024","2","2","1","1","1","1","1","0"
"pro-347","def1zer","1|1|-4|0|0|4|0","1","1080","2","2","1","1","1","1","1","1"
"pro-347","def1zer","1|1|-4|0|0|4|0","1","1440","3","3","1","1","1","0","0","1"
"pro-347","def1zer","1|1|-4|0|0|4|0","1","2160","4","4","2","1","0","0","0","1"
"pro-348","DEFAULTER","2.5|0.5|-2|0|0|4|0","1","720","3","1","2","1","0","0","0","1"
"pro-348","DEFAULTER","2.5|0.5|-2|0|0|4|0","1","768","4","1","2","1","1","0","1","1"
"pro-348","DEFAULTER","2.5|0.5|-2|0|0|4|0","1","960","5","1","2","1","1","1","0","1"
"pro-348","DEFAULTER","2.5|0.5|-2|0|0|4|0","1","1024","5","1","2","1","1","1","0","1"
"pro-348","DEFAULTER","2.5|0.5|-2|0|0|4|0","1","1080","5","1","2","1","0","1","0","1"
"pro-348","DEFAULTER","2.5|0.5|-2|0|0|4|0","1","1440","7","1","2","1","0","0","0","1"
"pro-348","DEFAULTER","2.5|0.5|-2|0|0|4|0","1","2160","11","2","3","1","1","0","0","1"
"pro-349","degster","1|1|-4|0|0|4|0","1","720","1","1","0","1","0","0","0","1"
"pro-349","degster","1|1|-4|0|0|4|0","1","768","1","1","0","1","0","0","0","1"
"pro-349","degster","1|1|-4|0|0|4|0","1","960","2","2","1","1","1","1","1","0"
"pro-349","degster","1|1|-4|0|0|4|0","1","1024","2","2","1","1","1","1","1","0"
"pro-349","degster","1|1|-4|0|0|4|0","1","1080","2","2","1","1","1","1","1","1"
"pro-349","degster","1|1|-4|0|0|4|0","1","1440","3","3","1","1","1","0","0","1"
"pro-349","degster","1|1|-4|0|0|4|0","1","2160","4","4","2","1","0","0","0","1"
"pro-350","deko","3|0.6|-2.5|0|0|4|0","0","720","4","1","1","1","0","0","0","1"
"pro-350","deko","3|0.6|-2.5|0|0|4|0","0","768","4","1","1","1","0","0","0","1"
"pro-350","deko","3|0.6|-2.5|0|0|4|0","0","960","6","1","1","1","1","1","0","1"
"pro-350","deko","3|0.6|-2.5|0|0|4|0","0","1024","6","1","1","1","1","1","0","0"
"pro-350","deko","3|0.6|-2.5|0|0|4|0","0","1080","6","1","1","1","0","1","0","0"
"pro-350","deko","3|0.6|-2.5|0|0|4|0","0","1440","9","1","1","1","0","0","0","0"
"pro-350","deko","3|0.6|-2.5|0|0|4|0","0","2160","13","2","2","1","0","0","0","1"
"pro-351","delboNi","1.5|0|-3|0|0|4|0","0","720","2","1","1","1","1","0","0","1"
"pro-351","delboNi","1.5|0|-3|0|0|4|0","0","768","2","1","1","1","1","0","0","1"
"pro-351","delboNi","1.5|0|-3|0|0|4|0","0","960","3","1","1","1","1","1","0","1"
"pro-351","delboNi","1.5|0|-3|0|0|4|0","0","1024","3","1","1","1","1","1","0","1"
"pro-351","delboNi","1.5|0|-3|0|0|4|0","0","1080","3","1","1","1","1","1","0","1"
"pro-351","delboNi","1.5|0|-3|0|0|4|0","0","1440","4","1","1","1","0","0","0","1"
"pro-351","delboNi","1.5|0|-3|0|0|4|0","0","2160","6","1","1","1","0","0","0","1"
"pro-352","Dementor","1.4|0.5|-3|0|0|4|0","0","720","2","1","1","1","1","1","1","1"
"pro-352","Dementor","1.4|0.5|-3|0|0|4|0","0","768","2","1","1","1","1","1","1","1"
"pro-352","Dementor","1.4|0.5|-3|0|0|4|0","0","960","2","1","1","1","0","1","1","1"
"pro-352","Dementor","1.4|0.5|-3|0|0|4|0","0","1024","2","1","1","1","0","1","1","0"
"pro-352","Dementor","1.4|0.5|-3|0|0|4|0","0","1080","3","1","1","1","1","0","0","1"
"pro-352","Dementor","1.4|0.5|-3|0|0|4|0","0","1440","4","1","1","1","0","0","0","1"
"pro-352","Dementor","1.4|0.5|-3|0|0|4|0","0","2160","6","2","2","1","1","0","0","1"
"pro-353","Demho","1|1|-5|0|0|4|0","4","720","1","1","-1","1","0","0","0","1"
"pro-353","Demho","1|1|-5|0|0|4|0","4","768","1","1","-1","1","0","0","0","1"
"pro-353","Demho","1|1|-5|0|0|4|0","4","960","2","2","0","1","1","1","1","0"
"pro-353","Demho","1|1|-5|0|0|4|0","4","1024","2","2","0","1","1","1","1","1"
"pro-353","Demho","1|1|-5|0|0|4|0","4","1080","2","2","0","1","1","1","1","1"
"pro-353","Demho","1|1|-5|0|0|4|0","4","1440","3","3","0","1","1","0","0","1"
"pro-353","Demho","1|1|-5|0|0|4|0","4","2160","4","4","1","1","0","0","0","1"
"pro-354","DemQQ","1|0|-4|0|0|4|0","3","720","1","1","0","1","0","0","0","1"
"pro-354","DemQQ","1|0|-4|0|0|4|0","3","768","1","1","0","1","0","0","0","1"
"pro-354","DemQQ","1|0|-4|0|0|4|0","3","960","2","1","0","1","1","1","0","1"
"pro-354","DemQQ","1|0|-4|0|0|4|0","3","1024","2","1","0","1","1","1","0","1"
"pro-354","DemQQ","1|0|-4|0|0|4|0","3","1080","2","1","0","1","1","1","0","1"
"pro-354","DemQQ","1|0|-4|0|0|4|0","3","1440","3","1","0","1","1","0","0","1"
"pro-354","DemQQ","1|0|-4|0|0|4|0","3","2160","4","1","0","1","0","0","0","1"
"pro-355","Derek","1|0.5|-4|0|0|4|0","2","720","1","1","0","1","0","0","0","1"
"pro-355","Derek","1|0.5|-4|0|0|4|0","2","768","1","1","0","1","0","0","0","1"
"pro-355","Derek","1|0.5|-4|0|0|4|0","2","960","2","1","0","1","1","1","1","1"
"pro-355","Derek","1|0.5|-4|0|0|4|0","2","1024","2","1","0","1","1","1","1","1"
"pro-355","Derek","1|0.5|-4|0|0|4|0","2","1080","2","1","0","1","1","1","1","1"
"pro-355","Derek","1|0.5|-4|0|0|4|0","2","1440","3","1","0","1","0","0","0","1"
"pro-355","Derek","1|0.5|-4|0|0|4|0","2","2160","4","2","1","1","0","0","0","1"
"pro-356","destiny","1|1|-4|0|0|4|0","1","720","1","1","0","1","0","0","0","1"
"pro-356","destiny","1|1|-4|0|0|4|0","1","768","1","1","0","1","0","0","0","1"
"pro-356","destiny","1|1|-4|0|0|4|0","1","960","2","2","1","1","1","1","1","0"
"pro-356","destiny","1|1|-4|0|0|4|0","1","1024","2","2","1","1","1","1","1","0"
"pro-356","destiny","1|1|-4|0|0|4|0","1","1080","2","2","1","1","1","1","1","1"
"pro-356","destiny","1|1|-4|0|0|4|0","1","1440","3","3","1","1","1","0","0","1"
"pro-356","destiny","1|1|-4|0|0|4|0","1","2160","4","4","2","1","0","0","0","1"
"pro-357","detr0ittJ","1|1|-4|0|0|4|0","1","720","1","1","0","1","0","0","0","1"
"pro-357","detr0ittJ","1|1|-4|0|0|4|0","1","768","1","1","0","1","0","0","0","1"
"pro-357","detr0ittJ","1|1|-4|0|0|4|0","1","960","2","2","1","1","1","1","1","0"
"pro-357","detr0ittJ","1|1|-4|0|0|4|0","1","1024","2","2","1","1","1","1","1","0"
"pro-357","detr0ittJ","1|1|-4|0|0|4|0","1","1080","2","2","1","1","1","1","1","1"
"pro-357","detr0ittJ","1|1|-4|0|0|4|0","1","1440","3","3","1","1","1","0","0","1"
"pro-357","detr0ittJ","1|1|-4|0|0|4|0","1","2160","4","4","2","1","0","0","0","1"
"pro-358","device","1|1|-4|0|0|4|0","1","720","1","1","0","1","0","0","0","1"
"pro-358","device","1|1|-4|0|0|4|0","1","768","1","1","0","1","0","0","0","1"
"pro-358","device","1|1|-4|0|0|4|0","1","960","2","2","1","1","1","1","1","0"
"pro-358","device","1|1|-4|0|0|4|0","1","1024","2","2","1","1","1","1","1","0"
"pro-358","device","1|1|-4|0|0|4|0","1","1080","2","2","1","1","1","1","1","1"
"pro-358","device","1|1|-4|0|0|4|0","1","1440","3","3","1","1","1","0","0","1"
"pro-358","device","1|1|-4|0|0|4|0","1","2160","4","4","2","1","0","0","0","1"
"pro-359","devoduvek","3.5|0|-3|0|0|4|0","4","720","5","1","1","1","1","0","0","1"
"pro-359","devoduvek","3.5|0|-3|0|0|4|0","4","768","5","1","1","1","0","0","0","1"
"pro-359","devoduvek","3.5|0|-3|0|0|4|0","4","960","7","1","1","1","1","1","0","1"
"pro-359","devoduvek","3.5|0|-3|0|0|4|0","4","1024","7","1","1","1","1","1","0","1"
"pro-359","devoduvek","3.5|0|-3|0|0|4|0","4","1080","7","1","1","1","0","1","0","0"
"pro-359","devoduvek","3.5|0|-3|0|0|4|0","4","1440","10","1","1","1","0","0","0","1"
"pro-359","devoduvek","3.5|0|-3|0|0|4|0","4","2160","15","1","1","1","0","0","0","1"
"pro-360","dex","1|1|-5|0|0|4|0","4","720","1","1","-1","1","0","0","0","1"
"pro-360","dex","1|1|-5|0|0|4|0","4","768","1","1","-1","1","0","0","0","1"
"pro-360","dex","1|1|-5|0|0|4|0","4","960","2","2","0","1","1","1","1","0"
"pro-360","dex","1|1|-5|0|0|4|0","4","1024","2","2","0","1","1","1","1","1"
"pro-360","dex","1|1|-5|0|0|4|0","4","1080","2","2","0","1","1","1","1","1"
"pro-360","dex","1|1|-5|0|0|4|0","4","1440","3","3","0","1","1","0","0","1"
"pro-360","dex","1|1|-5|0|0|4|0","4","2160","4","4","1","1","0","0","0","1"
"pro-361","dexter","2|1|-2|0|0|4|0","0","720","3","1","2","1","0","0","0","1"
"pro-361","dexter","2|1|-2|0|0|4|0","0","768","3","1","2","1","0","0","0","1"
"pro-361","dexter","2|1|-2|0|0|4|0","0","960","4","2","3","1","1","1","1","0"
"pro-361","dexter","2|1|-2|0|0|4|0","0","1024","4","2","3","1","1","1","1","0"
"pro-361","dexter","2|1|-2|0|0|4|0","0","1080","4","2","3","1","0","1","1","0"
"pro-361","dexter","2|1|-2|0|0|4|0","0","1440","6","3","3","1","1","0","0","1"
"pro-361","dexter","2|1|-2|0|0|4|0","0","2160","9","4","4","1","0","0","0","1"
"pro-362","DGL","1|0.9|-2.7|0|0|4|0","0","720","1","1","1","1","0","0","0","1"
"pro-362","DGL","1|0.9|-2.7|0|0|4|0","0","768","1","1","1","1","0","0","0","1"
"pro-362","DGL","1|0.9|-2.7|0|0|4|0","0","960","2","1","1","1","0","1","0","0"
"pro-362","DGL","1|0.9|-2.7|0|0|4|0","0","1024","2","1","1","1","0","1","0","0"
"pro-362","DGL","1|0.9|-2.7|0|0|4|0","0","1080","2","2","2","1","1","0","0","1"
"pro-362","DGL","1|0.9|-2.7|0|0|4|0","0","1440","3","2","2","1","0","0","0","1"
"pro-362","DGL","1|0.9|-2.7|0|0|4|0","0","2160","4","4","3","1","0","0","0","1"
"pro-363","dgt","1|1|-4|0|0|4|0","1","720","1","1","0","1","0","0","0","1"
"pro-363","dgt","1|1|-4|0|0|4|0","1","768","1","1","0","1","0","0","0","1"
"pro-363","dgt","1|1|-4|0|0|4|0","1","960","2","2","1","1","1","1","1","0"
"pro-363","dgt","1|1|-4|0|0|4|0","1","1024","2","2","1","1","1","1","1","0"
"pro-363","dgt","1|1|-4|0|0|4|0","1","1080","2","2","1","1","1","1","1","1"
"pro-363","dgt","1|1|-4|0|0|4|0","1","1440","3","3","1","1","1","0","0","1"
"pro-363","dgt","1|1|-4|0|0|4|0","1","2160","4","4","2","1","0","0","0","1"
"pro-364","diozera","1.2|1.2|-4|0|0|4|0","0","720","1","1","0","1","0","0","0","0"
"pro-364","diozera","1.2|1.2|-4|0|0|4|0","0","768","1","1","0","1","0","0","0","0"
"pro-364","diozera","1.2|1.2|-4|0|0|4|0","0","960","2","2","1","1","1","1","0","1"
"pro-364","diozera","1.2|1.2|-4|0|0|4|0","0","1024","2","2","1","1","0","1","0","1"
"pro-364","diozera","1.2|1.2|-4|0|0|4|0","0","1080","2","2","1","1","0","1","0","1"
"pro-364","diozera","1.2|1.2|-4|0|0|4|0","0","1440","3","3","1","1","0","0","0","1"
"pro-364","diozera","1.2|1.2|-4|0|0|4|0","0","2160","5","5","2","1","1","0","0","1"
"pro-365","discplex","2|0|-3|0|0|4|0","3","720","3","1","1","1","1","0","0","1"
"pro-365","discplex","2|0|-3|0|0|4|0","3","768","3","1","1","1","1","0","0","1"
"pro-365","discplex","2|0|-3|0|0|4|0","3","960","4","1","1","1","1","1","0","1"
"pro-365","discplex","2|0|-3|0|0|4|0","3","1024","4","1","1","1","1","1","0","1"
"pro-365","discplex","2|0|-3|0|0|4|0","3","1080","4","1","1","1","0","1","0","1"
"pro-365","discplex","2|0|-3|0|0|4|0","3","1440","6","1","1","1","1","0","0","1"
"pro-365","discplex","2|0|-3|0|0|4|0","3","2160","9","1","1","1","1","0","0","1"
"pro-366","divine","1|1|-4|0|0|4|0","1","720","1","1","0","1","0","0","0","1"
"pro-366","divine","1|1|-4|0|0|4|0","1","768","1","1","0","1","0","0","0","1"
"pro-366","divine","1|1|-4|0|0|4|0","1","960","2","2","1","1","1","1","1","0"
"pro-366","divine","1|1|-4|0|0|4|0","1","1024","2","2","1","1","1","1","1","0"
"pro-366","divine","1|1|-4|0|0|4|0","1","1080","2","2","1","1","1","1","1","1"
"pro-366","divine","1|1|-4|0|0|4|0","1","1440","3","3","1","1","1","0","0","1"
"pro-366","divine","1|1|-4|0|0|4|0","1","2160","4","4","2","1","0","0","0","1"
"pro-367","Djoko","1|1|-7|0|0|4|0","0","720","1","1","-3","1","0","0","0","1"
"pro-367","Djoko","1|1|-7|0|0|4|0","0","768","1","1","-3","1","0","0","0","1"
"pro-367","Djoko","1|1|-7|0|0|4|0","0","960","2","2","-2","1","1","1","1","1"
"pro-367","Djoko","1|1|-7|0|0|4|0","0","1024","2","2","-2","1","1","1","1","1"
"pro-367","Djoko","1|1|-7|0|0|4|0","0","1080","2","2","-2","1","1","1","1","1"
"pro-367","Djoko","1|1|-7|0|0|4|0","0","1440","3","3","-2","1","1","0","0","1"
"pro-367","Djoko","1|1|-7|0|0|4|0","0","2160","4","4","-1","1","0","0","0","1"
"pro-368","dobo","1|1|-4|0|0|4|0","1","720","1","1","0","1","0","0","0","1"
"pro-368","dobo","1|1|-4|0|0|4|0","1","768","1","1","0","1","0","0","0","1"
"pro-368","dobo","1|1|-4|0|0|4|0","1","960","2","2","1","1","1","1","1","0"
"pro-368","dobo","1|1|-4|0|0|4|0","1","1024","2","2","1","1","1","1","1","0"
"pro-368","dobo","1|1|-4|0|0|4|0","1","1080","2","2","1","1","1","1","1","1"
"pro-368","dobo","1|1|-4|0|0|4|0","1","1440","3","3","1","1","1","0","0","1"
"pro-368","dobo","1|1|-4|0|0|4|0","1","2160","4","4","2","1","0","0","0","1"
"pro-369","doc","2|0|-3|0|0|4|0","3","720","3","1","1","1","1","0","0","1"
"pro-369","doc","2|0|-3|0|0|4|0","3","768","3","1","1","1","1","0","0","1"
"pro-369","doc","2|0|-3|0|0|4|0","3","960","4","1","1","1","1","1","0","1"
"pro-369","doc","2|0|-3|0|0|4|0","3","1024","4","1","1","1","1","1","0","1"
"pro-369","doc","2|0|-3|0|0|4|0","3","1080","4","1","1","1","0","1","0","1"
"pro-369","doc","2|0|-3|0|0|4|0","3","1440","6","1","1","1","1","0","0","1"
"pro-369","doc","2|0|-3|0|0|4|0","3","2160","9","1","1","1","1","0","0","1"
"pro-370","doni","1|0|-4|0|0|4|0","3","720","1","1","0","1","0","0","0","1"
"pro-370","doni","1|0|-4|0|0|4|0","3","768","1","1","0","1","0","0","0","1"
"pro-370","doni","1|0|-4|0|0|4|0","3","960","2","1","0","1","1","1","0","1"
"pro-370","doni","1|0|-4|0|0|4|0","3","1024","2","1","0","1","1","1","0","1"
"pro-370","doni","1|0|-4|0|0|4|0","3","1080","2","1","0","1","1","1","0","1"
"pro-370","doni","1|0|-4|0|0|4|0","3","1440","3","1","0","1","1","0","0","1"
"pro-370","doni","1|0|-4|0|0|4|0","3","2160","4","1","0","1","0","0","0","1"
"pro-372","drac","1|0.9|-5|0|0|4|0","4","720","1","1","-1","1","0","0","0","1"
"pro-372","drac","1|0.9|-5|0|0|4|0","4","768","1","1","-1","1","0","0","0","1"
"pro-372","drac","1|0.9|-5|0|0|4|0","4","960","2","1","-1","1","0","1","0","0"
"pro-372","drac","1|0.9|-5|0|0|4|0","4","1024","2","1","-1","1","0","1","0","0"
"pro-372","drac","1|0.9|-5|0|0|4|0","4","1080","2","2","0","1","1","0","0","0"
"pro-372","drac","1|0.9|-5|0|0|4|0","4","1440","3","2","0","1","0","0","0","1"
"pro-372","drac","1|0.9|-5|0|0|4|0","4","2160","4","4","1","1","0","0","0","1"
"pro-373","Dragon","2.5|1|-3|0|0|4|0","2","720","3","1","1","1","0","0","0","1"
"pro-373","Dragon","2.5|1|-3|0|0|4|0","2","768","4","1","1","1","0","0","0","1"
"pro-373","Dragon","2.5|1|-3|0|0|4|0","2","960","5","2","2","1","1","1","0","0"
"pro-373","Dragon","2.5|1|-3|0|0|4|0","2","1024","5","2","2","1","1","1","0","0"
"pro-373","Dragon","2.5|1|-3|0|0|4|0","2","1080","5","2","2","1","0","1","0","1"
"pro-373","Dragon","2.5|1|-3|0|0|4|0","2","1440","7","3","2","1","0","0","0","1"
"pro-373","Dragon","2.5|1|-3|0|0|4|0","2","2160","11","4","3","1","0","0","0","1"
"pro-374","draken","1|1|-4|0|0|4|0","1","720","1","1","0","1","0","0","0","1"
"pro-374","draken","1|1|-4|0|0|4|0","1","768","1","1","0","1","0","0","0","1"
"pro-374","draken","1|1|-4|0|0|4|0","1","960","2","2","1","1","1","1","1","0"
"pro-374","draken","1|1|-4|0|0|4|0","1","1024","2","2","1","1","1","1","1","0"
"pro-374","draken","1|1|-4|0|0|4|0","1","1080","2","2","1","1","1","1","1","1"
"pro-374","draken","1|1|-4|0|0|4|0","1","1440","3","3","1","1","1","0","0","1"
"pro-374","draken","1|1|-4|0|0|4|0","1","2160","4","4","2","1","0","0","0","1"
"pro-375","drg","0.5|1|-7|0|0|4|0","3","720","0","1","-3","1","0","0","0","1"
"pro-375","drg","0.5|1|-7|0|0|4|0","3","768","0","1","-3","1","0","0","0","1"
"pro-375","drg","0.5|1|-7|0|0|4|0","3","960","1","2","-2","1","1","1","0","1"
"pro-375","drg","0.5|1|-7|0|0|4|0","3","1024","1","2","-2","1","1","1","0","1"
"pro-375","drg","0.5|1|-7|0|0|4|0","3","1080","1","2","-2","1","1","1","0","1"
"pro-375","drg","0.5|1|-7|0|0|4|0","3","1440","1","3","-2","1","0","0","0","1"
"pro-375","drg","0.5|1|-7|0|0|4|0","3","2160","2","4","-1","1","0","0","0","1"
"pro-376","drop","2|0.5|-3|0|0|4|0","1","720","3","1","1","1","1","0","0","1"
"pro-376","drop","2|0.5|-3|0|0|4|0","1","768","3","1","1","1","1","0","0","1"
"pro-376","drop","2|0.5|-3|0|0|4|0","1","960","4","1","1","1","1","1","1","1"
"pro-376","drop","2|0.5|-3|0|0|4|0","1","1024","4","1","1","1","1","1","1","1"
"pro-376","drop","2|0.5|-3|0|0|4|0","1","1080","4","1","1","1","0","1","1","1"
"pro-376","drop","2|0.5|-3|0|0|4|0","1","1440","6","1","1","1","0","0","0","1"
"pro-376","drop","2|0.5|-3|0|0|4|0","1","2160","9","2","2","1","1","0","0","1"
"pro-377","DSSj","1|0|-3|0|0|4|0","2","720","1","1","1","1","0","0","0","1"
"pro-377","DSSj","1|0|-3|0|0|4|0","2","768","1","1","1","1","0","0","0","1"
"pro-377","DSSj","1|0|-3|0|0|4|0","2","960","2","1","1","1","1","1","0","1"
"pro-377","DSSj","1|0|-3|0|0|4|0","2","1024","2","1","1","1","1","1","0","1"
"pro-377","DSSj","1|0|-3|0|0|4|0","2","1080","2","1","1","1","1","1","0","1"
"pro-377","DSSj","1|0|-3|0|0|4|0","2","1440","3","1","1","1","1","0","0","1"
"pro-377","DSSj","1|0|-3|0|0|4|0","2","2160","4","1","1","1","0","0","0","1"
"pro-378","duhpe","1|1|-4|0|0|4|0","1","720","1","1","0","1","0","0","0","1"
"pro-378","duhpe","1|1|-4|0|0|4|0","1","768","1","1","0","1","0","0","0","1"
"pro-378","duhpe","1|1|-4|0|0|4|0","1","960","2","2","1","1","1","1","1","0"
"pro-378","duhpe","1|1|-4|0|0|4|0","1","1024","2","2","1","1","1","1","1","0"
"pro-378","duhpe","1|1|-4|0|0|4|0","1","1080","2","2","1","1","1","1","1","1"
"pro-378","duhpe","1|1|-4|0|0|4|0","1","1440","3","3","1","1","1","0","0","1"
"pro-378","duhpe","1|1|-4|0|0|4|0","1","2160","4","4","2","1","0","0","0","1"
"pro-379","dukefissura","1|1|-4|0|0|4|0","1","720","1","1","0","1","0","0","0","1"
"pro-379","dukefissura","1|1|-4|0|0|4|0","1","768","1","1","0","1","0","0","0","1"
"pro-379","dukefissura","1|1|-4|0|0|4|0","1","960","2","2","1","1","1","1","1","0"
"pro-379","dukefissura","1|1|-4|0|0|4|0","1","1024","2","2","1","1","1","1","1","0"
"pro-379","dukefissura","1|1|-4|0|0|4|0","1","1080","2","2","1","1","1","1","1","1"
"pro-379","dukefissura","1|1|-4|0|0|4|0","1","1440","3","3","1","1","1","0","0","1"
"pro-379","dukefissura","1|1|-4|0|0|4|0","1","2160","4","4","2","1","0","0","0","1"
"pro-380","dumau","1|1|-4|0|0|4|0","1","720","1","1","0","1","0","0","0","1"
"pro-380","dumau","1|1|-4|0|0|4|0","1","768","1","1","0","1","0","0","0","1"
"pro-380","dumau","1|1|-4|0|0|4|0","1","960","2","2","1","1","1","1","1","0"
"pro-380","dumau","1|1|-4|0|0|4|0","1","1024","2","2","1","1","1","1","1","0"
"pro-380","dumau","1|1|-4|0|0|4|0","1","1080","2","2","1","1","1","1","1","1"
"pro-380","dumau","1|1|-4|0|0|4|0","1","1440","3","3","1","1","1","0","0","1"
"pro-380","dumau","1|1|-4|0|0|4|0","1","2160","4","4","2","1","0","0","0","1"
"pro-381","dwushka","2|0|-3|0|0|4|0","3","720","3","1","1","1","1","0","0","1"
"pro-381","dwushka","2|0|-3|0|0|4|0","3","768","3","1","1","1","1","0","0","1"
"pro-381","dwushka","2|0|-3|0|0|4|0","3","960","4","1","1","1","1","1","0","1"
"pro-381","dwushka","2|0|-3|0|0|4|0","3","1024","4","1","1","1","1","1","0","1"
"pro-381","dwushka","2|0|-3|0|0|4|0","3","1080","4","1","1","1","0","1","0","1"
"pro-381","dwushka","2|0|-3|0|0|4|0","3","1440","6","1","1","1","1","0","0","1"
"pro-381","dwushka","2|0|-3|0|0|4|0","3","2160","9","1","1","1","1","0","0","1"
"pro-382","dycha","3|0|-3|0|0|4|0","0","720","4","1","1","1","0","0","0","1"
"pro-382","dycha","3|0|-3|0|0|4|0","0","768","4","1","1","1","0","0","0","1"
"pro-382","dycha","3|0|-3|0|0|4|0","0","960","6","1","1","1","1","1","0","1"
"pro-382","dycha","3|0|-3|0|0|4|0","0","1024","6","1","1","1","1","1","0","1"
"pro-382","dycha","3|0|-3|0|0|4|0","0","1080","6","1","1","1","0","1","0","1"
"pro-382","dycha","3|0|-3|0|0|4|0","0","1440","9","1","1","1","1","0","0","1"
"pro-382","dycha","3|0|-3|0|0|4|0","0","2160","13","1","1","1","0","0","0","1"
"pro-383","DYLAN","1.4|0.9|-5|0|0|4|0","3","720","2","1","-1","1","1","1","0","1"
"pro-383","DYLAN","1.4|0.9|-5|0|0|4|0","3","768","2","1","-1","1","1","1","0","1"
"pro-383","DYLAN","1.4|0.9|-5|0|0|4|0","3","960","2","1","-1","1","0","1","0","0"
"pro-383","DYLAN","1.4|0.9|-5|0|0|4|0","3","1024","2","1","-1","1","0","1","0","0"
"pro-383","DYLAN","1.4|0.9|-5|0|0|4|0","3","1080","3","2","0","1","1","0","0","0"
"pro-383","DYLAN","1.4|0.9|-5|0|0|4|0","3","1440","4","2","0","1","0","0","0","1"
"pro-383","DYLAN","1.4|0.9|-5|0|0|4|0","3","2160","6","4","1","1","1","0","0","1"
"pro-384","Dytor","0.8|0.8|-4.4|0|0|4|0","4","720","1","1","0","1","1","1","0","1"
"pro-384","Dytor","0.8|0.8|-4.4|0|0|4|0","4","768","1","1","0","1","1","1","0","1"
"pro-384","Dytor","0.8|0.8|-4.4|0|0|4|0","4","960","1","1","0","1","0","1","0","1"
"pro-384","Dytor","0.8|0.8|-4.4|0|0|4|0","4","1024","1","1","0","1","0","1","0","0"
"pro-384","Dytor","0.8|0.8|-4.4|0|0|4|0","4","1080","1","1","0","1","0","1","0","0"
"pro-384","Dytor","0.8|0.8|-4.4|0|0|4|0","4","1440","2","2","1","1","1","0","0","0"
"pro-384","Dytor","0.8|0.8|-4.4|0|0|4|0","4","2160","3","3","1","1","0","0","0","1"
"pro-385","dziugss","1.1|0.8|-4|0|0|4|0","1","720","1","1","0","1","0","0","0","1"
"pro-385","dziugss","1.1|0.8|-4|0|0|4|0","1","768","1","1","0","1","0","0","0","1"
"pro-385","dziugss","1.1|0.8|-4|0|0|4|0","1","960","2","1","0","1","0","1","0","1"
"pro-385","dziugss","1.1|0.8|-4|0|0|4|0","1","1024","2","1","0","1","0","1","0","0"
"pro-385","dziugss","1.1|0.8|-4|0|0|4|0","1","1080","2","1","0","1","0","1","0","0"
"pro-385","dziugss","1.1|0.8|-4|0|0|4|0","1","1440","3","2","1","1","1","0","0","1"
"pro-385","dziugss","1.1|0.8|-4|0|0|4|0","1","2160","4","3","1","1","0","0","0","0"
"pro-386","easy","1.5|0.5|-3|0|0|4|0","4","720","2","1","1","1","1","0","1","1"
"pro-386","easy","1.5|0.5|-3|0|0|4|0","4","768","2","1","1","1","1","0","1","1"
"pro-386","easy","1.5|0.5|-3|0|0|4|0","4","960","3","1","1","1","1","1","0","1"
"pro-386","easy","1.5|0.5|-3|0|0|4|0","4","1024","3","1","1","1","1","1","0","1"
"pro-386","easy","1.5|0.5|-3|0|0|4|0","4","1080","3","1","1","1","1","1","0","1"
"pro-386","easy","1.5|0.5|-3|0|0|4|0","4","1440","4","1","1","1","0","0","0","1"
"pro-386","easy","1.5|0.5|-3|0|0|4|0","4","2160","6","2","2","1","0","0","0","1"
"pro-387","Ed1m","0.5|1|-4|0|0|4|0","0","720","0","1","0","1","0","0","0","1"
"pro-387","Ed1m","0.5|1|-4|0|0|4|0","0","768","0","1","0","1","0","0","0","1"
"pro-387","Ed1m","0.5|1|-4|0|0|4|0","0","960","1","2","1","1","1","1","0","0"
"pro-387","Ed1m","0.5|1|-4|0|0|4|0","0","1024","1","2","1","1","1","1","0","0"
"pro-387","Ed1m","0.5|1|-4|0|0|4|0","0","1080","1","2","1","1","1","1","0","1"
"pro-387","Ed1m","0.5|1|-4|0|0|4|0","0","1440","1","3","1","1","0","0","0","1"
"pro-387","Ed1m","0.5|1|-4|0|0|4|0","0","2160","2","4","2","1","0","0","0","1"
"pro-388","Efire","1|1|-4|0|0|4|0","1","720","1","1","0","1","0","0","0","1"
"pro-388","Efire","1|1|-4|0|0|4|0","1","768","1","1","0","1","0","0","0","1"
"pro-388","Efire","1|1|-4|0|0|4|0","1","960","2","2","1","1","1","1","1","0"
"pro-388","Efire","1|1|-4|0|0|4|0","1","1024","2","2","1","1","1","1","1","0"
"pro-388","Efire","1|1|-4|0|0|4|0","1","1080","2","2","1","1","1","1","1","1"
"pro-388","Efire","1|1|-4|0|0|4|0","1","1440","3","3","1","1","1","0","0","1"
"pro-388","Efire","1|1|-4|0|0|4|0","1","2160","4","4","2","1","0","0","0","1"
"pro-389","El1an","0|0|-3|1|0|4|0","2","720","0","1","1","1","1","1","0","1"
"pro-389","El1an","0|0|-3|1|0|4|0","2","768","0","1","1","1","1","1","0","1"
"pro-389","El1an","0|0|-3|1|0|4|0","2","960","0","1","1","1","1","1","0","1"
"pro-389","El1an","0|0|-3|1|0|4|0","2","1024","0","1","1","1","1","1","0","1"
"pro-389","El1an","0|0|-3|1|0|4|0","2","1080","0","1","1","1","1","1","0","1"
"pro-389","El1an","0|0|-3|1|0|4|0","2","1440","0","1","1","1","1","1","0","1"
"pro-389","El1an","0|0|-3|1|0|4|0","2","2160","0","1","1","1","1","1","0","1"
"pro-390","electroNic","1|1|-4|0|0|4|0","1","720","1","1","0","1","0","0","0","1"
"pro-390","electroNic","1|1|-4|0|0|4|0","1","768","1","1","0","1","0","0","0","1"
"pro-390","electroNic","1|1|-4|0|0|4|0","1","960","2","2","1","1","1","1","1","0"
"pro-390","electroNic","1|1|-4|0|0|4|0","1","1024","2","2","1","1","1","1","1","0"
"pro-390","electroNic","1|1|-4|0|0|4|0","1","1080","2","2","1","1","1","1","1","1"
"pro-390","electroNic","1|1|-4|0|0|4|0","1","1440","3","3","1","1","1","0","0","1"
"pro-390","electroNic","1|1|-4|0|0|4|0","1","2160","4","4","2","1","0","0","0","1"
"pro-391","EliGE","2.5|1|-8|0|0|4|0","4","720","3","1","-4","1","0","0","0","1"
"pro-391","EliGE","2.5|1|-8|0|0|4|0","4","768","4","1","-4","1","0","0","0","1"
"pro-391","EliGE","2.5|1|-8|0|0|4|0","4","960","5","2","-3","1","1","1","0","1"
"pro-391","EliGE","2.5|1|-8|0|0|4|0","4","1024","5","2","-3","1","1","1","0","1"
"pro-391","EliGE","2.5|1|-8|0|0|4|0","4","1080","5","2","-3","1","0","1","0","1"
"pro-391","EliGE","2.5|1|-8|0|0|4|0","4","1440","7","3","-3","1","0","0","0","1"
"pro-391","EliGE","2.5|1|-8|0|0|4|0","4","2160","11","4","-2","1","0","0","0","1"
"pro-392","emi","2|0|-4|0|0|4|0","0","720","3","1","0","1","1","0","0","1"
"pro-392","emi","2|0|-4|0|0|4|0","0","768","3","1","0","1","1","0","0","1"
"pro-392","emi","2|0|-4|0|0|4|0","0","960","4","1","0","1","1","1","0","1"
"pro-392","emi","2|0|-4|0|0|4|0","0","1024","4","1","0","1","1","1","0","1"
"pro-392","emi","2|0|-4|0|0|4|0","0","1080","4","1","0","1","0","1","0","1"
"pro-392","emi","2|0|-4|0|0|4|0","0","1440","6","1","0","1","1","0","0","1"
"pro-392","emi","2|0|-4|0|0|4|0","0","2160","9","1","0","1","1","0","0","1"
"pro-393","EmiliaQAQ","1.9|0.7|-2.9|0|0|4|0","3","720","2","1","1","1","0","0","0","1"
"pro-393","EmiliaQAQ","1.9|0.7|-2.9|0|0|4|0","3","768","3","1","1","1","1","1","0","1"
"pro-393","EmiliaQAQ","1.9|0.7|-2.9|0|0|4|0","3","960","3","1","1","1","0","1","0","1"
"pro-393","EmiliaQAQ","1.9|0.7|-2.9|0|0|4|0","3","1024","4","1","1","1","1","0","0","1"
"pro-393","EmiliaQAQ","1.9|0.7|-2.9|0|0|4|0","3","1080","4","1","1","1","0","0","0","1"
"pro-393","EmiliaQAQ","1.9|0.7|-2.9|0|0|4|0","3","1440","5","2","2","1","0","0","0","1"
"pro-393","EmiliaQAQ","1.9|0.7|-2.9|0|0|4|0","3","2160","8","3","2","1","0","0","0","1"
"pro-394","Emy","1.5|0.6|-3|0|0|4|0","3","720","2","1","1","1","1","0","0","1"
"pro-394","Emy","1.5|0.6|-3|0|0|4|0","3","768","2","1","1","1","1","0","0","1"
"pro-394","Emy","1.5|0.6|-3|0|0|4|0","3","960","3","1","1","1","1","1","0","1"
"pro-394","Emy","1.5|0.6|-3|0|0|4|0","3","1024","3","1","1","1","1","1","0","1"
"pro-394","Emy","1.5|0.6|-3|0|0|4|0","3","1080","3","1","1","1","1","1","0","1"
"pro-394","Emy","1.5|0.6|-3|0|0|4|0","3","1440","4","1","1","1","0","0","0","0"
"pro-394","Emy","1.5|0.6|-3|0|0|4|0","3","2160","6","2","2","1","0","0","0","1"
"pro-395","eraa","2|1|-2|0|0|4|0","0","720","3","1","2","1","0","0","0","1"
"pro-395","eraa","2|1|-2|0|0|4|0","0","768","3","1","2","1","0","0","0","1"
"pro-395","eraa","2|1|-2|0|0|4|0","0","960","4","2","3","1","1","1","1","0"
"pro-395","eraa","2|1|-2|0|0|4|0","0","1024","4","2","3","1","1","1","1","0"
"pro-395","eraa","2|1|-2|0|0|4|0","0","1080","4","2","3","1","0","1","1","0"
"pro-395","eraa","2|1|-2|0|0|4|0","0","1440","6","3","3","1","1","0","0","1"
"pro-395","eraa","2|1|-2|0|0|4|0","0","2160","9","4","4","1","0","0","0","1"
"pro-396","ERSIN","1|1|-4|1|0|4|0","1","720","1","1","0","1","0","0","0","1"
"pro-396","ERSIN","1|1|-4|1|0|4|0","1","768","1","1","0","1","0","0","0","1"
"pro-396","ERSIN","1|1|-4|1|0|4|0","1","960","2","2","1","1","1","1","1","0"
"pro-396","ERSIN","1|1|-4|1|0|4|0","1","1024","2","2","1","1","1","1","1","0"
"pro-396","ERSIN","1|1|-4|1|0|4|0","1","1080","2","2","1","1","1","1","1","1"
"pro-396","ERSIN","1|1|-4|1|0|4|0","1","1440","3","3","1","1","1","0","0","1"
"pro-396","ERSIN","1|1|-4|1|0|4|0","1","2160","4","4","2","1","0","0","0","1"
"pro-397","esenthial","1.9|0.6|-2.7|0|0|4|0","4","720","2","1","1","1","0","0","0","1"
"pro-397","esenthial","1.9|0.6|-2.7|0|0|4|0","4","768","3","1","1","1","1","1","0","1"
"pro-397","esenthial","1.9|0.6|-2.7|0|0|4|0","4","960","3","1","1","1","0","1","0","1"
"pro-397","esenthial","1.9|0.6|-2.7|0|0|4|0","4","1024","4","1","1","1","1","0","0","1"
"pro-397","esenthial","1.9|0.6|-2.7|0|0|4|0","4","1080","4","1","1","1","1","0","0","1"
"pro-397","esenthial","1.9|0.6|-2.7|0|0|4|0","4","1440","5","1","1","1","0","0","0","0"
"pro-397","esenthial","1.9|0.6|-2.7|0|0|4|0","4","2160","8","2","2","1","0","0","0","1"
"pro-398","Estate","2|0|-2.5|0|0|4|0","2","720","3","1","1","1","1","0","0","1"
"pro-398","Estate","2|0|-2.5|0|0|4|0","2","768","3","1","1","1","1","0","0","1"
"pro-398","Estate","2|0|-2.5|0|0|4|0","2","960","4","1","1","1","1","1","0","1"
"pro-398","Estate","2|0|-2.5|0|0|4|0","2","1024","4","1","1","1","1","1","0","1"
"pro-398","Estate","2|0|-2.5|0|0|4|0","2","1080","4","1","1","1","0","1","0","1"
"pro-398","Estate","2|0|-2.5|0|0|4|0","2","1440","6","1","1","1","1","0","0","1"
"pro-398","Estate","2|0|-2.5|0|0|4|0","2","2160","9","1","1","1","1","0","0","1"
"pro-399","Evan","1|1|-4|0|0|4|0","1","720","1","1","0","1","0","0","0","1"
"pro-399","Evan","1|1|-4|0|0|4|0","1","768","1","1","0","1","0","0","0","1"
"pro-399","Evan","1|1|-4|0|0|4|0","1","960","2","2","1","1","1","1","1","0"
"pro-399","Evan","1|1|-4|0|0|4|0","1","1024","2","2","1","1","1","1","1","0"
"pro-399","Evan","1|1|-4|0|0|4|0","1","1080","2","2","1","1","1","1","1","1"
"pro-399","Evan","1|1|-4|0|0|4|0","1","1440","3","3","1","1","1","0","0","1"
"pro-399","Evan","1|1|-4|0|0|4|0","1","2160","4","4","2","1","0","0","0","1"
"pro-400","ewjerkz","1.5|0|-3|0|0|4|0","0","720","2","1","1","1","1","0","0","1"
"pro-400","ewjerkz","1.5|0|-3|0|0|4|0","0","768","2","1","1","1","1","0","0","1"
"pro-400","ewjerkz","1.5|0|-3|0|0|4|0","0","960","3","1","1","1","1","1","0","1"
"pro-400","ewjerkz","1.5|0|-3|0|0|4|0","0","1024","3","1","1","1","1","1","0","1"
"pro-400","ewjerkz","1.5|0|-3|0|0|4|0","0","1080","3","1","1","1","1","1","0","1"
"pro-400","ewjerkz","1.5|0|-3|0|0|4|0","0","1440","4","1","1","1","0","0","0","1"
"pro-400","ewjerkz","1.5|0|-3|0|0|4|0","0","2160","6","1","1","1","0","0","0","1"
"pro-401","ex1st","1|1|-4|0|0|4|0","1","720","1","1","0","1","0","0","0","1"
"pro-401","ex1st","1|1|-4|0|0|4|0","1","768","1","1","0","1","0","0","0","1"
"pro-401","ex1st","1|1|-4|0|0|4|0","1","960","2","2","1","1","1","1","1","0"
"pro-401","ex1st","1|1|-4|0|0|4|0","1","1024","2","2","1","1","1","1","1","0"
"pro-401","ex1st","1|1|-4|0|0|4|0","1","1080","2","2","1","1","1","1","1","1"
"pro-401","ex1st","1|1|-4|0|0|4|0","1","1440","3","3","1","1","1","0","0","1"
"pro-401","ex1st","1|1|-4|0|0|4|0","1","2160","4","4","2","1","0","0","0","1"
"pro-402","Ex3rcice","1|0|-2|0|0|4|0","3","720","1","1","2","1","0","0","0","1"
"pro-402","Ex3rcice","1|0|-2|0|0|4|0","3","768","1","1","2","1","0","0","0","1"
"pro-402","Ex3rcice","1|0|-2|0|0|4|0","3","960","2","1","2","1","1","1","0","1"
"pro-402","Ex3rcice","1|0|-2|0|0|4|0","3","1024","2","1","2","1","1","1","0","1"
"pro-402","Ex3rcice","1|0|-2|0|0|4|0","3","1080","2","1","2","1","1","1","0","1"
"pro-402","Ex3rcice","1|0|-2|0|0|4|0","3","1440","3","1","2","1","1","0","0","1"
"pro-402","Ex3rcice","1|0|-2|0|0|4|0","3","2160","4","1","2","1","0","0","0","1"
"pro-403","Executor","1|1|-4|0|0|4|0","1","720","1","1","0","1","0","0","0","1"
"pro-403","Executor","1|1|-4|0|0|4|0","1","768","1","1","0","1","0","0","0","1"
"pro-403","Executor","1|1|-4|0|0|4|0","1","960","2","2","1","1","1","1","1","0"
"pro-403","Executor","1|1|-4|0|0|4|0","1","1024","2","2","1","1","1","1","1","0"
"pro-403","Executor","1|1|-4|0|0|4|0","1","1080","2","2","1","1","1","1","1","1"
"pro-403","Executor","1|1|-4|0|0|4|0","1","1440","3","3","1","1","1","0","0","1"
"pro-403","Executor","1|1|-4|0|0|4|0","1","2160","4","4","2","1","0","0","0","1"
"pro-404","exit","2|0|-3|0|0|4|0","3","720","3","1","1","1","1","0","0","1"
"pro-404","exit","2|0|-3|0|0|4|0","3","768","3","1","1","1","1","0","0","1"
"pro-404","exit","2|0|-3|0|0|4|0","3","960","4","1","1","1","1","1","0","1"
"pro-404","exit","2|0|-3|0|0|4|0","3","1024","4","1","1","1","1","1","0","1"
"pro-404","exit","2|0|-3|0|0|4|0","3","1080","4","1","1","1","0","1","0","1"
"pro-404","exit","2|0|-3|0|0|4|0","3","1440","6","1","1","1","1","0","0","1"
"pro-404","exit","2|0|-3|0|0|4|0","3","2160","9","1","1","1","1","0","0","1"
"pro-405","F0R3VER","0.8|1|-3.2|0|0|4|0","1","720","1","1","0","1","0","0","0","0"
"pro-405","F0R3VER","0.8|1|-3.2|0|0|4|0","1","768","1","1","0","1","0","0","0","0"
"pro-405","F0R3VER","0.8|1|-3.2|0|0|4|0","1","960","1","2","1","1","0","1","0","1"
"pro-405","F0R3VER","0.8|1|-3.2|0|0|4|0","1","1024","1","2","1","1","0","1","0","1"
"pro-405","F0R3VER","0.8|1|-3.2|0|0|4|0","1","1080","1","2","1","1","0","1","0","1"
"pro-405","F0R3VER","0.8|1|-3.2|0|0|4|0","1","1440","2","3","1","1","1","0","0","0"
"pro-405","F0R3VER","0.8|1|-3.2|0|0|4|0","1","2160","3","4","2","1","0","0","0","1"
"pro-406","F1KU","1|1|-4|0|0|4|0","1","720","1","1","0","1","0","0","0","1"
"pro-406","F1KU","1|1|-4|0|0|4|0","1","768","1","1","0","1","0","0","0","1"
"pro-406","F1KU","1|1|-4|0|0|4|0","1","960","2","2","1","1","1","1","1","0"
"pro-406","F1KU","1|1|-4|0|0|4|0","1","1024","2","2","1","1","1","1","1","0"
"pro-406","F1KU","1|1|-4|0|0|4|0","1","1080","2","2","1","1","1","1","1","1"
"pro-406","F1KU","1|1|-4|0|0|4|0","1","1440","3","3","1","1","1","0","0","1"
"pro-406","F1KU","1|1|-4|0|0|4|0","1","2160","4","4","2","1","0","0","0","1"
"pro-407","f4stzin","1.5|0|-3|0|0|4|0","0","720","2","1","1","1","1","0","0","1"
"pro-407","f4stzin","1.5|0|-3|0|0|4|0","0","768","2","1","1","1","1","0","0","1"
"pro-407","f4stzin","1.5|0|-3|0|0|4|0","0","960","3","1","1","1","1","1","0","1"
"pro-407","f4stzin","1.5|0|-3|0|0|4|0","0","1024","3","1","1","1","1","1","0","1"
"pro-407","f4stzin","1.5|0|-3|0|0|4|0","0","1080","3","1","1","1","1","1","0","1"
"pro-407","f4stzin","1.5|0|-3|0|0|4|0","0","1440","4","1","1","1","0","0","0","1"
"pro-407","f4stzin","1.5|0|-3|0|0|4|0","0","2160","6","1","1","1","0","0","0","1"
"pro-408","fame","1|1|-4|0|0|4|0","1","720","1","1","0","1","0","0","0","1"
"pro-408","fame","1|1|-4|0|0|4|0","1","768","1","1","0","1","0","0","0","1"
"pro-408","fame","1|1|-4|0|0|4|0","1","960","2","2","1","1","1","1","1","0"
"pro-408","fame","1|1|-4|0|0|4|0","1","1024","2","2","1","1","1","1","1","0"
"pro-408","fame","1|1|-4|0|0|4|0","1","1080","2","2","1","1","1","1","1","1"
"pro-408","fame","1|1|-4|0|0|4|0","1","1440","3","3","1","1","1","0","0","1"
"pro-408","fame","1|1|-4|0|0|4|0","1","2160","4","4","2","1","0","0","0","1"
"pro-409","FaNg","2|1|-3|0|0|4|0","3","720","3","1","1","1","0","0","0","1"
"pro-409","FaNg","2|1|-3|0|0|4|0","3","768","3","1","1","1","0","0","0","1"
"pro-409","FaNg","2|1|-3|0|0|4|0","3","960","4","2","2","1","1","1","1","0"
"pro-409","FaNg","2|1|-3|0|0|4|0","3","1024","4","2","2","1","1","1","1","0"
"pro-409","FaNg","2|1|-3|0|0|4|0","3","1080","4","2","2","1","0","1","1","1"
"pro-409","FaNg","2|1|-3|0|0|4|0","3","1440","6","3","2","1","1","0","0","1"
"pro-409","FaNg","2|1|-3|0|0|4|0","3","2160","9","4","3","1","0","0","0","1"
"pro-410","faveN","1|1|-4|0|0|4|0","1","720","1","1","0","1","0","0","0","1"
"pro-410","faveN","1|1|-4|0|0|4|0","1","768","1","1","0","1","0","0","0","1"
"pro-410","faveN","1|1|-4|0|0|4|0","1","960","2","2","1","1","1","1","1","0"
"pro-410","faveN","1|1|-4|0|0|4|0","1","1024","2","2","1","1","1","1","1","0"
"pro-410","faveN","1|1|-4|0|0|4|0","1","1080","2","2","1","1","1","1","1","1"
"pro-410","faveN","1|1|-4|0|0|4|0","1","1440","3","3","1","1","1","0","0","1"
"pro-410","faveN","1|1|-4|0|0|4|0","1","2160","4","4","2","1","0","0","0","1"
"pro-412","fEAR","1|1|-4|0|0|4|0","1","720","1","1","0","1","0","0","0","1"
"pro-412","fEAR","1|1|-4|0|0|4|0","1","768","1","1","0","1","0","0","0","1"
"pro-412","fEAR","1|1|-4|0|0|4|0","1","960","2","2","1","1","1","1","1","0"
"pro-412","fEAR","1|1|-4|0|0|4|0","1","1024","2","2","1","1","1","1","1","0"
"pro-412","fEAR","1|1|-4|0|0|4|0","1","1080","2","2","1","1","1","1","1","1"
"pro-412","fEAR","1|1|-4|0|0|4|0","1","1440","3","3","1","1","1","0","0","1"
"pro-412","fEAR","1|1|-4|0|0|4|0","1","2160","4","4","2","1","0","0","0","1"
"pro-413","felps","1.4|0.6|-3|0|0|4|0","4","720","2","1","1","1","1","1","0","1"
"pro-413","felps","1.4|0.6|-3|0|0|4|0","4","768","2","1","1","1","1","1","0","1"
"pro-413","felps","1.4|0.6|-3|0|0|4|0","4","960","2","1","1","1","0","1","0","1"
"pro-413","felps","1.4|0.6|-3|0|0|4|0","4","1024","2","1","1","1","0","1","0","0"
"pro-413","felps","1.4|0.6|-3|0|0|4|0","4","1080","3","1","1","1","1","0","0","1"
"pro-413","felps","1.4|0.6|-3|0|0|4|0","4","1440","4","1","1","1","0","0","0","0"
"pro-413","felps","1.4|0.6|-3|0|0|4|0","4","2160","6","2","2","1","0","0","0","1"
"pro-414","FenomeN","1|1|-4|0|0|4|0","1","720","1","1","0","1","0","0","0","1"
"pro-414","FenomeN","1|1|-4|0|0|4|0","1","768","1","1","0","1","0","0","0","1"
"pro-414","FenomeN","1|1|-4|0|0|4|0","1","960","2","2","1","1","1","1","1","0"
"pro-414","FenomeN","1|1|-4|0|0|4|0","1","1024","2","2","1","1","1","1","1","0"
"pro-414","FenomeN","1|1|-4|0|0|4|0","1","1080","2","2","1","1","1","1","1","1"
"pro-414","FenomeN","1|1|-4|0|0|4|0","1","1440","3","3","1","1","1","0","0","1"
"pro-414","FenomeN","1|1|-4|0|0|4|0","1","2160","4","4","2","1","0","0","0","1"
"pro-415","Fessor","1|1|-4|0|0|4|0","1","720","1","1","0","1","0","0","0","1"
"pro-415","Fessor","1|1|-4|0|0|4|0","1","768","1","1","0","1","0","0","0","1"
"pro-415","Fessor","1|1|-4|0|0|4|0","1","960","2","2","1","1","1","1","1","0"
"pro-415","Fessor","1|1|-4|0|0|4|0","1","1024","2","2","1","1","1","1","1","0"
"pro-415","Fessor","1|1|-4|0|0|4|0","1","1080","2","2","1","1","1","1","1","1"
"pro-415","Fessor","1|1|-4|0|0|4|0","1","1440","3","3","1","1","1","0","0","1"
"pro-415","Fessor","1|1|-4|0|0|4|0","1","2160","4","4","2","1","0","0","0","1"
"pro-417","fineshine52","1|1|-4|0|0|4|0","1","720","1","1","0","1","0","0","0","1"
"pro-417","fineshine52","1|1|-4|0|0|4|0","1","768","1","1","0","1","0","0","0","1"
"pro-417","fineshine52","1|1|-4|0|0|4|0","1","960","2","2","1","1","1","1","1","0"
"pro-417","fineshine52","1|1|-4|0|0|4|0","1","1024","2","2","1","1","1","1","1","0"
"pro-417","fineshine52","1|1|-4|0|0|4|0","1","1080","2","2","1","1","1","1","1","1"
"pro-417","fineshine52","1|1|-4|0|0|4|0","1","1440","3","3","1","1","1","0","0","1"
"pro-417","fineshine52","1|1|-4|0|0|4|0","1","2160","4","4","2","1","0","0","0","1"
"pro-418","FinigaN","1.5|0|-4|1|0|4|0","1","720","2","1","0","1","1","0","0","1"
"pro-418","FinigaN","1.5|0|-4|1|0|4|0","1","768","2","1","0","1","1","0","0","1"
"pro-418","FinigaN","1.5|0|-4|1|0|4|0","1","960","3","1","0","1","1","1","0","1"
"pro-418","FinigaN","1.5|0|-4|1|0|4|0","1","1024","3","1","0","1","1","1","0","1"
"pro-418","FinigaN","1.5|0|-4|1|0|4|0","1","1080","3","1","0","1","1","1","0","1"
"pro-418","FinigaN","1.5|0|-4|1|0|4|0","1","1440","4","1","0","1","0","0","0","1"
"pro-418","FinigaN","1.5|0|-4|1|0|4|0","1","2160","6","1","0","1","0","0","0","1"
"pro-419","Finui","2.5|0.5|-2|0|0|4|0","1","720","3","1","2","1","0","0","0","1"
"pro-419","Finui","2.5|0.5|-2|0|0|4|0","1","768","4","1","2","1","1","0","1","1"
"pro-419","Finui","2.5|0.5|-2|0|0|4|0","1","960","5","1","2","1","1","1","0","1"
"pro-419","Finui","2.5|0.5|-2|0|0|4|0","1","1024","5","1","2","1","1","1","0","1"
"pro-419","Finui","2.5|0.5|-2|0|0|4|0","1","1080","5","1","2","1","0","1","0","1"
"pro-419","Finui","2.5|0.5|-2|0|0|4|0","1","1440","7","1","2","1","0","0","0","1"
"pro-419","Finui","2.5|0.5|-2|0|0|4|0","1","2160","11","2","3","1","1","0","0","1"
"pro-420","FL4MUS","1.5|1.5|-3|0|0|4|0","3","720","2","2","2","1","1","0","0","1"
"pro-420","FL4MUS","1.5|1.5|-3|0|0|4|0","3","768","2","2","2","1","1","0","0","1"
"pro-420","FL4MUS","1.5|1.5|-3|0|0|4|0","3","960","3","3","2","1","1","1","0","1"
"pro-420","FL4MUS","1.5|1.5|-3|0|0|4|0","3","1024","3","3","2","1","1","1","0","1"
"pro-420","FL4MUS","1.5|1.5|-3|0|0|4|0","3","1080","3","3","2","1","1","1","0","1"
"pro-420","FL4MUS","1.5|1.5|-3|0|0|4|0","3","1440","4","4","3","1","0","0","0","1"
"pro-420","FL4MUS","1.5|1.5|-3|0|0|4|0","3","2160","6","6","4","1","0","0","0","1"
"pro-422","flayy","1.5|0|-3|0|0|4|0","0","720","2","1","1","1","1","0","0","1"
"pro-422","flayy","1.5|0|-3|0|0|4|0","0","768","2","1","1","1","1","0","0","1"
"pro-422","flayy","1.5|0|-3|0|0|4|0","0","960","3","1","1","1","1","1","0","1"
"pro-422","flayy","1.5|0|-3|0|0|4|0","0","1024","3","1","1","1","1","1","0","1"
"pro-422","flayy","1.5|0|-3|0|0|4|0","0","1080","3","1","1","1","1","1","0","1"
"pro-422","flayy","1.5|0|-3|0|0|4|0","0","1440","4","1","1","1","0","0","0","1"
"pro-422","flayy","1.5|0|-3|0|0|4|0","0","2160","6","1","1","1","0","0","0","1"
"pro-423","Flierax","1.5|0.9|-3|0|0|4|0","3","720","2","1","1","1","1","0","0","1"
"pro-423","Flierax","1.5|0.9|-3|0|0|4|0","3","768","2","1","1","1","1","0","0","1"
"pro-423","Flierax","1.5|0.9|-3|0|0|4|0","3","960","3","1","1","1","0","1","0","0"
"pro-423","Flierax","1.5|0.9|-3|0|0|4|0","3","1024","3","1","1","1","0","1","0","0"
"pro-423","Flierax","1.5|0.9|-3|0|0|4|0","3","1080","3","2","2","1","1","0","0","0"
"pro-423","Flierax","1.5|0.9|-3|0|0|4|0","3","1440","4","2","2","1","0","0","0","1"
"pro-423","Flierax","1.5|0.9|-3|0|0|4|0","3","2160","6","4","3","1","0","0","0","1"
"pro-424","flouzer","1|1|-5|0|0|4|0","4","720","1","1","-1","1","0","0","0","1"
"pro-424","flouzer","1|1|-5|0|0|4|0","4","768","1","1","-1","1","0","0","0","1"
"pro-424","flouzer","1|1|-5|0|0|4|0","4","960","2","2","0","1","1","1","1","0"
"pro-424","flouzer","1|1|-5|0|0|4|0","4","1024","2","2","0","1","1","1","1","1"
"pro-424","flouzer","1|1|-5|0|0|4|0","4","1080","2","2","0","1","1","1","1","1"
"pro-424","flouzer","1|1|-5|0|0|4|0","4","1440","3","3","0","1","1","0","0","1"
"pro-424","flouzer","1|1|-5|0|0|4|0","4","2160","4","4","1","1","0","0","0","1"
"pro-425","flying","0|1.5|-5|1|0|4|0","3","720","0","2","0","1","1","0","0","1"
"pro-425","flying","0|1.5|-5|1|0|4|0","3","768","0","2","0","1","1","0","0","1"
"pro-425","flying","0|1.5|-5|1|0|4|0","3","960","0","3","0","1","1","1","1","1"
"pro-425","flying","0|1.5|-5|1|0|4|0","3","1024","0","3","0","1","1","1","1","1"
"pro-425","flying","0|1.5|-5|1|0|4|0","3","1080","0","3","0","1","1","1","1","1"
"pro-425","flying","0|1.5|-5|1|0|4|0","3","1440","0","4","1","1","0","0","0","1"
"pro-425","flying","0|1.5|-5|1|0|4|0","3","2160","0","6","2","1","0","0","0","1"
"pro-426","fNk","1|0.9|-3.9|0|0|4|0","2","720","1","1","0","1","0","0","0","1"
"pro-426","fNk","1|0.9|-3.9|0|0|4|0","2","768","1","1","0","1","0","0","0","1"
"pro-426","fNk","1|0.9|-3.9|0|0|4|0","2","960","2","1","0","1","0","1","0","0"
"pro-426","fNk","1|0.9|-3.9|0|0|4|0","2","1024","2","1","0","1","0","1","0","0"
"pro-426","fNk","1|0.9|-3.9|0|0|4|0","2","1080","2","2","1","1","1","0","0","1"
"pro-426","fNk","1|0.9|-3.9|0|0|4|0","2","1440","3","2","1","1","0","0","0","1"
"pro-426","fNk","1|0.9|-3.9|0|0|4|0","2","2160","4","4","2","1","0","0","0","1"
"pro-427","fnl","1|1|-4|0|0|4|0","1","720","1","1","0","1","0","0","0","1"
"pro-427","fnl","1|1|-4|0|0|4|0","1","768","1","1","0","1","0","0","0","1"
"pro-427","fnl","1|1|-4|0|0|4|0","1","960","2","2","1","1","1","1","1","0"
"pro-427","fnl","1|1|-4|0|0|4|0","1","1024","2","2","1","1","1","1","1","0"
"pro-427","fnl","1|1|-4|0|0|4|0","1","1080","2","2","1","1","1","1","1","1"
"pro-427","fnl","1|1|-4|0|0|4|0","1","1440","3","3","1","1","1","0","0","1"
"pro-427","fnl","1|1|-4|0|0|4|0","1","2160","4","4","2","1","0","0","0","1"
"pro-428","fokiu","1|0.5|-5|0|0|4|0","4","720","1","1","-1","1","0","0","0","1"
"pro-428","fokiu","1|0.5|-5|0|0|4|0","4","768","1","1","-1","1","0","0","0","1"
"pro-428","fokiu","1|0.5|-5|0|0|4|0","4","960","2","1","-1","1","1","1","1","1"
"pro-428","fokiu","1|0.5|-5|0|0|4|0","4","1024","2","1","-1","1","1","1","1","1"
"pro-428","fokiu","1|0.5|-5|0|0|4|0","4","1080","2","1","-1","1","1","1","1","1"
"pro-428","fokiu","1|0.5|-5|0|0|4|0","4","1440","3","1","-1","1","0","0","0","1"
"pro-428","fokiu","1|0.5|-5|0|0|4|0","4","2160","4","2","0","1","0","0","0","1"
"pro-429","Forester","2.2|0|-3|0|0|4|0","3","720","3","1","1","1","1","0","0","1"
"pro-429","Forester","2.2|0|-3|0|0|4|0","3","768","3","1","1","1","0","0","0","1"
"pro-429","Forester","2.2|0|-3|0|0|4|0","3","960","4","1","1","1","1","1","0","1"
"pro-429","Forester","2.2|0|-3|0|0|4|0","3","1024","4","1","1","1","0","1","0","1"
"pro-429","Forester","2.2|0|-3|0|0|4|0","3","1080","4","1","1","1","0","1","0","0"
"pro-429","Forester","2.2|0|-3|0|0|4|0","3","1440","6","1","1","1","0","0","0","1"
"pro-429","Forester","2.2|0|-3|0|0|4|0","3","2160","9","1","1","1","0","0","0","0"
"pro-430","forsyy","1|1|-4|0|0|4|0","1","720","1","1","0","1","0","0","0","1"
"pro-430","forsyy","1|1|-4|0|0|4|0","1","768","1","1","0","1","0","0","0","1"
"pro-430","forsyy","1|1|-4|0|0|4|0","1","960","2","2","1","1","1","1","1","0"
"pro-430","forsyy","1|1|-4|0|0|4|0","1","1024","2","2","1","1","1","1","1","0"
"pro-430","forsyy","1|1|-4|0|0|4|0","1","1080","2","2","1","1","1","1","1","1"
"pro-430","forsyy","1|1|-4|0|0|4|0","1","1440","3","3","1","1","1","0","0","1"
"pro-430","forsyy","1|1|-4|0|0|4|0","1","2160","4","4","2","1","0","0","0","1"
"pro-431","fostar","1|1|-4|0|0|4|0","1","720","1","1","0","1","0","0","0","1"
"pro-431","fostar","1|1|-4|0|0|4|0","1","768","1","1","0","1","0","0","0","1"
"pro-431","fostar","1|1|-4|0|0|4|0","1","960","2","2","1","1","1","1","1","0"
"pro-431","fostar","1|1|-4|0|0|4|0","1","1024","2","2","1","1","1","1","1","0"
"pro-431","fostar","1|1|-4|0|0|4|0","1","1080","2","2","1","1","1","1","1","1"
"pro-431","fostar","1|1|-4|0|0|4|0","1","1440","3","3","1","1","1","0","0","1"
"pro-431","fostar","1|1|-4|0|0|4|0","1","2160","4","4","2","1","0","0","0","1"
"pro-432","fozil","1|1|-4|0|0|4|0","1","720","1","1","0","1","0","0","0","1"
"pro-432","fozil","1|1|-4|0|0|4|0","1","768","1","1","0","1","0","0","0","1"
"pro-432","fozil","1|1|-4|0|0|4|0","1","960","2","2","1","1","1","1","1","0"
"pro-432","fozil","1|1|-4|0|0|4|0","1","1024","2","2","1","1","1","1","1","0"
"pro-432","fozil","1|1|-4|0|0|4|0","1","1080","2","2","1","1","1","1","1","1"
"pro-432","fozil","1|1|-4|0|0|4|0","1","1440","3","3","1","1","1","0","0","1"
"pro-432","fozil","1|1|-4|0|0|4|0","1","2160","4","4","2","1","0","0","0","1"
"pro-433","FpSSS","2|1|-2|0|0|4|0","0","720","3","1","2","1","0","0","0","1"
"pro-433","FpSSS","2|1|-2|0|0|4|0","0","768","3","1","2","1","0","0","0","1"
"pro-433","FpSSS","2|1|-2|0|0|4|0","0","960","4","2","3","1","1","1","1","0"
"pro-433","FpSSS","2|1|-2|0|0|4|0","0","1024","4","2","3","1","1","1","1","0"
"pro-433","FpSSS","2|1|-2|0|0|4|0","0","1080","4","2","3","1","0","1","1","0"
"pro-433","FpSSS","2|1|-2|0|0|4|0","0","1440","6","3","3","1","1","0","0","1"
"pro-433","FpSSS","2|1|-2|0|0|4|0","0","2160","9","4","4","1","0","0","0","1"
"pro-434","fr3nd","1|1|-3|0|0|4|0","1","720","1","1","1","1","0","0","0","1"
"pro-434","fr3nd","1|1|-3|0|0|4|0","1","768","1","1","1","1","0","0","0","1"
"pro-434","fr3nd","1|1|-3|0|0|4|0","1","960","2","2","2","1","1","1","1","0"
"pro-434","fr3nd","1|1|-3|0|0|4|0","1","1024","2","2","2","1","1","1","1","0"
"pro-434","fr3nd","1|1|-3|0|0|4|0","1","1080","2","2","2","1","1","1","1","0"
"pro-434","fr3nd","1|1|-3|0|0|4|0","1","1440","3","3","2","1","1","0","0","1"
"pro-434","fr3nd","1|1|-3|0|0|4|0","1","2160","4","4","3","1","0","0","0","1"
"pro-435","Freeman","1|0|-2|0|0|4|0","3","720","1","1","2","1","0","0","0","1"
"pro-435","Freeman","1|0|-2|0|0|4|0","3","768","1","1","2","1","0","0","0","1"
"pro-435","Freeman","1|0|-2|0|0|4|0","3","960","2","1","2","1","1","1","0","1"
"pro-435","Freeman","1|0|-2|0|0|4|0","3","1024","2","1","2","1","1","1","0","1"
"pro-435","Freeman","1|0|-2|0|0|4|0","3","1080","2","1","2","1","1","1","0","1"
"pro-435","Freeman","1|0|-2|0|0|4|0","3","1440","3","1","2","1","1","0","0","1"
"pro-435","Freeman","1|0|-2|0|0|4|0","3","2160","4","1","2","1","0","0","0","1"
"pro-436","FreeZe","1.5|0|-3|0|0|4|0","0","720","2","1","1","1","1","0","0","1"
"pro-436","FreeZe","1.5|0|-3|0|0|4|0","0","768","2","1","1","1","1","0","0","1"
"pro-436","FreeZe","1.5|0|-3|0|0|4|0","0","960","3","1","1","1","1","1","0","1"
"pro-436","FreeZe","1.5|0|-3|0|0|4|0","0","1024","3","1","1","1","1","1","0","1"
"pro-436","FreeZe","1.5|0|-3|0|0|4|0","0","1080","3","1","1","1","1","1","0","1"
"pro-436","FreeZe","1.5|0|-3|0|0|4|0","0","1440","4","1","1","1","0","0","0","1"
"pro-436","FreeZe","1.5|0|-3|0|0|4|0","0","2160","6","1","1","1","0","0","0","1"
"pro-437","fREQ","1|1|-4|0|0|4|0","1","720","1","1","0","1","0","0","0","1"
"pro-437","fREQ","1|1|-4|0|0|4|0","1","768","1","1","0","1","0","0","0","1"
"pro-437","fREQ","1|1|-4|0|0|4|0","1","960","2","2","1","1","1","1","1","0"
"pro-437","fREQ","1|1|-4|0|0|4|0","1","1024","2","2","1","1","1","1","1","0"
"pro-437","fREQ","1|1|-4|0|0|4|0","1","1080","2","2","1","1","1","1","1","1"
"pro-437","fREQ","1|1|-4|0|0|4|0","1","1440","3","3","1","1","1","0","0","1"
"pro-437","fREQ","1|1|-4|0|0|4|0","1","2160","4","4","2","1","0","0","0","1"
"pro-438","freshie","2|0|-3|0|0|4|0","3","720","3","1","1","1","1","0","0","1"
"pro-438","freshie","2|0|-3|0|0|4|0","3","768","3","1","1","1","1","0","0","1"
"pro-438","freshie","2|0|-3|0|0|4|0","3","960","4","1","1","1","1","1","0","1"
"pro-438","freshie","2|0|-3|0|0|4|0","3","1024","4","1","1","1","1","1","0","1"
"pro-438","freshie","2|0|-3|0|0|4|0","3","1080","4","1","1","1","0","1","0","1"
"pro-438","freshie","2|0|-3|0|0|4|0","3","1440","6","1","1","1","1","0","0","1"
"pro-438","freshie","2|0|-3|0|0|4|0","3","2160","9","1","1","1","1","0","0","1"
"pro-439","Frip","3|0.5|0|0|0|4|0","3","720","4","1","4","1","0","0","0","1"
"pro-439","Frip","3|0.5|0|0|0|4|0","3","768","4","1","4","1","0","0","0","1"
"pro-439","Frip","3|0.5|0|0|0|4|0","3","960","6","1","4","1","1","1","0","1"
"pro-439","Frip","3|0.5|0|0|0|4|0","3","1024","6","1","4","1","1","1","0","1"
"pro-439","Frip","3|0.5|0|0|0|4|0","3","1080","6","1","4","1","0","1","0","1"
"pro-439","Frip","3|0.5|0|0|0|4|0","3","1440","9","1","4","1","0","0","0","1"
"pro-439","Frip","3|0.5|0|0|0|4|0","3","2160","13","2","5","1","0","0","0","1"
"pro-440","frontales","2|0|-3|0|0|4|0","3","720","3","1","1","1","1","0","0","1"
"pro-440","frontales","2|0|-3|0|0|4|0","3","768","3","1","1","1","1","0","0","1"
"pro-440","frontales","2|0|-3|0|0|4|0","3","960","4","1","1","1","1","1","0","1"
"pro-440","frontales","2|0|-3|0|0|4|0","3","1024","4","1","1","1","1","1","0","1"
"pro-440","frontales","2|0|-3|0|0|4|0","3","1080","4","1","1","1","0","1","0","1"
"pro-440","frontales","2|0|-3|0|0|4|0","3","1440","6","1","1","1","1","0","0","1"
"pro-440","frontales","2|0|-3|0|0|4|0","3","2160","9","1","1","1","1","0","0","1"
"pro-441","Fruitcupx","1|1|-4|0|0|4|0","1","720","1","1","0","1","0","0","0","1"
"pro-441","Fruitcupx","1|1|-4|0|0|4|0","1","768","1","1","0","1","0","0","0","1"
"pro-441","Fruitcupx","1|1|-4|0|0|4|0","1","960","2","2","1","1","1","1","1","0"
"pro-441","Fruitcupx","1|1|-4|0|0|4|0","1","1024","2","2","1","1","1","1","1","0"
"pro-441","Fruitcupx","1|1|-4|0|0|4|0","1","1080","2","2","1","1","1","1","1","1"
"pro-441","Fruitcupx","1|1|-4|0|0|4|0","1","1440","3","3","1","1","1","0","0","1"
"pro-441","Fruitcupx","1|1|-4|0|0|4|0","1","2160","4","4","2","1","0","0","0","1"
"pro-442","fury5k","2|1|-3|0|0|4|0","3","720","3","1","1","1","0","0","0","1"
"pro-442","fury5k","2|1|-3|0|0|4|0","3","768","3","1","1","1","0","0","0","1"
"pro-442","fury5k","2|1|-3|0|0|4|0","3","960","4","2","2","1","1","1","1","0"
"pro-442","fury5k","2|1|-3|0|0|4|0","3","1024","4","2","2","1","1","1","1","0"
"pro-442","fury5k","2|1|-3|0|0|4|0","3","1080","4","2","2","1","0","1","1","1"
"pro-442","fury5k","2|1|-3|0|0|4|0","3","1440","6","3","2","1","1","0","0","1"
"pro-442","fury5k","2|1|-3|0|0|4|0","3","2160","9","4","3","1","0","0","0","1"
"pro-443","gafolo","1.5|0|-3|0|0|4|0","0","720","2","1","1","1","1","0","0","1"
"pro-443","gafolo","1.5|0|-3|0|0|4|0","0","768","2","1","1","1","1","0","0","1"
"pro-443","gafolo","1.5|0|-3|0|0|4|0","0","960","3","1","1","1","1","1","0","1"
"pro-443","gafolo","1.5|0|-3|0|0|4|0","0","1024","3","1","1","1","1","1","0","1"
"pro-443","gafolo","1.5|0|-3|0|0|4|0","0","1080","3","1","1","1","1","1","0","1"
"pro-443","gafolo","1.5|0|-3|0|0|4|0","0","1440","4","1","1","1","0","0","0","1"
"pro-443","gafolo","1.5|0|-3|0|0|4|0","0","2160","6","1","1","1","0","0","0","1"
"pro-444","gas","3|0|0|0|0|4|0","1","720","4","1","4","1","0","0","0","1"
"pro-444","gas","3|0|0|0|0|4|0","1","768","4","1","4","1","0","0","0","1"
"pro-444","gas","3|0|0|0|0|4|0","1","960","6","1","4","1","1","1","0","1"
"pro-444","gas","3|0|0|0|0|4|0","1","1024","6","1","4","1","1","1","0","1"
"pro-444","gas","3|0|0|0|0|4|0","1","1080","6","1","4","1","0","1","0","1"
"pro-444","gas","3|0|0|0|0|4|0","1","1440","9","1","4","1","1","0","0","1"
"pro-444","gas","3|0|0|0|0|4|0","1","2160","13","1","4","1","0","0","0","1"
"pro-445","gbb","2|1|-3|0|0|4|0","3","720","3","1","1","1","0","0","0","1"
"pro-445","gbb","2|1|-3|0|0|4|0","3","768","3","1","1","1","0","0","0","1"
"pro-445","gbb","2|1|-3|0|0|4|0","3","960","4","2","2","1","1","1","1","0"
"pro-445","gbb","2|1|-3|0|0|4|0","3","1024","4","2","2","1","1","1","1","0"
"pro-445","gbb","2|1|-3|0|0|4|0","3","1080","4","2","2","1","0","1","1","1"
"pro-445","gbb","2|1|-3|0|0|4|0","3","1440","6","3","2","1","1","0","0","1"
"pro-445","gbb","2|1|-3|0|0|4|0","3","2160","9","4","3","1","0","0","0","1"
"pro-446","gbk","3|0|-1|1|0|4|0","1","720","4","1","3","1","0","0","0","1"
"pro-446","gbk","3|0|-1|1|0|4|0","1","768","4","1","3","1","0","0","0","1"
"pro-446","gbk","3|0|-1|1|0|4|0","1","960","6","1","3","1","1","1","0","1"
"pro-446","gbk","3|0|-1|1|0|4|0","1","1024","6","1","3","1","1","1","0","1"
"pro-446","gbk","3|0|-1|1|0|4|0","1","1080","6","1","3","1","0","1","0","1"
"pro-446","gbk","3|0|-1|1|0|4|0","1","1440","9","1","3","1","1","0","0","1"
"pro-446","gbk","3|0|-1|1|0|4|0","1","2160","13","1","3","1","0","0","0","1"
"pro-447","gejmzilla","0|0|-3|1|0|4|0","2","720","0","1","1","1","1","1","0","1"
"pro-447","gejmzilla","0|0|-3|1|0|4|0","2","768","0","1","1","1","1","1","0","1"
"pro-447","gejmzilla","0|0|-3|1|0|4|0","2","960","0","1","1","1","1","1","0","1"
"pro-447","gejmzilla","0|0|-3|1|0|4|0","2","1024","0","1","1","1","1","1","0","1"
"pro-447","gejmzilla","0|0|-3|1|0|4|0","2","1080","0","1","1","1","1","1","0","1"
"pro-447","gejmzilla","0|0|-3|1|0|4|0","2","1440","0","1","1","1","1","1","0","1"
"pro-447","gejmzilla","0|0|-3|1|0|4|0","2","2160","0","1","1","1","1","1","0","1"
"pro-448","Get_Jeka","1|1|-3|0|0|4|0","1","720","1","1","1","1","0","0","0","1"
"pro-448","Get_Jeka","1|1|-3|0|0|4|0","1","768","1","1","1","1","0","0","0","1"
"pro-448","Get_Jeka","1|1|-3|0|0|4|0","1","960","2","2","2","1","1","1","1","0"
"pro-448","Get_Jeka","1|1|-3|0|0|4|0","1","1024","2","2","2","1","1","1","1","0"
"pro-448","Get_Jeka","1|1|-3|0|0|4|0","1","1080","2","2","2","1","1","1","1","0"
"pro-448","Get_Jeka","1|1|-3|0|0|4|0","1","1440","3","3","2","1","1","0","0","1"
"pro-448","Get_Jeka","1|1|-3|0|0|4|0","1","2160","4","4","3","1","0","0","0","1"
"pro-449","Gibsand","1.5|0.5|-5|0|0|4|0","1","720","2","1","-1","1","1","0","1","1"
"pro-449","Gibsand","1.5|0.5|-5|0|0|4|0","1","768","2","1","-1","1","1","0","1","1"
"pro-449","Gibsand","1.5|0.5|-5|0|0|4|0","1","960","3","1","-1","1","1","1","0","1"
"pro-449","Gibsand","1.5|0.5|-5|0|0|4|0","1","1024","3","1","-1","1","1","1","0","1"
"pro-449","Gibsand","1.5|0.5|-5|0|0|4|0","1","1080","3","1","-1","1","1","1","0","1"
"pro-449","Gibsand","1.5|0.5|-5|0|0|4|0","1","1440","4","1","-1","1","0","0","0","1"
"pro-449","Gibsand","1.5|0.5|-5|0|0|4|0","1","2160","6","2","0","1","0","0","0","1"
"pro-450","Gizmy","1|1|-4|0|0|4|0","1","720","1","1","0","1","0","0","0","1"
"pro-450","Gizmy","1|1|-4|0|0|4|0","1","768","1","1","0","1","0","0","0","1"
"pro-450","Gizmy","1|1|-4|0|0|4|0","1","960","2","2","1","1","1","1","1","0"
"pro-450","Gizmy","1|1|-4|0|0|4|0","1","1024","2","2","1","1","1","1","1","0"
"pro-450","Gizmy","1|1|-4|0|0|4|0","1","1080","2","2","1","1","1","1","1","1"
"pro-450","Gizmy","1|1|-4|0|0|4|0","1","1440","3","3","1","1","1","0","0","1"
"pro-450","Gizmy","1|1|-4|0|0|4|0","1","2160","4","4","2","1","0","0","0","1"
"pro-451","gla1ve","3|1|-2|0|0|4|0","1","720","4","1","2","1","0","0","0","1"
"pro-451","gla1ve","3|1|-2|0|0|4|0","1","768","4","1","2","1","0","0","0","1"
"pro-451","gla1ve","3|1|-2|0|0|4|0","1","960","6","2","3","1","1","1","0","0"
"pro-451","gla1ve","3|1|-2|0|0|4|0","1","1024","6","2","3","1","1","1","0","0"
"pro-451","gla1ve","3|1|-2|0|0|4|0","1","1080","6","2","3","1","0","1","0","1"
"pro-451","gla1ve","3|1|-2|0|0|4|0","1","1440","9","3","3","1","1","0","0","1"
"pro-451","gla1ve","3|1|-2|0|0|4|0","1","2160","13","4","4","1","0","0","0","1"
"pro-453","gob b","1|0|-4|0|0|4|0","3","720","1","1","0","1","0","0","0","1"
"pro-453","gob b","1|0|-4|0|0|4|0","3","768","1","1","0","1","0","0","0","1"
"pro-453","gob b","1|0|-4|0|0|4|0","3","960","2","1","0","1","1","1","0","1"
"pro-453","gob b","1|0|-4|0|0|4|0","3","1024","2","1","0","1","1","1","0","1"
"pro-453","gob b","1|0|-4|0|0|4|0","3","1080","2","1","0","1","1","1","0","1"
"pro-453","gob b","1|0|-4|0|0|4|0","3","1440","3","1","0","1","1","0","0","1"
"pro-453","gob b","1|0|-4|0|0|4|0","3","2160","4","1","0","1","0","0","0","1"
"pro-454","gokushima","2|0|-3|0|0|4|0","3","720","3","1","1","1","1","0","0","1"
"pro-454","gokushima","2|0|-3|0|0|4|0","3","768","3","1","1","1","1","0","0","1"
"pro-454","gokushima","2|0|-3|0|0|4|0","3","960","4","1","1","1","1","1","0","1"
"pro-454","gokushima","2|0|-3|0|0|4|0","3","1024","4","1","1","1","1","1","0","1"
"pro-454","gokushima","2|0|-3|0|0|4|0","3","1080","4","1","1","1","0","1","0","1"
"pro-454","gokushima","2|0|-3|0|0|4|0","3","1440","6","1","1","1","1","0","0","1"
"pro-454","gokushima","2|0|-3|0|0|4|0","3","2160","9","1","1","1","1","0","0","1"
"pro-455","Goody","2|0.6|-3|0|0|4|0","0","720","3","1","1","1","1","0","0","1"
"pro-455","Goody","2|0.6|-3|0|0|4|0","0","768","3","1","1","1","1","0","0","1"
"pro-455","Goody","2|0.6|-3|0|0|4|0","0","960","4","1","1","1","1","1","0","1"
"pro-455","Goody","2|0.6|-3|0|0|4|0","0","1024","4","1","1","1","1","1","0","1"
"pro-455","Goody","2|0.6|-3|0|0|4|0","0","1080","4","1","1","1","0","1","0","1"
"pro-455","Goody","2|0.6|-3|0|0|4|0","0","1440","6","1","1","1","0","0","0","0"
"pro-455","Goody","2|0.6|-3|0|0|4|0","0","2160","9","2","2","1","0","0","0","1"
"pro-456","Goofy","1.2|0.8|-3.1|1|0|4|0","2","720","1","1","0","1","0","0","0","0"
"pro-456","Goofy","1.2|0.8|-3.1|1|0|4|0","2","768","1","1","0","1","0","0","0","0"
"pro-456","Goofy","1.2|0.8|-3.1|1|0|4|0","2","960","2","1","0","1","0","1","0","0"
"pro-456","Goofy","1.2|0.8|-3.1|1|0|4|0","2","1024","2","1","0","1","0","1","0","0"
"pro-456","Goofy","1.2|0.8|-3.1|1|0|4|0","2","1080","2","1","0","1","0","1","0","0"
"pro-456","Goofy","1.2|0.8|-3.1|1|0|4|0","2","1440","3","2","1","1","0","0","0","0"
"pro-456","Goofy","1.2|0.8|-3.1|1|0|4|0","2","2160","5","3","1","1","0","0","0","0"
"pro-457","GooseBreeder","1|0.5|-1.9|0|0|4|0","0","720","1","1","2","1","0","0","0","1"
"pro-457","GooseBreeder","1|0.5|-1.9|0|0|4|0","0","768","1","1","2","1","0","0","0","1"
"pro-457","GooseBreeder","1|0.5|-1.9|0|0|4|0","0","960","2","1","2","1","1","1","1","1"
"pro-457","GooseBreeder","1|0.5|-1.9|0|0|4|0","0","1024","2","1","2","1","1","1","1","1"
"pro-457","GooseBreeder","1|0.5|-1.9|0|0|4|0","0","1080","2","1","2","1","1","1","1","1"
"pro-457","GooseBreeder","1|0.5|-1.9|0|0|4|0","0","1440","3","1","2","1","0","0","0","1"
"pro-457","GooseBreeder","1|0.5|-1.9|0|0|4|0","0","2160","4","2","3","1","0","0","0","1"
"pro-458","gr1ks","1|1|-4|0|0|4|0","1","720","1","1","0","1","0","0","0","1"
"pro-458","gr1ks","1|1|-4|0|0|4|0","1","768","1","1","0","1","0","0","0","1"
"pro-458","gr1ks","1|1|-4|0|0|4|0","1","960","2","2","1","1","1","1","1","0"
"pro-458","gr1ks","1|1|-4|0|0|4|0","1","1024","2","2","1","1","1","1","1","0"
"pro-458","gr1ks","1|1|-4|0|0|4|0","1","1080","2","2","1","1","1","1","1","1"
"pro-458","gr1ks","1|1|-4|0|0|4|0","1","1440","3","3","1","1","1","0","0","1"
"pro-458","gr1ks","1|1|-4|0|0|4|0","1","2160","4","4","2","1","0","0","0","1"
"pro-459","Graviti","1|1|-4|0|0|4|0","1","720","1","1","0","1","0","0","0","1"
"pro-459","Graviti","1|1|-4|0|0|4|0","1","768","1","1","0","1","0","0","0","1"
"pro-459","Graviti","1|1|-4|0|0|4|0","1","960","2","2","1","1","1","1","1","0"
"pro-459","Graviti","1|1|-4|0|0|4|0","1","1024","2","2","1","1","1","1","1","0"
"pro-459","Graviti","1|1|-4|0|0|4|0","1","1080","2","2","1","1","1","1","1","1"
"pro-459","Graviti","1|1|-4|0|0|4|0","1","1440","3","3","1","1","1","0","0","1"
"pro-459","Graviti","1|1|-4|0|0|4|0","1","2160","4","4","2","1","0","0","0","1"
"pro-460","grecu","1|1|-4|0|0|4|0","1","720","1","1","0","1","0","0","0","1"
"pro-460","grecu","1|1|-4|0|0|4|0","1","768","1","1","0","1","0","0","0","1"
"pro-460","grecu","1|1|-4|0|0|4|0","1","960","2","2","1","1","1","1","1","0"
"pro-460","grecu","1|1|-4|0|0|4|0","1","1024","2","2","1","1","1","1","1","0"
"pro-460","grecu","1|1|-4|0|0|4|0","1","1080","2","2","1","1","1","1","1","1"
"pro-460","grecu","1|1|-4|0|0|4|0","1","1440","3","3","1","1","1","0","0","1"
"pro-460","grecu","1|1|-4|0|0|4|0","1","2160","4","4","2","1","0","0","0","1"
"pro-461","Grim","7|1.5|-1|0|0|4|0","0","720","10","2","4","1","0","0","0","0"
"pro-461","Grim","7|1.5|-1|0|0|4|0","0","768","11","2","4","1","1","0","0","1"
"pro-461","Grim","7|1.5|-1|0|0|4|0","0","960","14","3","4","1","1","1","0","1"
"pro-461","Grim","7|1.5|-1|0|0|4|0","0","1024","14","3","4","1","0","1","0","1"
"pro-461","Grim","7|1.5|-1|0|0|4|0","0","1080","15","3","4","1","0","0","1","1"
"pro-461","Grim","7|1.5|-1|0|0|4|0","0","1440","21","4","5","1","0","0","0","1"
"pro-461","Grim","7|1.5|-1|0|0|4|0","0","2160","31","6","6","1","0","0","0","1"
"pro-462","Grizz","2|0|-3|0|0|4|0","3","720","3","1","1","1","1","0","0","1"
"pro-462","Grizz","2|0|-3|0|0|4|0","3","768","3","1","1","1","1","0","0","1"
"pro-462","Grizz","2|0|-3|0|0|4|0","3","960","4","1","1","1","1","1","0","1"
"pro-462","Grizz","2|0|-3|0|0|4|0","3","1024","4","1","1","1","1","1","0","1"
"pro-462","Grizz","2|0|-3|0|0|4|0","3","1080","4","1","1","1","0","1","0","1"
"pro-462","Grizz","2|0|-3|0|0|4|0","3","1440","6","1","1","1","1","0","0","1"
"pro-462","Grizz","2|0|-3|0|0|4|0","3","2160","9","1","1","1","1","0","0","1"
"pro-463","gump","1|0|-3|0|0|4|0","2","720","1","1","1","1","0","0","0","1"
"pro-463","gump","1|0|-3|0|0|4|0","2","768","1","1","1","1","0","0","0","1"
"pro-463","gump","1|0|-3|0|0|4|0","2","960","2","1","1","1","1","1","0","1"
"pro-463","gump","1|0|-3|0|0|4|0","2","1024","2","1","1","1","1","1","0","1"
"pro-463","gump","1|0|-3|0|0|4|0","2","1080","2","1","1","1","1","1","0","1"
"pro-463","gump","1|0|-3|0|0|4|0","2","1440","3","1","1","1","1","0","0","1"
"pro-463","gump","1|0|-3|0|0|4|0","2","2160","4","1","1","1","0","0","0","1"
"pro-464","guty","1|0.8|-3.1|0|0|4|0","1","720","1","1","0","1","0","0","0","0"
"pro-464","guty","1|0.8|-3.1|0|0|4|0","1","768","1","1","0","1","0","0","0","0"
"pro-464","guty","1|0.8|-3.1|0|0|4|0","1","960","2","1","0","1","0","1","0","0"
"pro-464","guty","1|0.8|-3.1|0|0|4|0","1","1024","2","1","0","1","0","1","0","0"
"pro-464","guty","1|0.8|-3.1|0|0|4|0","1","1080","2","1","0","1","0","1","0","0"
"pro-464","guty","1|0.8|-3.1|0|0|4|0","1","1440","3","2","1","1","1","0","0","1"
"pro-464","guty","1|0.8|-3.1|0|0|4|0","1","2160","4","3","1","1","0","0","0","0"
"pro-465","gxx-","1|0|-3|1|0|4|0","2","720","1","1","1","1","0","0","0","1"
"pro-465","gxx-","1|0|-3|1|0|4|0","2","768","1","1","1","1","0","0","0","1"
"pro-465","gxx-","1|0|-3|1|0|4|0","2","960","2","1","1","1","1","1","0","1"
"pro-465","gxx-","1|0|-3|1|0|4|0","2","1024","2","1","1","1","1","1","0","1"
"pro-465","gxx-","1|0|-3|1|0|4|0","2","1080","2","1","1","1","1","1","0","1"
"pro-465","gxx-","1|0|-3|1|0|4|0","2","1440","3","1","1","1","1","0","0","1"
"pro-465","gxx-","1|0|-3|1|0|4|0","2","2160","4","1","1","1","0","0","0","1"
"pro-466","GYZER","1|0|-4|1|0|4|0","3","720","1","1","0","1","0","0","0","1"
"pro-466","GYZER","1|0|-4|1|0|4|0","3","768","1","1","0","1","0","0","0","1"
"pro-466","GYZER","1|0|-4|1|0|4|0","3","960","2","1","0","1","1","1","0","1"
"pro-466","GYZER","1|0|-4|1|0|4|0","3","1024","2","1","0","1","1","1","0","1"
"pro-466","GYZER","1|0|-4|1|0|4|0","3","1080","2","1","0","1","1","1","0","1"
"pro-466","GYZER","1|0|-4|1|0|4|0","3","1440","3","1","0","1","1","0","0","1"
"pro-466","GYZER","1|0|-4|1|0|4|0","3","2160","4","1","0","1","0","0","0","1"
"pro-467","h1te","2|0|-3|0|0|4|0","3","720","3","1","1","1","1","0","0","1"
"pro-467","h1te","2|0|-3|0|0|4|0","3","768","3","1","1","1","1","0","0","1"
"pro-467","h1te","2|0|-3|0|0|4|0","3","960","4","1","1","1","1","1","0","1"
"pro-467","h1te","2|0|-3|0|0|4|0","3","1024","4","1","1","1","1","1","0","1"
"pro-467","h1te","2|0|-3|0|0|4|0","3","1080","4","1","1","1","0","1","0","1"
"pro-467","h1te","2|0|-3|0|0|4|0","3","1440","6","1","1","1","1","0","0","1"
"pro-467","h1te","2|0|-3|0|0|4|0","3","2160","9","1","1","1","1","0","0","1"
"pro-468","h4rn","1|0|-4|0|0|4|0","3","720","1","1","0","1","0","0","0","1"
"pro-468","h4rn","1|0|-4|0|0|4|0","3","768","1","1","0","1","0","0","0","1"
"pro-468","h4rn","1|0|-4|0|0|4|0","3","960","2","1","0","1","1","1","0","1"
"pro-468","h4rn","1|0|-4|0|0|4|0","3","1024","2","1","0","1","1","1","0","1"
"pro-468","h4rn","1|0|-4|0|0|4|0","3","1080","2","1","0","1","1","1","0","1"
"pro-468","h4rn","1|0|-4|0|0|4|0","3","1440","3","1","0","1","1","0","0","1"
"pro-468","h4rn","1|0|-4|0|0|4|0","3","2160","4","1","0","1","0","0","0","1"
"pro-469","H4SAN4TOR","1|0|-3|1|0|4|0","2","720","1","1","1","1","0","0","0","1"
"pro-469","H4SAN4TOR","1|0|-3|1|0|4|0","2","768","1","1","1","1","0","0","0","1"
"pro-469","H4SAN4TOR","1|0|-3|1|0|4|0","2","960","2","1","1","1","1","1","0","1"
"pro-469","H4SAN4TOR","1|0|-3|1|0|4|0","2","1024","2","1","1","1","1","1","0","1"
"pro-469","H4SAN4TOR","1|0|-3|1|0|4|0","2","1080","2","1","1","1","1","1","0","1"
"pro-469","H4SAN4TOR","1|0|-3|1|0|4|0","2","1440","3","1","1","1","1","0","0","1"
"pro-469","H4SAN4TOR","1|0|-3|1|0|4|0","2","2160","4","1","1","1","0","0","0","1"
"pro-470","Hack1ng","1|0|-2|1|0|4|0","4","720","1","1","2","1","0","0","0","1"
"pro-470","Hack1ng","1|0|-2|1|0|4|0","4","768","1","1","2","1","0","0","0","1"
"pro-470","Hack1ng","1|0|-2|1|0|4|0","4","960","2","1","2","1","1","1","0","1"
"pro-470","Hack1ng","1|0|-2|1|0|4|0","4","1024","2","1","2","1","1","1","0","1"
"pro-470","Hack1ng","1|0|-2|1|0|4|0","4","1080","2","1","2","1","1","1","0","1"
"pro-470","Hack1ng","1|0|-2|1|0|4|0","4","1440","3","1","2","1","1","0","0","1"
"pro-470","Hack1ng","1|0|-2|1|0|4|0","4","2160","4","1","2","1","0","0","0","1"
"pro-472","hAdji","2|0|-3|0|0|4|0","3","720","3","1","1","1","1","0","0","1"
"pro-472","hAdji","2|0|-3|0|0|4|0","3","768","3","1","1","1","1","0","0","1"
"pro-472","hAdji","2|0|-3|0|0|4|0","3","960","4","1","1","1","1","1","0","1"
"pro-472","hAdji","2|0|-3|0|0|4|0","3","1024","4","1","1","1","1","1","0","1"
"pro-472","hAdji","2|0|-3|0|0|4|0","3","1080","4","1","1","1","0","1","0","1"
"pro-472","hAdji","2|0|-3|0|0|4|0","3","1440","6","1","1","1","1","0","0","1"
"pro-472","hAdji","2|0|-3|0|0|4|0","3","2160","9","1","1","1","1","0","0","1"
"pro-473","Half","1.1|0.1|-4.6|0|0|4|0","0","720","1","1","0","1","0","0","0","0"
"pro-473","Half","1.1|0.1|-4.6|0|0|4|0","0","768","1","1","0","1","0","0","0","0"
"pro-473","Half","1.1|0.1|-4.6|0|0|4|0","0","960","2","1","0","1","1","1","0","0"
"pro-473","Half","1.1|0.1|-4.6|0|0|4|0","0","1024","2","1","0","1","1","1","0","0"
"pro-473","Half","1.1|0.1|-4.6|0|0|4|0","0","1080","2","1","0","1","1","1","0","0"
"pro-473","Half","1.1|0.1|-4.6|0|0|4|0","0","1440","3","1","0","1","1","0","0","0"
"pro-473","Half","1.1|0.1|-4.6|0|0|4|0","0","2160","4","1","0","1","0","0","0","0"
"pro-474","hallzerk","2|0|-3|0|0|4|0","3","720","3","1","1","1","1","0","0","1"
"pro-474","hallzerk","2|0|-3|0|0|4|0","3","768","3","1","1","1","1","0","0","1"
"pro-474","hallzerk","2|0|-3|0|0|4|0","3","960","4","1","1","1","1","1","0","1"
"pro-474","hallzerk","2|0|-3|0|0|4|0","3","1024","4","1","1","1","1","1","0","1"
"pro-474","hallzerk","2|0|-3|0|0|4|0","3","1080","4","1","1","1","0","1","0","1"
"pro-474","hallzerk","2|0|-3|0|0|4|0","3","1440","6","1","1","1","1","0","0","1"
"pro-474","hallzerk","2|0|-3|0|0|4|0","3","2160","9","1","1","1","1","0","0","1"
"pro-475","hampus","1|1|-4|0|0|4|0","1","720","1","1","0","1","0","0","0","1"
"pro-475","hampus","1|1|-4|0|0|4|0","1","768","1","1","0","1","0","0","0","1"
"pro-475","hampus","1|1|-4|0|0|4|0","1","960","2","2","1","1","1","1","1","0"
"pro-475","hampus","1|1|-4|0|0|4|0","1","1024","2","2","1","1","1","1","1","0"
"pro-475","hampus","1|1|-4|0|0|4|0","1","1080","2","2","1","1","1","1","1","1"
"pro-475","hampus","1|1|-4|0|0|4|0","1","1440","3","3","1","1","1","0","0","1"
"pro-475","hampus","1|1|-4|0|0|4|0","1","2160","4","4","2","1","0","0","0","1"
"pro-476","happ","1|1|-4|0|0|4|0","1","720","1","1","0","1","0","0","0","1"
"pro-476","happ","1|1|-4|0|0|4|0","1","768","1","1","0","1","0","0","0","1"
"pro-476","happ","1|1|-4|0|0|4|0","1","960","2","2","1","1","1","1","1","0"
"pro-476","happ","1|1|-4|0|0|4|0","1","1024","2","2","1","1","1","1","1","0"
"pro-476","happ","1|1|-4|0|0|4|0","1","1080","2","2","1","1","1","1","1","1"
"pro-476","happ","1|1|-4|0|0|4|0","1","1440","3","3","1","1","1","0","0","1"
"pro-476","happ","1|1|-4|0|0|4|0","1","2160","4","4","2","1","0","0","0","1"
"pro-477","hardzao","2|1|-4|0|0|4|0","3","720","3","1","0","1","0","0","0","1"
"pro-477","hardzao","2|1|-4|0|0|4|0","3","768","3","1","0","1","0","0","0","1"
"pro-477","hardzao","2|1|-4|0|0|4|0","3","960","4","2","1","1","1","1","1","0"
"pro-477","hardzao","2|1|-4|0|0|4|0","3","1024","4","2","1","1","1","1","1","1"
"pro-477","hardzao","2|1|-4|0|0|4|0","3","1080","4","2","1","1","0","1","1","1"
"pro-477","hardzao","2|1|-4|0|0|4|0","3","1440","6","3","1","1","1","0","0","1"
"pro-477","hardzao","2|1|-4|0|0|4|0","3","2160","9","4","2","1","0","0","0","1"
"pro-478","Hassie","2|0|-3|0|0|4|0","3","720","3","1","1","1","1","0","0","1"
"pro-478","Hassie","2|0|-3|0|0|4|0","3","768","3","1","1","1","1","0","0","1"
"pro-478","Hassie","2|0|-3|0|0|4|0","3","960","4","1","1","1","1","1","0","1"
"pro-478","Hassie","2|0|-3|0|0|4|0","3","1024","4","1","1","1","1","1","0","1"
"pro-478","Hassie","2|0|-3|0|0|4|0","3","1080","4","1","1","1","0","1","0","1"
"pro-478","Hassie","2|0|-3|0|0|4|0","3","1440","6","1","1","1","1","0","0","1"
"pro-478","Hassie","2|0|-3|0|0|4|0","3","2160","9","1","1","1","1","0","0","1"
"pro-479","Hawk","1.4|0|-3|0|0|4|0","2","720","2","1","1","1","1","1","0","1"
"pro-479","Hawk","1.4|0|-3|0|0|4|0","2","768","2","1","1","1","1","1","0","1"
"pro-479","Hawk","1.4|0|-3|0|0|4|0","2","960","2","1","1","1","0","1","0","1"
"pro-479","Hawk","1.4|0|-3|0|0|4|0","2","1024","2","1","1","1","0","1","0","0"
"pro-479","Hawk","1.4|0|-3|0|0|4|0","2","1080","3","1","1","1","1","0","0","1"
"pro-479","Hawk","1.4|0|-3|0|0|4|0","2","1440","4","1","1","1","1","0","0","1"
"pro-479","Hawk","1.4|0|-3|0|0|4|0","2","2160","6","1","1","1","1","0","0","1"
"pro-480","hazr","1.1|0.9|-4|0|0|4|0","4","720","1","1","0","1","0","0","0","1"
"pro-480","hazr","1.1|0.9|-4|0|0|4|0","4","768","1","1","0","1","0","0","0","1"
"pro-480","hazr","1.1|0.9|-4|0|0|4|0","4","960","2","1","0","1","0","1","0","0"
"pro-480","hazr","1.1|0.9|-4|0|0|4|0","4","1024","2","1","0","1","0","1","0","0"
"pro-480","hazr","1.1|0.9|-4|0|0|4|0","4","1080","2","2","1","1","1","0","0","0"
"pro-480","hazr","1.1|0.9|-4|0|0|4|0","4","1440","3","2","1","1","0","0","0","1"
"pro-480","hazr","1.1|0.9|-4|0|0|4|0","4","2160","4","4","2","1","0","0","0","0"
"pro-481","headtr1ck","1|0|-4|0|0|4|0","3","720","1","1","0","1","0","0","0","1"
"pro-481","headtr1ck","1|0|-4|0|0|4|0","3","768","1","1","0","1","0","0","0","1"
"pro-481","headtr1ck","1|0|-4|0|0|4|0","3","960","2","1","0","1","1","1","0","1"
"pro-481","headtr1ck","1|0|-4|0|0|4|0","3","1024","2","1","0","1","1","1","0","1"
"pro-481","headtr1ck","1|0|-4|0|0|4|0","3","1080","2","1","0","1","1","1","0","1"
"pro-481","headtr1ck","1|0|-4|0|0|4|0","3","1440","3","1","0","1","1","0","0","1"
"pro-481","headtr1ck","1|0|-4|0|0|4|0","3","2160","4","1","0","1","0","0","0","1"
"pro-482","HEAP","0|1.5|-4|1|0|4|0","4","720","0","2","1","1","1","0","0","1"
"pro-482","HEAP","0|1.5|-4|1|0|4|0","4","768","0","2","1","1","1","0","0","1"
"pro-482","HEAP","0|1.5|-4|1|0|4|0","4","960","0","3","1","1","1","1","1","1"
"pro-482","HEAP","0|1.5|-4|1|0|4|0","4","1024","0","3","1","1","1","1","1","1"
"pro-482","HEAP","0|1.5|-4|1|0|4|0","4","1080","0","3","1","1","1","1","1","1"
"pro-482","HEAP","0|1.5|-4|1|0|4|0","4","1440","0","4","2","1","0","0","0","1"
"pro-482","HEAP","0|1.5|-4|1|0|4|0","4","2160","0","6","3","1","0","0","0","1"
"pro-483","HeavyGod","1|1|-4|0|0|4|0","1","720","1","1","0","1","0","0","0","1"
"pro-483","HeavyGod","1|1|-4|0|0|4|0","1","768","1","1","0","1","0","0","0","1"
"pro-483","HeavyGod","1|1|-4|0|0|4|0","1","960","2","2","1","1","1","1","1","0"
"pro-483","HeavyGod","1|1|-4|0|0|4|0","1","1024","2","2","1","1","1","1","1","0"
"pro-483","HeavyGod","1|1|-4|0|0|4|0","1","1080","2","2","1","1","1","1","1","1"
"pro-483","HeavyGod","1|1|-4|0|0|4|0","1","1440","3","3","1","1","1","0","0","1"
"pro-483","HeavyGod","1|1|-4|0|0|4|0","1","2160","4","4","2","1","0","0","0","1"
"pro-484","HEN1","1|0|-2|0|0|4|0","3","720","1","1","2","1","0","0","0","1"
"pro-484","HEN1","1|0|-2|0|0|4|0","3","768","1","1","2","1","0","0","0","1"
"pro-484","HEN1","1|0|-2|0|0|4|0","3","960","2","1","2","1","1","1","0","1"
"pro-484","HEN1","1|0|-2|0|0|4|0","3","1024","2","1","2","1","1","1","0","1"
"pro-484","HEN1","1|0|-2|0|0|4|0","3","1080","2","1","2","1","1","1","0","1"
"pro-484","HEN1","1|0|-2|0|0|4|0","3","1440","3","1","2","1","1","0","0","1"
"pro-484","HEN1","1|0|-2|0|0|4|0","3","2160","4","1","2","1","0","0","0","1"
"pro-485","HenkkyG","2|0|-3|0|0|4|0","3","720","3","1","1","1","1","0","0","1"
"pro-485","HenkkyG","2|0|-3|0|0|4|0","3","768","3","1","1","1","1","0","0","1"
"pro-485","HenkkyG","2|0|-3|0|0|4|0","3","960","4","1","1","1","1","1","0","1"
"pro-485","HenkkyG","2|0|-3|0|0|4|0","3","1024","4","1","1","1","1","1","0","1"
"pro-485","HenkkyG","2|0|-3|0|0|4|0","3","1080","4","1","1","1","0","1","0","1"
"pro-485","HenkkyG","2|0|-3|0|0|4|0","3","1440","6","1","1","1","1","0","0","1"
"pro-485","HenkkyG","2|0|-3|0|0|4|0","3","2160","9","1","1","1","1","0","0","1"
"pro-486","HENU","1.1|0.9|-3.4|0|0|4|0","0","720","1","1","0","1","0","0","0","0"
"pro-486","HENU","1.1|0.9|-3.4|0|0|4|0","0","768","1","1","0","1","0","0","0","0"
"pro-486","HENU","1.1|0.9|-3.4|0|0|4|0","0","960","2","1","0","1","0","1","0","0"
"pro-486","HENU","1.1|0.9|-3.4|0|0|4|0","0","1024","2","1","0","1","0","1","0","0"
"pro-486","HENU","1.1|0.9|-3.4|0|0|4|0","0","1080","2","2","1","1","1","0","0","1"
"pro-486","HENU","1.1|0.9|-3.4|0|0|4|0","0","1440","3","2","1","1","0","0","0","1"
"pro-486","HENU","1.1|0.9|-3.4|0|0|4|0","0","2160","4","4","2","1","0","0","0","0"
"pro-487","HenX","2|0|-3|0|0|4|0","3","720","3","1","1","1","1","0","0","1"
"pro-487","HenX","2|0|-3|0|0|4|0","3","768","3","1","1","1","1","0","0","1"
"pro-487","HenX","2|0|-3|0|0|4|0","3","960","4","1","1","1","1","1","0","1"
"pro-487","HenX","2|0|-3|0|0|4|0","3","1024","4","1","1","1","1","1","0","1"
"pro-487","HenX","2|0|-3|0|0|4|0","3","1080","4","1","1","1","0","1","0","1"
"pro-487","HenX","2|0|-3|0|0|4|0","3","1440","6","1","1","1","1","0","0","1"
"pro-487","HenX","2|0|-3|0|0|4|0","3","2160","9","1","1","1","1","0","0","1"
"pro-488","hexoq","1|1|-4|0|0|4|0","1","720","1","1","0","1","0","0","0","1"
"pro-488","hexoq","1|1|-4|0|0|4|0","1","768","1","1","0","1","0","0","0","1"
"pro-488","hexoq","1|1|-4|0|0|4|0","1","960","2","2","1","1","1","1","1","0"
"pro-488","hexoq","1|1|-4|0|0|4|0","1","1024","2","2","1","1","1","1","1","0"
"pro-488","hexoq","1|1|-4|0|0|4|0","1","1080","2","2","1","1","1","1","1","1"
"pro-488","hexoq","1|1|-4|0|0|4|0","1","1440","3","3","1","1","1","0","0","1"
"pro-488","hexoq","1|1|-4|0|0|4|0","1","2160","4","4","2","1","0","0","0","1"
"pro-489","HexT","1|1|-4|0|0|4|0","1","720","1","1","0","1","0","0","0","1"
"pro-489","HexT","1|1|-4|0|0|4|0","1","768","1","1","0","1","0","0","0","1"
"pro-489","HexT","1|1|-4|0|0|4|0","1","960","2","2","1","1","1","1","1","0"
"pro-489","HexT","1|1|-4|0|0|4|0","1","1024","2","2","1","1","1","1","1","0"
"pro-489","HexT","1|1|-4|0|0|4|0","1","1080","2","2","1","1","1","1","1","1"
"pro-489","HexT","1|1|-4|0|0|4|0","1","1440","3","3","1","1","1","0","0","1"
"pro-489","HexT","1|1|-4|0|0|4|0","1","2160","4","4","2","1","0","0","0","1"
"pro-490","hfah","0.9|0.9|-4.2|0|0|4|0","0","720","1","1","0","1","1","1","0","1"
"pro-490","hfah","0.9|0.9|-4.2|0|0|4|0","0","768","1","1","0","1","1","1","0","1"
"pro-490","hfah","0.9|0.9|-4.2|0|0|4|0","0","960","1","1","0","1","0","1","0","0"
"pro-490","hfah","0.9|0.9|-4.2|0|0|4|0","0","1024","1","1","0","1","0","1","0","0"
"pro-490","hfah","0.9|0.9|-4.2|0|0|4|0","0","1080","2","2","1","1","1","0","0","0"
"pro-490","hfah","0.9|0.9|-4.2|0|0|4|0","0","1440","2","2","1","1","0","0","0","1"
"pro-490","hfah","0.9|0.9|-4.2|0|0|4|0","0","2160","4","4","2","1","1","0","0","0"
"pro-491","history","1|1|-4|0|0|4|0","1","720","1","1","0","1","0","0","0","1"
"pro-491","history","1|1|-4|0|0|4|0","1","768","1","1","0","1","0","0","0","1"
"pro-491","history","1|1|-4|0|0|4|0","1","960","2","2","1","1","1","1","1","0"
"pro-491","history","1|1|-4|0|0|4|0","1","1024","2","2","1","1","1","1","1","0"
"pro-491","history","1|1|-4|0|0|4|0","1","1080","2","2","1","1","1","1","1","1"
"pro-491","history","1|1|-4|0|0|4|0","1","1440","3","3","1","1","1","0","0","1"
"pro-491","history","1|1|-4|0|0|4|0","1","2160","4","4","2","1","0","0","0","1"
"pro-492","hodix","1.5|0|-3|0|0|4|0","0","720","2","1","1","1","1","0","0","1"
"pro-492","hodix","1.5|0|-3|0|0|4|0","0","768","2","1","1","1","1","0","0","1"
"pro-492","hodix","1.5|0|-3|0|0|4|0","0","960","3","1","1","1","1","1","0","1"
"pro-492","hodix","1.5|0|-3|0|0|4|0","0","1024","3","1","1","1","1","1","0","1"
"pro-492","hodix","1.5|0|-3|0|0|4|0","0","1080","3","1","1","1","1","1","0","1"
"pro-492","hodix","1.5|0|-3|0|0|4|0","0","1440","4","1","1","1","0","0","0","1"
"pro-492","hodix","1.5|0|-3|0|0|4|0","0","2160","6","1","1","1","0","0","0","1"
"pro-493","HOLY","1.5|1|-2|0|0|4|0","2","720","2","1","2","1","0","0","0","1"
"pro-493","HOLY","1.5|1|-2|0|0|4|0","2","768","2","1","2","1","0","0","0","1"
"pro-493","HOLY","1.5|1|-2|0|0|4|0","2","960","3","2","3","1","1","1","0","0"
"pro-493","HOLY","1.5|1|-2|0|0|4|0","2","1024","3","2","3","1","1","1","0","0"
"pro-493","HOLY","1.5|1|-2|0|0|4|0","2","1080","3","2","3","1","1","1","0","0"
"pro-493","HOLY","1.5|1|-2|0|0|4|0","2","1440","4","3","3","1","0","0","0","1"
"pro-493","HOLY","1.5|1|-2|0|0|4|0","2","2160","6","4","4","1","0","0","0","1"
"pro-495","HooXi","1.5|1|-4|0|0|4|0","4","720","2","1","0","1","0","0","0","1"
"pro-495","HooXi","1.5|1|-4|0|0|4|0","4","768","2","1","0","1","0","0","0","1"
"pro-495","HooXi","1.5|1|-4|0|0|4|0","4","960","3","2","1","1","1","1","0","0"
"pro-495","HooXi","1.5|1|-4|0|0|4|0","4","1024","3","2","1","1","1","1","0","1"
"pro-495","HooXi","1.5|1|-4|0|0|4|0","4","1080","3","2","1","1","1","1","0","1"
"pro-495","HooXi","1.5|1|-4|0|0|4|0","4","1440","4","3","1","1","0","0","0","1"
"pro-495","HooXi","1.5|1|-4|0|0|4|0","4","2160","6","4","2","1","0","0","0","1"
"pro-496","HorizoN","1|0.5|-3|0|0|4|0","2","720","1","1","1","1","0","0","0","1"
"pro-496","HorizoN","1|0.5|-3|0|0|4|0","2","768","1","1","1","1","0","0","0","1"
"pro-496","HorizoN","1|0.5|-3|0|0|4|0","2","960","2","1","1","1","1","1","1","1"
"pro-496","HorizoN","1|0.5|-3|0|0|4|0","2","1024","2","1","1","1","1","1","1","1"
"pro-496","HorizoN","1|0.5|-3|0|0|4|0","2","1080","2","1","1","1","1","1","1","1"
"pro-496","HorizoN","1|0.5|-3|0|0|4|0","2","1440","3","1","1","1","0","0","0","1"
"pro-496","HorizoN","1|0.5|-3|0|0|4|0","2","2160","4","2","2","1","0","0","0","1"
"pro-497","horvy","2.5|0|-8|0|0|4|0","0","720","3","1","-4","1","0","0","0","1"
"pro-497","horvy","2.5|0|-8|0|0|4|0","0","768","4","1","-4","1","1","0","0","1"
"pro-497","horvy","2.5|0|-8|0|0|4|0","0","960","5","1","-4","1","1","1","0","1"
"pro-497","horvy","2.5|0|-8|0|0|4|0","0","1024","5","1","-4","1","1","1","0","1"
"pro-497","horvy","2.5|0|-8|0|0|4|0","0","1080","5","1","-4","1","0","1","0","1"
"pro-497","horvy","2.5|0|-8|0|0|4|0","0","1440","7","1","-4","1","0","0","0","1"
"pro-497","horvy","2.5|0|-8|0|0|4|0","0","2160","11","1","-4","1","1","0","0","1"
"pro-498","huNter-","1|1|-4|0|0|4|0","1","720","1","1","0","1","0","0","0","1"
"pro-498","huNter-","1|1|-4|0|0|4|0","1","768","1","1","0","1","0","0","0","1"
"pro-498","huNter-","1|1|-4|0|0|4|0","1","960","2","2","1","1","1","1","1","0"
"pro-498","huNter-","1|1|-4|0|0|4|0","1","1024","2","2","1","1","1","1","1","0"
"pro-498","huNter-","1|1|-4|0|0|4|0","1","1080","2","2","1","1","1","1","1","1"
"pro-498","huNter-","1|1|-4|0|0|4|0","1","1440","3","3","1","1","1","0","0","1"
"pro-498","huNter-","1|1|-4|0|0|4|0","1","2160","4","4","2","1","0","0","0","1"
"pro-499","hyped","0.8|0.8|-4.4|0|0|4|0","4","720","1","1","0","1","1","1","0","1"
"pro-499","hyped","0.8|0.8|-4.4|0|0|4|0","4","768","1","1","0","1","1","1","0","1"
"pro-499","hyped","0.8|0.8|-4.4|0|0|4|0","4","960","1","1","0","1","0","1","0","1"
"pro-499","hyped","0.8|0.8|-4.4|0|0|4|0","4","1024","1","1","0","1","0","1","0","0"
"pro-499","hyped","0.8|0.8|-4.4|0|0|4|0","4","1080","1","1","0","1","0","1","0","0"
"pro-499","hyped","0.8|0.8|-4.4|0|0|4|0","4","1440","2","2","1","1","1","0","0","0"
"pro-499","hyped","0.8|0.8|-4.4|0|0|4|0","4","2160","3","3","1","1","0","0","0","1"
"pro-500","HypeHaistos","1.3|1|-3|0|0|4|0","1","720","1","1","1","1","0","0","0","0"
"pro-500","HypeHaistos","1.3|1|-3|0|0|4|0","1","768","2","1","1","1","0","0","0","1"
"pro-500","HypeHaistos","1.3|1|-3|0|0|4|0","1","960","2","2","2","1","0","1","1","0"
"pro-500","HypeHaistos","1.3|1|-3|0|0|4|0","1","1024","2","2","2","1","0","1","1","0"
"pro-500","HypeHaistos","1.3|1|-3|0|0|4|0","1","1080","2","2","2","1","0","1","1","0"
"pro-500","HypeHaistos","1.3|1|-3|0|0|4|0","1","1440","3","3","2","1","0","0","0","0"
"pro-500","HypeHaistos","1.3|1|-3|0|0|4|0","1","2160","5","4","3","1","0","0","0","0"
"pro-501","Icarus","1|1|-4|0|0|4|0","1","720","1","1","0","1","0","0","0","1"
"pro-501","Icarus","1|1|-4|0|0|4|0","1","768","1","1","0","1","0","0","0","1"
"pro-501","Icarus","1|1|-4|0|0|4|0","1","960","2","2","1","1","1","1","1","0"
"pro-501","Icarus","1|1|-4|0|0|4|0","1","1024","2","2","1","1","1","1","1","0"
"pro-501","Icarus","1|1|-4|0|0|4|0","1","1080","2","2","1","1","1","1","1","1"
"pro-501","Icarus","1|1|-4|0|0|4|0","1","1440","3","3","1","1","1","0","0","1"
"pro-501","Icarus","1|1|-4|0|0|4|0","1","2160","4","4","2","1","0","0","0","1"
"pro-502","IceBerg","6|1|-1|0|0|4|0","0","720","9","1","3","1","0","0","0","1"
"pro-502","IceBerg","6|1|-1|0|0|4|0","0","768","9","1","3","1","0","0","0","1"
"pro-502","IceBerg","6|1|-1|0|0|4|0","0","960","12","2","4","1","1","1","0","0"
"pro-502","IceBerg","6|1|-1|0|0|4|0","0","1024","12","2","4","1","0","1","0","0"
"pro-502","IceBerg","6|1|-1|0|0|4|0","0","1080","13","2","4","1","0","0","1","0"
"pro-502","IceBerg","6|1|-1|0|0|4|0","0","1440","18","3","4","1","1","0","0","1"
"pro-502","IceBerg","6|1|-1|0|0|4|0","0","2160","27","4","5","1","0","0","0","0"
"pro-503","ICY","2|0|-3|0|0|4|0","3","720","3","1","1","1","1","0","0","1"
"pro-503","ICY","2|0|-3|0|0|4|0","3","768","3","1","1","1","1","0","0","1"
"pro-503","ICY","2|0|-3|0|0|4|0","3","960","4","1","1","1","1","1","0","1"
"pro-503","ICY","2|0|-3|0|0|4|0","3","1024","4","1","1","1","1","1","0","1"
"pro-503","ICY","2|0|-3|0|0|4|0","3","1080","4","1","1","1","0","1","0","1"
"pro-503","ICY","2|0|-3|0|0|4|0","3","1440","6","1","1","1","1","0","0","1"
"pro-503","ICY","2|0|-3|0|0|4|0","3","2160","9","1","1","1","1","0","0","1"
"pro-505","iM","2|0|-2|0|0|4|0","4","720","3","1","2","1","1","0","0","1"
"pro-505","iM","2|0|-2|0|0|4|0","4","768","3","1","2","1","1","0","0","1"
"pro-505","iM","2|0|-2|0|0|4|0","4","960","4","1","2","1","1","1","0","1"
"pro-505","iM","2|0|-2|0|0|4|0","4","1024","4","1","2","1","1","1","0","1"
"pro-505","iM","2|0|-2|0|0|4|0","4","1080","4","1","2","1","0","1","0","1"
"pro-505","iM","2|0|-2|0|0|4|0","4","1440","6","1","2","1","1","0","0","1"
"pro-505","iM","2|0|-2|0|0|4|0","4","2160","9","1","2","1","1","0","0","1"
"pro-506","Infinite","2|0|-3|0|0|4|0","3","720","3","1","1","1","1","0","0","1"
"pro-506","Infinite","2|0|-3|0|0|4|0","3","768","3","1","1","1","1","0","0","1"
"pro-506","Infinite","2|0|-3|0|0|4|0","3","960","4","1","1","1","1","1","0","1"
"pro-506","Infinite","2|0|-3|0|0|4|0","3","1024","4","1","1","1","1","1","0","1"
"pro-506","Infinite","2|0|-3|0|0|4|0","3","1080","4","1","1","1","0","1","0","1"
"pro-506","Infinite","2|0|-3|0|0|4|0","3","1440","6","1","1","1","1","0","0","1"
"pro-506","Infinite","2|0|-3|0|0|4|0","3","2160","9","1","1","1","1","0","0","1"
"pro-507","innocent","2.5|0|-1|0|0|4|0","3","720","3","1","3","1","0","0","0","1"
"pro-507","innocent","2.5|0|-1|0|0|4|0","3","768","4","1","3","1","1","0","0","1"
"pro-507","innocent","2.5|0|-1|0|0|4|0","3","960","5","1","3","1","1","1","0","1"
"pro-507","innocent","2.5|0|-1|0|0|4|0","3","1024","5","1","3","1","1","1","0","1"
"pro-507","innocent","2.5|0|-1|0|0|4|0","3","1080","5","1","3","1","0","1","0","1"
"pro-507","innocent","2.5|0|-1|0|0|4|0","3","1440","7","1","3","1","0","0","0","1"
"pro-507","innocent","2.5|0|-1|0|0|4|0","3","2160","11","1","3","1","1","0","0","1"
"pro-508","INS","2|0|-3|0|0|4|0","3","720","3","1","1","1","1","0","0","1"
"pro-508","INS","2|0|-3|0|0|4|0","3","768","3","1","1","1","1","0","0","1"
"pro-508","INS","2|0|-3|0|0|4|0","3","960","4","1","1","1","1","1","0","1"
"pro-508","INS","2|0|-3|0|0|4|0","3","1024","4","1","1","1","1","1","0","1"
"pro-508","INS","2|0|-3|0|0|4|0","3","1080","4","1","1","1","0","1","0","1"
"pro-508","INS","2|0|-3|0|0|4|0","3","1440","6","1","1","1","1","0","0","1"
"pro-508","INS","2|0|-3|0|0|4|0","3","2160","9","1","1","1","1","0","0","1"
"pro-509","interz","1|0|-2|0|0|4|0","3","720","1","1","2","1","0","0","0","1"
"pro-509","interz","1|0|-2|0|0|4|0","3","768","1","1","2","1","0","0","0","1"
"pro-509","interz","1|0|-2|0|0|4|0","3","960","2","1","2","1","1","1","0","1"
"pro-509","interz","1|0|-2|0|0|4|0","3","1024","2","1","2","1","1","1","0","1"
"pro-509","interz","1|0|-2|0|0|4|0","3","1080","2","1","2","1","1","1","0","1"
"pro-509","interz","1|0|-2|0|0|4|0","3","1440","3","1","2","1","1","0","0","1"
"pro-509","interz","1|0|-2|0|0|4|0","3","2160","4","1","2","1","0","0","0","1"
"pro-511","ISSAA","2|0|-3|0|0|4|0","3","720","3","1","1","1","1","0","0","1"
"pro-511","ISSAA","2|0|-3|0|0|4|0","3","768","3","1","1","1","1","0","0","1"
"pro-511","ISSAA","2|0|-3|0|0|4|0","3","960","4","1","1","1","1","1","0","1"
"pro-511","ISSAA","2|0|-3|0|0|4|0","3","1024","4","1","1","1","1","1","0","1"
"pro-511","ISSAA","2|0|-3|0|0|4|0","3","1080","4","1","1","1","0","1","0","1"
"pro-511","ISSAA","2|0|-3|0|0|4|0","3","1440","6","1","1","1","1","0","0","1"
"pro-511","ISSAA","2|0|-3|0|0|4|0","3","2160","9","1","1","1","1","0","0","1"
"pro-512","ivz","0.9|0.9|-4|0|0|4|0","1","720","1","1","0","1","1","1","0","1"
"pro-512","ivz","0.9|0.9|-4|0|0|4|0","1","768","1","1","0","1","1","1","0","1"
"pro-512","ivz","0.9|0.9|-4|0|0|4|0","1","960","1","1","0","1","0","1","0","0"
"pro-512","ivz","0.9|0.9|-4|0|0|4|0","1","1024","1","1","0","1","0","1","0","0"
"pro-512","ivz","0.9|0.9|-4|0|0|4|0","1","1080","2","2","1","1","1","0","0","0"
"pro-512","ivz","0.9|0.9|-4|0|0|4|0","1","1440","2","2","1","1","0","0","0","1"
"pro-512","ivz","0.9|0.9|-4|0|0|4|0","1","2160","4","4","2","1","1","0","0","1"
"pro-513","IZR","1|0|-2|0|0|4|0","3","720","1","1","2","1","0","0","0","1"
"pro-513","IZR","1|0|-2|0|0|4|0","3","768","1","1","2","1","0","0","0","1"
"pro-513","IZR","1|0|-2|0|0|4|0","3","960","2","1","2","1","1","1","0","1"
"pro-513","IZR","1|0|-2|0|0|4|0","3","1024","2","1","2","1","1","1","0","1"
"pro-513","IZR","1|0|-2|0|0|4|0","3","1080","2","1","2","1","1","1","0","1"
"pro-513","IZR","1|0|-2|0|0|4|0","3","1440","3","1","2","1","1","0","0","1"
"pro-513","IZR","1|0|-2|0|0|4|0","3","2160","4","1","2","1","0","0","0","1"
"pro-514","j0w","2|0|-3|0|0|4|0","3","720","3","1","1","1","1","0","0","1"
"pro-514","j0w","2|0|-3|0|0|4|0","3","768","3","1","1","1","1","0","0","1"
"pro-514","j0w","2|0|-3|0|0|4|0","3","960","4","1","1","1","1","1","0","1"
"pro-514","j0w","2|0|-3|0|0|4|0","3","1024","4","1","1","1","1","1","0","1"
"pro-514","j0w","2|0|-3|0|0|4|0","3","1080","4","1","1","1","0","1","0","1"
"pro-514","j0w","2|0|-3|0|0|4|0","3","1440","6","1","1","1","1","0","0","1"
"pro-514","j0w","2|0|-3|0|0|4|0","3","2160","9","1","1","1","1","0","0","1"
"pro-515","jabbi","1|1|-4|0|0|4|0","1","720","1","1","0","1","0","0","0","1"
"pro-515","jabbi","1|1|-4|0|0|4|0","1","768","1","1","0","1","0","0","0","1"
"pro-515","jabbi","1|1|-4|0|0|4|0","1","960","2","2","1","1","1","1","1","0"
"pro-515","jabbi","1|1|-4|0|0|4|0","1","1024","2","2","1","1","1","1","1","0"
"pro-515","jabbi","1|1|-4|0|0|4|0","1","1080","2","2","1","1","1","1","1","1"
"pro-515","jabbi","1|1|-4|0|0|4|0","1","1440","3","3","1","1","1","0","0","1"
"pro-515","jabbi","1|1|-4|0|0|4|0","1","2160","4","4","2","1","0","0","0","1"
"pro-516","jackasmo","1|1|-4|0|0|4|0","1","720","1","1","0","1","0","0","0","1"
"pro-516","jackasmo","1|1|-4|0|0|4|0","1","768","1","1","0","1","0","0","0","1"
"pro-516","jackasmo","1|1|-4|0|0|4|0","1","960","2","2","1","1","1","1","1","0"
"pro-516","jackasmo","1|1|-4|0|0|4|0","1","1024","2","2","1","1","1","1","1","0"
"pro-516","jackasmo","1|1|-4|0|0|4|0","1","1080","2","2","1","1","1","1","1","1"
"pro-516","jackasmo","1|1|-4|0|0|4|0","1","1440","3","3","1","1","1","0","0","1"
"pro-516","jackasmo","1|1|-4|0|0|4|0","1","2160","4","4","2","1","0","0","0","1"
"pro-518","Jackinho","2|0.9|-2.9|0|0|4|0","0","720","3","1","1","1","1","0","0","1"
"pro-518","Jackinho","2|0.9|-2.9|0|0|4|0","0","768","3","1","1","1","1","0","0","1"
"pro-518","Jackinho","2|0.9|-2.9|0|0|4|0","0","960","4","1","1","1","0","1","0","0"
"pro-518","Jackinho","2|0.9|-2.9|0|0|4|0","0","1024","4","1","1","1","0","1","0","0"
"pro-518","Jackinho","2|0.9|-2.9|0|0|4|0","0","1080","4","2","2","1","0","0","0","1"
"pro-518","Jackinho","2|0.9|-2.9|0|0|4|0","0","1440","6","2","2","1","0","0","0","1"
"pro-518","Jackinho","2|0.9|-2.9|0|0|4|0","0","2160","9","4","3","1","1","0","0","1"
"pro-519","JACKZ","3|1|-1|0|0|4|0","4","720","4","1","3","1","0","0","0","1"
"pro-519","JACKZ","3|1|-1|0|0|4|0","4","768","4","1","3","1","0","0","0","1"
"pro-519","JACKZ","3|1|-1|0|0|4|0","4","960","6","2","4","1","1","1","0","0"
"pro-519","JACKZ","3|1|-1|0|0|4|0","4","1024","6","2","4","1","1","1","0","0"
"pro-519","JACKZ","3|1|-1|0|0|4|0","4","1080","6","2","4","1","0","1","0","0"
"pro-519","JACKZ","3|1|-1|0|0|4|0","4","1440","9","3","4","1","1","0","0","1"
"pro-519","JACKZ","3|1|-1|0|0|4|0","4","2160","13","4","5","1","0","0","0","1"
"pro-520","JAKEY","1|1|-4|0|0|4|0","1","720","1","1","0","1","0","0","0","1"
"pro-520","JAKEY","1|1|-4|0|0|4|0","1","768","1","1","0","1","0","0","0","1"
"pro-520","JAKEY","1|1|-4|0|0|4|0","1","960","2","2","1","1","1","1","1","0"
"pro-520","JAKEY","1|1|-4|0|0|4|0","1","1024","2","2","1","1","1","1","1","0"
"pro-520","JAKEY","1|1|-4|0|0|4|0","1","1080","2","2","1","1","1","1","1","1"
"pro-520","JAKEY","1|1|-4|0|0|4|0","1","1440","3","3","1","1","1","0","0","1"
"pro-520","JAKEY","1|1|-4|0|0|4|0","1","2160","4","4","2","1","0","0","0","1"
"pro-521","jambo","1|1|-3.1|0|0|4|0","0","720","1","1","0","1","0","0","0","0"
"pro-521","jambo","1|1|-3.1|0|0|4|0","0","768","1","1","0","1","0","0","0","0"
"pro-521","jambo","1|1|-3.1|0|0|4|0","0","960","2","2","1","1","1","1","1","1"
"pro-521","jambo","1|1|-3.1|0|0|4|0","0","1024","2","2","1","1","1","1","1","1"
"pro-521","jambo","1|1|-3.1|0|0|4|0","0","1080","2","2","1","1","1","1","1","1"
"pro-521","jambo","1|1|-3.1|0|0|4|0","0","1440","3","3","1","1","1","0","0","0"
"pro-521","jambo","1|1|-3.1|0|0|4|0","0","2160","4","4","2","1","0","0","0","0"
"pro-522","JamYoung","1|1|-5|0|0|4|0","4","720","1","1","-1","1","0","0","0","1"
"pro-522","JamYoung","1|1|-5|0|0|4|0","4","768","1","1","-1","1","0","0","0","1"
"pro-522","JamYoung","1|1|-5|0|0|4|0","4","960","2","2","0","1","1","1","1","0"
"pro-522","JamYoung","1|1|-5|0|0|4|0","4","1024","2","2","0","1","1","1","1","1"
"pro-522","JamYoung","1|1|-5|0|0|4|0","4","1080","2","2","0","1","1","1","1","1"
"pro-522","JamYoung","1|1|-5|0|0|4|0","4","1440","3","3","0","1","1","0","0","1"
"pro-522","JamYoung","1|1|-5|0|0|4|0","4","2160","4","4","1","1","0","0","0","1"
"pro-523","jason","1.5|0|-3|0|0|4|0","0","720","2","1","1","1","1","0","0","1"
"pro-523","jason","1.5|0|-3|0|0|4|0","0","768","2","1","1","1","1","0","0","1"
"pro-523","jason","1.5|0|-3|0|0|4|0","0","960","3","1","1","1","1","1","0","1"
"pro-523","jason","1.5|0|-3|0|0|4|0","0","1024","3","1","1","1","1","1","0","1"
"pro-523","jason","1.5|0|-3|0|0|4|0","0","1080","3","1","1","1","1","1","0","1"
"pro-523","jason","1.5|0|-3|0|0|4|0","0","1440","4","1","1","1","0","0","0","1"
"pro-523","jason","1.5|0|-3|0|0|4|0","0","2160","6","1","1","1","0","0","0","1"
"pro-524","Jayy2s","1|1|-4|0|0|4|0","1","720","1","1","0","1","0","0","0","1"
"pro-524","Jayy2s","1|1|-4|0|0|4|0","1","768","1","1","0","1","0","0","0","1"
"pro-524","Jayy2s","1|1|-4|0|0|4|0","1","960","2","2","1","1","1","1","1","0"
"pro-524","Jayy2s","1|1|-4|0|0|4|0","1","1024","2","2","1","1","1","1","1","0"
"pro-524","Jayy2s","1|1|-4|0|0|4|0","1","1080","2","2","1","1","1","1","1","1"
"pro-524","Jayy2s","1|1|-4|0|0|4|0","1","1440","3","3","1","1","1","0","0","1"
"pro-524","Jayy2s","1|1|-4|0|0|4|0","1","2160","4","4","2","1","0","0","0","1"
"pro-525","JBa","1|1|-4|0|0|4|0","1","720","1","1","0","1","0","0","0","1"
"pro-525","JBa","1|1|-4|0|0|4|0","1","768","1","1","0","1","0","0","0","1"
"pro-525","JBa","1|1|-4|0|0|4|0","1","960","2","2","1","1","1","1","1","0"
"pro-525","JBa","1|1|-4|0|0|4|0","1","1024","2","2","1","1","1","1","1","0"
"pro-525","JBa","1|1|-4|0|0|4|0","1","1080","2","2","1","1","1","1","1","1"
"pro-525","JBa","1|1|-4|0|0|4|0","1","1440","3","3","1","1","1","0","0","1"
"pro-525","JBa","1|1|-4|0|0|4|0","1","2160","4","4","2","1","0","0","0","1"
"pro-526","jchancE","0|0|-3|0|0|4|0","3","720","0","1","1","1","1","1","0","1"
"pro-526","jchancE","0|0|-3|0|0|4|0","3","768","0","1","1","1","1","1","0","1"
"pro-526","jchancE","0|0|-3|0|0|4|0","3","960","0","1","1","1","1","1","0","1"
"pro-526","jchancE","0|0|-3|0|0|4|0","3","1024","0","1","1","1","1","1","0","1"
"pro-526","jchancE","0|0|-3|0|0|4|0","3","1080","0","1","1","1","1","1","0","1"
"pro-526","jchancE","0|0|-3|0|0|4|0","3","1440","0","1","1","1","1","1","0","1"
"pro-526","jchancE","0|0|-3|0|0|4|0","3","2160","0","1","1","1","1","1","0","1"
"pro-527","jcobbb","1|1|-4|0|0|4|0","1","720","1","1","0","1","0","0","0","1"
"pro-527","jcobbb","1|1|-4|0|0|4|0","1","768","1","1","0","1","0","0","0","1"
"pro-527","jcobbb","1|1|-4|0|0|4|0","1","960","2","2","1","1","1","1","1","0"
"pro-527","jcobbb","1|1|-4|0|0|4|0","1","1024","2","2","1","1","1","1","1","0"
"pro-527","jcobbb","1|1|-4|0|0|4|0","1","1080","2","2","1","1","1","1","1","1"
"pro-527","jcobbb","1|1|-4|0|0|4|0","1","1440","3","3","1","1","1","0","0","1"
"pro-527","jcobbb","1|1|-4|0|0|4|0","1","2160","4","4","2","1","0","0","0","1"
"pro-528","JDC","1|0|-4|0|0|4|0","3","720","1","1","0","1","0","0","0","1"
"pro-528","JDC","1|0|-4|0|0|4|0","3","768","1","1","0","1","0","0","0","1"
"pro-528","JDC","1|0|-4|0|0|4|0","3","960","2","1","0","1","1","1","0","1"
"pro-528","JDC","1|0|-4|0|0|4|0","3","1024","2","1","0","1","1","1","0","1"
"pro-528","JDC","1|0|-4|0|0|4|0","3","1080","2","1","0","1","1","1","0","1"
"pro-528","JDC","1|0|-4|0|0|4|0","3","1440","3","1","0","1","1","0","0","1"
"pro-528","JDC","1|0|-4|0|0|4|0","3","2160","4","1","0","1","0","0","0","1"
"pro-529","Jee","1|0|-4|0|0|4|0","3","720","1","1","0","1","0","0","0","1"
"pro-529","Jee","1|0|-4|0|0|4|0","3","768","1","1","0","1","0","0","0","1"
"pro-529","Jee","1|0|-4|0|0|4|0","3","960","2","1","0","1","1","1","0","1"
"pro-529","Jee","1|0|-4|0|0|4|0","3","1024","2","1","0","1","1","1","0","1"
"pro-529","Jee","1|0|-4|0|0|4|0","3","1080","2","1","0","1","1","1","0","1"
"pro-529","Jee","1|0|-4|0|0|4|0","3","1440","3","1","0","1","1","0","0","1"
"pro-529","Jee","1|0|-4|0|0|4|0","3","2160","4","1","0","1","0","0","0","1"
"pro-530","Jeebs","2.1|0.1|-5|0|0|4|0","0","720","3","1","-1","1","1","0","0","1"
"pro-530","Jeebs","2.1|0.1|-5|0|0|4|0","0","768","3","1","-1","1","1","0","0","1"
"pro-530","Jeebs","2.1|0.1|-5|0|0|4|0","0","960","4","1","-1","1","1","1","0","1"
"pro-530","Jeebs","2.1|0.1|-5|0|0|4|0","0","1024","4","1","-1","1","1","1","0","1"
"pro-530","Jeebs","2.1|0.1|-5|0|0|4|0","0","1080","4","1","-1","1","0","1","0","1"
"pro-530","Jeebs","2.1|0.1|-5|0|0|4|0","0","1440","6","1","-1","1","1","0","0","1"
"pro-530","Jeebs","2.1|0.1|-5|0|0|4|0","0","2160","9","1","-1","1","1","0","0","1"
"pro-531","Jeorge","2|0|-3|0|0|4|0","3","720","3","1","1","1","1","0","0","1"
"pro-531","Jeorge","2|0|-3|0|0|4|0","3","768","3","1","1","1","1","0","0","1"
"pro-531","Jeorge","2|0|-3|0|0|4|0","3","960","4","1","1","1","1","1","0","1"
"pro-531","Jeorge","2|0|-3|0|0|4|0","3","1024","4","1","1","1","1","1","0","1"
"pro-531","Jeorge","2|0|-3|0|0|4|0","3","1080","4","1","1","1","0","1","0","1"
"pro-531","Jeorge","2|0|-3|0|0|4|0","3","1440","6","1","1","1","1","0","0","1"
"pro-531","Jeorge","2|0|-3|0|0|4|0","3","2160","9","1","1","1","1","0","0","1"
"pro-532","Jerry","1|1|-4|0|0|4|0","1","720","1","1","0","1","0","0","0","1"
"pro-532","Jerry","1|1|-4|0|0|4|0","1","768","1","1","0","1","0","0","0","1"
"pro-532","Jerry","1|1|-4|0|0|4|0","1","960","2","2","1","1","1","1","1","0"
"pro-532","Jerry","1|1|-4|0|0|4|0","1","1024","2","2","1","1","1","1","1","0"
"pro-532","Jerry","1|1|-4|0|0|4|0","1","1080","2","2","1","1","1","1","1","1"
"pro-532","Jerry","1|1|-4|0|0|4|0","1","1440","3","3","1","1","1","0","0","1"
"pro-532","Jerry","1|1|-4|0|0|4|0","1","2160","4","4","2","1","0","0","0","1"
"pro-533","Jester","1|1|-4|0|0|4|0","1","720","1","1","0","1","0","0","0","1"
"pro-533","Jester","1|1|-4|0|0|4|0","1","768","1","1","0","1","0","0","0","1"
"pro-533","Jester","1|1|-4|0|0|4|0","1","960","2","2","1","1","1","1","1","0"
"pro-533","Jester","1|1|-4|0|0|4|0","1","1024","2","2","1","1","1","1","1","0"
"pro-533","Jester","1|1|-4|0|0|4|0","1","1080","2","2","1","1","1","1","1","1"
"pro-533","Jester","1|1|-4|0|0|4|0","1","1440","3","3","1","1","1","0","0","1"
"pro-533","Jester","1|1|-4|0|0|4|0","1","2160","4","4","2","1","0","0","0","1"
"pro-534","jhd","1.5|1|-12|0|0|4|0","2","720","2","1","-8","1","0","0","0","0"
"pro-534","jhd","1.5|1|-12|0|0|4|0","2","768","2","1","-8","1","0","0","0","0"
"pro-534","jhd","1.5|1|-12|0|0|4|0","2","960","3","2","-7","1","1","1","0","1"
"pro-534","jhd","1.5|1|-12|0|0|4|0","2","1024","3","2","-7","1","1","1","0","1"
"pro-534","jhd","1.5|1|-12|0|0|4|0","2","1080","3","2","-7","1","1","1","0","1"
"pro-534","jhd","1.5|1|-12|0|0|4|0","2","1440","4","3","-7","1","0","0","0","1"
"pro-534","jhd","1.5|1|-12|0|0|4|0","2","2160","6","4","-6","1","0","0","0","1"
"pro-535","Jimmbo","1|1|-4|0|0|4|0","1","720","1","1","0","1","0","0","0","1"
"pro-535","Jimmbo","1|1|-4|0|0|4|0","1","768","1","1","0","1","0","0","0","1"
"pro-535","Jimmbo","1|1|-4|0|0|4|0","1","960","2","2","1","1","1","1","1","0"
"pro-535","Jimmbo","1|1|-4|0|0|4|0","1","1024","2","2","1","1","1","1","1","0"
"pro-535","Jimmbo","1|1|-4|0|0|4|0","1","1080","2","2","1","1","1","1","1","1"
"pro-535","Jimmbo","1|1|-4|0|0|4|0","1","1440","3","3","1","1","1","0","0","1"
"pro-535","Jimmbo","1|1|-4|0|0|4|0","1","2160","4","4","2","1","0","0","0","1"
"pro-536","Jimpphat","1|1.5|-5|0|0|4|0","4","720","1","2","0","1","0","0","0","1"
"pro-536","Jimpphat","1|1.5|-5|0|0|4|0","4","768","1","2","0","1","0","0","0","1"
"pro-536","Jimpphat","1|1.5|-5|0|0|4|0","4","960","2","3","0","1","1","1","1","1"
"pro-536","Jimpphat","1|1.5|-5|0|0|4|0","4","1024","2","3","0","1","1","1","1","1"
"pro-536","Jimpphat","1|1.5|-5|0|0|4|0","4","1080","2","3","0","1","1","1","1","1"
"pro-536","Jimpphat","1|1.5|-5|0|0|4|0","4","1440","3","4","1","1","0","0","0","1"
"pro-536","Jimpphat","1|1.5|-5|0|0|4|0","4","2160","4","6","2","1","0","0","0","1"
"pro-537","jkaem","1|1|-3|0|0|4|0","1","720","1","1","1","1","0","0","0","1"
"pro-537","jkaem","1|1|-3|0|0|4|0","1","768","1","1","1","1","0","0","0","1"
"pro-537","jkaem","1|1|-3|0|0|4|0","1","960","2","2","2","1","1","1","1","0"
"pro-537","jkaem","1|1|-3|0|0|4|0","1","1024","2","2","2","1","1","1","1","0"
"pro-537","jkaem","1|1|-3|0|0|4|0","1","1080","2","2","2","1","1","1","1","0"
"pro-537","jkaem","1|1|-3|0|0|4|0","1","1440","3","3","2","1","1","0","0","1"
"pro-537","jkaem","1|1|-3|0|0|4|0","1","2160","4","4","3","1","0","0","0","1"
"pro-538","jks","1|1|-4|0|0|4|0","1","720","1","1","0","1","0","0","0","1"
"pro-538","jks","1|1|-4|0|0|4|0","1","768","1","1","0","1","0","0","0","1"
"pro-538","jks","1|1|-4|0|0|4|0","1","960","2","2","1","1","1","1","1","0"
"pro-538","jks","1|1|-4|0|0|4|0","1","1024","2","2","1","1","1","1","1","0"
"pro-538","jks","1|1|-4|0|0|4|0","1","1080","2","2","1","1","1","1","1","1"
"pro-538","jks","1|1|-4|0|0|4|0","1","1440","3","3","1","1","1","0","0","1"
"pro-538","jks","1|1|-4|0|0|4|0","1","2160","4","4","2","1","0","0","0","1"
"pro-539","jL","1.4|0.4|-2.7|0|0|4|0","4","720","2","1","1","1","1","1","0","1"
"pro-539","jL","1.4|0.4|-2.7|0|0|4|0","4","768","2","1","1","1","1","1","0","1"
"pro-539","jL","1.4|0.4|-2.7|0|0|4|0","4","960","2","1","1","1","0","1","0","1"
"pro-539","jL","1.4|0.4|-2.7|0|0|4|0","4","1024","2","1","1","1","0","1","0","0"
"pro-539","jL","1.4|0.4|-2.7|0|0|4|0","4","1080","3","1","1","1","1","0","0","1"
"pro-539","jL","1.4|0.4|-2.7|0|0|4|0","4","1440","4","1","1","1","1","0","0","1"
"pro-539","jL","1.4|0.4|-2.7|0|0|4|0","4","2160","6","1","1","1","0","0","0","0"
"pro-540","jocab","1.5|0.5|-5|0|0|4|0","1","720","2","1","-1","1","1","0","1","1"
"pro-540","jocab","1.5|0.5|-5|0|0|4|0","1","768","2","1","-1","1","1","0","1","1"
"pro-540","jocab","1.5|0.5|-5|0|0|4|0","1","960","3","1","-1","1","1","1","0","1"
"pro-540","jocab","1.5|0.5|-5|0|0|4|0","1","1024","3","1","-1","1","1","1","0","1"
"pro-540","jocab","1.5|0.5|-5|0|0|4|0","1","1080","3","1","-1","1","1","1","0","1"
"pro-540","jocab","1.5|0.5|-5|0|0|4|0","1","1440","4","1","-1","1","0","0","0","1"
"pro-540","jocab","1.5|0.5|-5|0|0|4|0","1","2160","6","2","0","1","0","0","0","1"
"pro-541","JOKA","1|1|-4|0|0|4|0","1","720","1","1","0","1","0","0","0","1"
"pro-541","JOKA","1|1|-4|0|0|4|0","1","768","1","1","0","1","0","0","0","1"
"pro-541","JOKA","1|1|-4|0|0|4|0","1","960","2","2","1","1","1","1","1","0"
"pro-541","JOKA","1|1|-4|0|0|4|0","1","1024","2","2","1","1","1","1","1","0"
"pro-541","JOKA","1|1|-4|0|0|4|0","1","1080","2","2","1","1","1","1","1","1"
"pro-541","JOKA","1|1|-4|0|0|4|0","1","1440","3","3","1","1","1","0","0","1"
"pro-541","JOKA","1|1|-4|0|0|4|0","1","2160","4","4","2","1","0","0","0","1"
"pro-542","Jorko","0.9|1|-4.4|0|0|4|0","3","720","1","1","0","1","0","0","0","1"
"pro-542","Jorko","0.9|1|-4.4|0|0|4|0","3","768","1","1","0","1","0","0","0","1"
"pro-542","Jorko","0.9|1|-4.4|0|0|4|0","3","960","1","2","1","1","0","1","0","0"
"pro-542","Jorko","0.9|1|-4.4|0|0|4|0","3","1024","1","2","1","1","0","1","0","0"
"pro-542","Jorko","0.9|1|-4.4|0|0|4|0","3","1080","2","2","1","1","1","0","0","0"
"pro-542","Jorko","0.9|1|-4.4|0|0|4|0","3","1440","2","3","1","1","0","0","0","1"
"pro-542","Jorko","0.9|1|-4.4|0|0|4|0","3","2160","4","4","2","1","0","0","0","0"
"pro-543","JOTA","1|0|-2|0|0|4|0","3","720","1","1","2","1","0","0","0","1"
"pro-543","JOTA","1|0|-2|0|0|4|0","3","768","1","1","2","1","0","0","0","1"
"pro-543","JOTA","1|0|-2|0|0|4|0","3","960","2","1","2","1","1","1","0","1"
"pro-543","JOTA","1|0|-2|0|0|4|0","3","1024","2","1","2","1","1","1","0","1"
"pro-543","JOTA","1|0|-2|0|0|4|0","3","1080","2","1","2","1","1","1","0","1"
"pro-543","JOTA","1|0|-2|0|0|4|0","3","1440","3","1","2","1","1","0","0","1"
"pro-543","JOTA","1|0|-2|0|0|4|0","3","2160","4","1","2","1","0","0","0","1"
"pro-544","jottAAA","1|1|-4|0|0|4|0","1","720","1","1","0","1","0","0","0","1"
"pro-544","jottAAA","1|1|-4|0|0|4|0","1","768","1","1","0","1","0","0","0","1"
"pro-544","jottAAA","1|1|-4|0|0|4|0","1","960","2","2","1","1","1","1","1","0"
"pro-544","jottAAA","1|1|-4|0|0|4|0","1","1024","2","2","1","1","1","1","1","0"
"pro-544","jottAAA","1|1|-4|0|0|4|0","1","1080","2","2","1","1","1","1","1","1"
"pro-544","jottAAA","1|1|-4|0|0|4|0","1","1440","3","3","1","1","1","0","0","1"
"pro-544","jottAAA","1|1|-4|0|0|4|0","1","2160","4","4","2","1","0","0","0","1"
"pro-545","JT","1.5|0|-2|0|0|4|0","0","720","2","1","2","1","1","0","0","1"
"pro-545","JT","1.5|0|-2|0|0|4|0","0","768","2","1","2","1","1","0","0","1"
"pro-545","JT","1.5|0|-2|0|0|4|0","0","960","3","1","2","1","1","1","0","1"
"pro-545","JT","1.5|0|-2|0|0|4|0","0","1024","3","1","2","1","1","1","0","1"
"pro-545","JT","1.5|0|-2|0|0|4|0","0","1080","3","1","2","1","1","1","0","1"
"pro-545","JT","1.5|0|-2|0|0|4|0","0","1440","4","1","2","1","0","0","0","1"
"pro-545","JT","1.5|0|-2|0|0|4|0","0","2160","6","1","2","1","0","0","0","1"
"pro-546","juanflatroo","1.5|0|-4|0|0|4|0","1","720","2","1","0","1","1","0","0","1"
"pro-546","juanflatroo","1.5|0|-4|0|0|4|0","1","768","2","1","0","1","1","0","0","1"
"pro-546","juanflatroo","1.5|0|-4|0|0|4|0","1","960","3","1","0","1","1","1","0","1"
"pro-546","juanflatroo","1.5|0|-4|0|0|4|0","1","1024","3","1","0","1","1","1","0","1"
"pro-546","juanflatroo","1.5|0|-4|0|0|4|0","1","1080","3","1","0","1","1","1","0","1"
"pro-546","juanflatroo","1.5|0|-4|0|0|4|0","1","1440","4","1","0","1","0","0","0","1"
"pro-546","juanflatroo","1.5|0|-4|0|0|4|0","1","2160","6","1","0","1","0","0","0","1"
"pro-548","JunioR","1|1|-4|0|0|4|0","1","720","1","1","0","1","0","0","0","1"
"pro-548","JunioR","1|1|-4|0|0|4|0","1","768","1","1","0","1","0","0","0","1"
"pro-548","JunioR","1|1|-4|0|0|4|0","1","960","2","2","1","1","1","1","1","0"
"pro-548","JunioR","1|1|-4|0|0|4|0","1","1024","2","2","1","1","1","1","1","0"
"pro-548","JunioR","1|1|-4|0|0|4|0","1","1080","2","2","1","1","1","1","1","1"
"pro-548","JunioR","1|1|-4|0|0|4|0","1","1440","3","3","1","1","1","0","0","1"
"pro-548","JunioR","1|1|-4|0|0|4|0","1","2160","4","4","2","1","0","0","0","1"
"pro-549","JUST","3|0|-2|0|0|4|0","0","720","4","1","2","1","0","0","0","1"
"pro-549","JUST","3|0|-2|0|0|4|0","0","768","4","1","2","1","0","0","0","1"
"pro-549","JUST","3|0|-2|0|0|4|0","0","960","6","1","2","1","1","1","0","1"
"pro-549","JUST","3|0|-2|0|0|4|0","0","1024","6","1","2","1","1","1","0","1"
"pro-549","JUST","3|0|-2|0|0|4|0","0","1080","6","1","2","1","0","1","0","1"
"pro-549","JUST","3|0|-2|0|0|4|0","0","1440","9","1","2","1","1","0","0","1"
"pro-549","JUST","3|0|-2|0|0|4|0","0","2160","13","1","2","1","0","0","0","1"
"pro-550","JW","2|0|-5|0|0|4|0","0","720","3","1","-1","1","1","0","0","1"
"pro-550","JW","2|0|-5|0|0|4|0","0","768","3","1","-1","1","1","0","0","1"
"pro-550","JW","2|0|-5|0|0|4|0","0","960","4","1","-1","1","1","1","0","1"
"pro-550","JW","2|0|-5|0|0|4|0","0","1024","4","1","-1","1","1","1","0","1"
"pro-550","JW","2|0|-5|0|0|4|0","0","1080","4","1","-1","1","0","1","0","1"
"pro-550","JW","2|0|-5|0|0|4|0","0","1440","6","1","-1","1","1","0","0","1"
"pro-550","JW","2|0|-5|0|0|4|0","0","2160","9","1","-1","1","1","0","0","1"
"pro-551","Jyo","2|0|-2|0|0|4|0","4","720","3","1","2","1","1","0","0","1"
"pro-551","Jyo","2|0|-2|0|0|4|0","4","768","3","1","2","1","1","0","0","1"
"pro-551","Jyo","2|0|-2|0|0|4|0","4","960","4","1","2","1","1","1","0","1"
"pro-551","Jyo","2|0|-2|0|0|4|0","4","1024","4","1","2","1","1","1","0","1"
"pro-551","Jyo","2|0|-2|0|0|4|0","4","1080","4","1","2","1","0","1","0","1"
"pro-551","Jyo","2|0|-2|0|0|4|0","4","1440","6","1","2","1","1","0","0","1"
"pro-551","Jyo","2|0|-2|0|0|4|0","4","2160","9","1","2","1","1","0","0","1"
"pro-552","K1-FiDa","1|0|-3|0|0|4|0","2","720","1","1","1","1","0","0","0","1"
"pro-552","K1-FiDa","1|0|-3|0|0|4|0","2","768","1","1","1","1","0","0","0","1"
"pro-552","K1-FiDa","1|0|-3|0|0|4|0","2","960","2","1","1","1","1","1","0","1"
"pro-552","K1-FiDa","1|0|-3|0|0|4|0","2","1024","2","1","1","1","1","1","0","1"
"pro-552","K1-FiDa","1|0|-3|0|0|4|0","2","1080","2","1","1","1","1","1","0","1"
"pro-552","K1-FiDa","1|0|-3|0|0|4|0","2","1440","3","1","1","1","1","0","0","1"
"pro-552","K1-FiDa","1|0|-3|0|0|4|0","2","2160","4","1","1","1","0","0","0","1"
"pro-553","k1to","1|1|-4|0|0|4|0","1","720","1","1","0","1","0","0","0","1"
"pro-553","k1to","1|1|-4|0|0|4|0","1","768","1","1","0","1","0","0","0","1"
"pro-553","k1to","1|1|-4|0|0|4|0","1","960","2","2","1","1","1","1","1","0"
"pro-553","k1to","1|1|-4|0|0|4|0","1","1024","2","2","1","1","1","1","1","0"
"pro-553","k1to","1|1|-4|0|0|4|0","1","1080","2","2","1","1","1","1","1","1"
"pro-553","k1to","1|1|-4|0|0|4|0","1","1440","3","3","1","1","1","0","0","1"
"pro-553","k1to","1|1|-4|0|0|4|0","1","2160","4","4","2","1","0","0","0","1"
"pro-555","Kaide","1|1|-4|0|0|4|0","1","720","1","1","0","1","0","0","0","1"
"pro-555","Kaide","1|1|-4|0|0|4|0","1","768","1","1","0","1","0","0","0","1"
"pro-555","Kaide","1|1|-4|0|0|4|0","1","960","2","2","1","1","1","1","1","0"
"pro-555","Kaide","1|1|-4|0|0|4|0","1","1024","2","2","1","1","1","1","1","0"
"pro-555","Kaide","1|1|-4|0|0|4|0","1","1080","2","2","1","1","1","1","1","1"
"pro-555","Kaide","1|1|-4|0|0|4|0","1","1440","3","3","1","1","1","0","0","1"
"pro-555","Kaide","1|1|-4|0|0|4|0","1","2160","4","4","2","1","0","0","0","1"
"pro-557","KAISER","2.7|0.6|-2.7|0|0|4|0","0","720","4","1","1","1","1","0","0","1"
"pro-557","KAISER","2.7|0.6|-2.7|0|0|4|0","0","768","4","1","1","1","1","0","0","1"
"pro-557","KAISER","2.7|0.6|-2.7|0|0|4|0","0","960","5","1","1","1","1","1","0","1"
"pro-557","KAISER","2.7|0.6|-2.7|0|0|4|0","0","1024","5","1","1","1","0","1","0","1"
"pro-557","KAISER","2.7|0.6|-2.7|0|0|4|0","0","1080","6","1","1","1","1","0","0","1"
"pro-557","KAISER","2.7|0.6|-2.7|0|0|4|0","0","1440","8","1","1","1","0","0","0","0"
"pro-557","KAISER","2.7|0.6|-2.7|0|0|4|0","0","2160","12","2","2","1","0","0","0","1"
"pro-558","kAlash","1|0|-3|1|0|4|0","2","720","1","1","1","1","0","0","0","1"
"pro-558","kAlash","1|0|-3|1|0|4|0","2","768","1","1","1","1","0","0","0","1"
"pro-558","kAlash","1|0|-3|1|0|4|0","2","960","2","1","1","1","1","1","0","1"
"pro-558","kAlash","1|0|-3|1|0|4|0","2","1024","2","1","1","1","1","1","0","1"
"pro-558","kAlash","1|0|-3|1|0|4|0","2","1080","2","1","1","1","1","1","0","1"
"pro-558","kAlash","1|0|-3|1|0|4|0","2","1440","3","1","1","1","1","0","0","1"
"pro-558","kAlash","1|0|-3|1|0|4|0","2","2160","4","1","1","1","0","0","0","1"
"pro-559","KalubeR","2|0|-3|0|0|4|0","3","720","3","1","1","1","1","0","0","1"
"pro-559","KalubeR","2|0|-3|0|0|4|0","3","768","3","1","1","1","1","0","0","1"
"pro-559","KalubeR","2|0|-3|0|0|4|0","3","960","4","1","1","1","1","1","0","1"
"pro-559","KalubeR","2|0|-3|0|0|4|0","3","1024","4","1","1","1","1","1","0","1"
"pro-559","KalubeR","2|0|-3|0|0|4|0","3","1080","4","1","1","1","0","1","0","1"
"pro-559","KalubeR","2|0|-3|0|0|4|0","3","1440","6","1","1","1","1","0","0","1"
"pro-559","KalubeR","2|0|-3|0|0|4|0","3","2160","9","1","1","1","1","0","0","1"
"pro-560","Kamion","2|1|-4|0|0|4|0","3","720","3","1","0","1","0","0","0","1"
"pro-560","Kamion","2|1|-4|0|0|4|0","3","768","3","1","0","1","0","0","0","1"
"pro-560","Kamion","2|1|-4|0|0|4|0","3","960","4","2","1","1","1","1","1","0"
"pro-560","Kamion","2|1|-4|0|0|4|0","3","1024","4","2","1","1","1","1","1","1"
"pro-560","Kamion","2|1|-4|0|0|4|0","3","1080","4","2","1","1","0","1","1","1"
"pro-560","Kamion","2|1|-4|0|0|4|0","3","1440","6","3","1","1","1","0","0","1"
"pro-560","Kamion","2|1|-4|0|0|4|0","3","2160","9","4","2","1","0","0","0","1"
"pro-561","karrigan","2|1|-4|0|0|4|0","3","720","3","1","0","1","0","0","0","1"
"pro-561","karrigan","2|1|-4|0|0|4|0","3","768","3","1","0","1","0","0","0","1"
"pro-561","karrigan","2|1|-4|0|0|4|0","3","960","4","2","1","1","1","1","1","0"
"pro-561","karrigan","2|1|-4|0|0|4|0","3","1024","4","2","1","1","1","1","1","1"
"pro-561","karrigan","2|1|-4|0|0|4|0","3","1080","4","2","1","1","0","1","1","1"
"pro-561","karrigan","2|1|-4|0|0|4|0","3","1440","6","3","1","1","1","0","0","1"
"pro-561","karrigan","2|1|-4|0|0|4|0","3","2160","9","4","2","1","0","0","0","1"
"pro-562","kashl1d","1.1|1|-3.4|0|0|4|0","3","720","1","1","0","1","0","0","0","0"
"pro-562","kashl1d","1.1|1|-3.4|0|0|4|0","3","768","1","1","0","1","0","0","0","0"
"pro-562","kashl1d","1.1|1|-3.4|0|0|4|0","3","960","2","2","1","1","1","1","1","1"
"pro-562","kashl1d","1.1|1|-3.4|0|0|4|0","3","1024","2","2","1","1","1","1","1","1"
"pro-562","kashl1d","1.1|1|-3.4|0|0|4|0","3","1080","2","2","1","1","1","1","1","1"
"pro-562","kashl1d","1.1|1|-3.4|0|0|4|0","3","1440","3","3","1","1","1","0","0","0"
"pro-562","kashl1d","1.1|1|-3.4|0|0|4|0","3","2160","4","4","2","1","0","0","0","0"
"pro-563","Kat","1.5|0.5|-1.6|0|0|4|0","0","720","2","1","2","1","1","0","1","1"
"pro-563","Kat","1.5|0.5|-1.6|0|0|4|0","0","768","2","1","2","1","1","0","1","1"
"pro-563","Kat","1.5|0.5|-1.6|0|0|4|0","0","960","3","1","2","1","1","1","0","1"
"pro-563","Kat","1.5|0.5|-1.6|0|0|4|0","0","1024","3","1","2","1","1","1","0","1"
"pro-563","Kat","1.5|0.5|-1.6|0|0|4|0","0","1080","3","1","2","1","1","1","0","1"
"pro-563","Kat","1.5|0.5|-1.6|0|0|4|0","0","1440","4","1","2","1","0","0","0","1"
"pro-563","Kat","1.5|0.5|-1.6|0|0|4|0","0","2160","6","2","3","1","0","0","0","1"
"pro-564","kauez","1|1|-4|0|0|4|0","1","720","1","1","0","1","0","0","0","1"
"pro-564","kauez","1|1|-4|0|0|4|0","1","768","1","1","0","1","0","0","0","1"
"pro-564","kauez","1|1|-4|0|0|4|0","1","960","2","2","1","1","1","1","1","0"
"pro-564","kauez","1|1|-4|0|0|4|0","1","1024","2","2","1","1","1","1","1","0"
"pro-564","kauez","1|1|-4|0|0|4|0","1","1080","2","2","1","1","1","1","1","1"
"pro-564","kauez","1|1|-4|0|0|4|0","1","1440","3","3","1","1","1","0","0","1"
"pro-564","kauez","1|1|-4|0|0|4|0","1","2160","4","4","2","1","0","0","0","1"
"pro-565","kaze","0.7|0.8|-3.8|0|0|4|0","2","720","1","1","0","1","1","1","0","1"
"pro-565","kaze","0.7|0.8|-3.8|0|0|4|0","2","768","1","1","0","1","1","1","0","1"
"pro-565","kaze","0.7|0.8|-3.8|0|0|4|0","2","960","1","1","0","1","0","1","0","1"
"pro-565","kaze","0.7|0.8|-3.8|0|0|4|0","2","1024","1","1","0","1","0","1","0","0"
"pro-565","kaze","0.7|0.8|-3.8|0|0|4|0","2","1080","1","1","0","1","0","1","0","0"
"pro-565","kaze","0.7|0.8|-3.8|0|0|4|0","2","1440","2","2","1","1","1","0","0","1"
"pro-565","kaze","0.7|0.8|-3.8|0|0|4|0","2","2160","3","3","1","1","0","0","0","1"
"pro-566","keen","1|1|-4|0|0|4|0","1","720","1","1","0","1","0","0","0","1"
"pro-566","keen","1|1|-4|0|0|4|0","1","768","1","1","0","1","0","0","0","1"
"pro-566","keen","1|1|-4|0|0|4|0","1","960","2","2","1","1","1","1","1","0"
"pro-566","keen","1|1|-4|0|0|4|0","1","1024","2","2","1","1","1","1","1","0"
"pro-566","keen","1|1|-4|0|0|4|0","1","1080","2","2","1","1","1","1","1","1"
"pro-566","keen","1|1|-4|0|0|4|0","1","1440","3","3","1","1","1","0","0","1"
"pro-566","keen","1|1|-4|0|0|4|0","1","2160","4","4","2","1","0","0","0","1"
"pro-567","KEi","1|1|-3.5|0|0|4|0","4","720","1","1","0","1","0","0","0","0"
"pro-567","KEi","1|1|-3.5|0|0|4|0","4","768","1","1","0","1","0","0","0","0"
"pro-567","KEi","1|1|-3.5|0|0|4|0","4","960","2","2","1","1","1","1","1","1"
"pro-567","KEi","1|1|-3.5|0|0|4|0","4","1024","2","2","1","1","1","1","1","1"
"pro-567","KEi","1|1|-3.5|0|0|4|0","4","1080","2","2","1","1","1","1","1","1"
"pro-567","KEi","1|1|-3.5|0|0|4|0","4","1440","3","3","1","1","1","0","0","1"
"pro-567","KEi","1|1|-3.5|0|0|4|0","4","2160","4","4","2","1","0","0","0","1"
"pro-568","kelieN","2|0.1|-3|0|0|4|0","1","720","3","1","1","1","1","0","0","0"
"pro-568","kelieN","2|0.1|-3|0|0|4|0","1","768","3","1","1","1","1","0","0","0"
"pro-568","kelieN","2|0.1|-3|0|0|4|0","1","960","4","1","1","1","1","1","0","0"
"pro-568","kelieN","2|0.1|-3|0|0|4|0","1","1024","4","1","1","1","1","1","0","0"
"pro-568","kelieN","2|0.1|-3|0|0|4|0","1","1080","4","1","1","1","0","1","0","0"
"pro-568","kelieN","2|0.1|-3|0|0|4|0","1","1440","6","1","1","1","1","0","0","1"
"pro-568","kelieN","2|0.1|-3|0|0|4|0","1","2160","9","1","1","1","1","0","0","1"
"pro-569","KENSI","2|0|-3|0|0|4|0","3","720","3","1","1","1","1","0","0","1"
"pro-569","KENSI","2|0|-3|0|0|4|0","3","768","3","1","1","1","1","0","0","1"
"pro-569","KENSI","2|0|-3|0|0|4|0","3","960","4","1","1","1","1","1","0","1"
"pro-569","KENSI","2|0|-3|0|0|4|0","3","1024","4","1","1","1","1","1","0","1"
"pro-569","KENSI","2|0|-3|0|0|4|0","3","1080","4","1","1","1","0","1","0","1"
"pro-569","KENSI","2|0|-3|0|0|4|0","3","1440","6","1","1","1","1","0","0","1"
"pro-569","KENSI","2|0|-3|0|0|4|0","3","2160","9","1","1","1","1","0","0","1"
"pro-570","kensizor","1.9|0.6|-2.2|0|0|4|0","3","720","2","1","1","1","0","0","0","0"
"pro-570","kensizor","1.9|0.6|-2.2|0|0|4|0","3","768","3","1","1","1","1","1","0","0"
"pro-570","kensizor","1.9|0.6|-2.2|0|0|4|0","3","960","3","1","1","1","0","1","0","0"
"pro-570","kensizor","1.9|0.6|-2.2|0|0|4|0","3","1024","4","1","1","1","1","0","0","0"
"pro-570","kensizor","1.9|0.6|-2.2|0|0|4|0","3","1080","4","1","1","1","1","0","0","0"
"pro-570","kensizor","1.9|0.6|-2.2|0|0|4|0","3","1440","5","1","1","1","0","0","0","0"
"pro-570","kensizor","1.9|0.6|-2.2|0|0|4|0","3","2160","8","2","2","1","0","0","0","0"
"pro-571","Keoz","1|0|-4|0|0|4|0","3","720","1","1","0","1","0","0","0","1"
"pro-571","Keoz","1|0|-4|0|0|4|0","3","768","1","1","0","1","0","0","0","1"
"pro-571","Keoz","1|0|-4|0|0|4|0","3","960","2","1","0","1","1","1","0","1"
"pro-571","Keoz","1|0|-4|0|0|4|0","3","1024","2","1","0","1","1","1","0","1"
"pro-571","Keoz","1|0|-4|0|0|4|0","3","1080","2","1","0","1","1","1","0","1"
"pro-571","Keoz","1|0|-4|0|0|4|0","3","1440","3","1","0","1","1","0","0","1"
"pro-571","Keoz","1|0|-4|0|0|4|0","3","2160","4","1","0","1","0","0","0","1"
"pro-572","Kermi","2|0|-3|0|0|4|0","3","720","3","1","1","1","1","0","0","1"
"pro-572","Kermi","2|0|-3|0|0|4|0","3","768","3","1","1","1","1","0","0","1"
"pro-572","Kermi","2|0|-3|0|0|4|0","3","960","4","1","1","1","1","1","0","1"
"pro-572","Kermi","2|0|-3|0|0|4|0","3","1024","4","1","1","1","1","1","0","1"
"pro-572","Kermi","2|0|-3|0|0|4|0","3","1080","4","1","1","1","0","1","0","1"
"pro-572","Kermi","2|0|-3|0|0|4|0","3","1440","6","1","1","1","1","0","0","1"
"pro-572","Kermi","2|0|-3|0|0|4|0","3","2160","9","1","1","1","1","0","0","1"
"pro-573","khaN","1|0|-4.4|0|0|4|0","3","720","1","1","0","1","0","0","0","1"
"pro-573","khaN","1|0|-4.4|0|0|4|0","3","768","1","1","0","1","0","0","0","1"
"pro-573","khaN","1|0|-4.4|0|0|4|0","3","960","2","1","0","1","1","1","0","1"
"pro-573","khaN","1|0|-4.4|0|0|4|0","3","1024","2","1","0","1","1","1","0","1"
"pro-573","khaN","1|0|-4.4|0|0|4|0","3","1080","2","1","0","1","1","1","0","1"
"pro-573","khaN","1|0|-4.4|0|0|4|0","3","1440","3","1","0","1","1","0","0","1"
"pro-573","khaN","1|0|-4.4|0|0|4|0","3","2160","4","1","0","1","0","0","0","1"
"pro-574","Kind0","3|0.8|-2|0|0|4|0","0","720","4","1","2","1","0","0","0","1"
"pro-574","Kind0","3|0.8|-2|0|0|4|0","0","768","4","1","2","1","0","0","0","1"
"pro-574","Kind0","3|0.8|-2|0|0|4|0","0","960","6","1","2","1","0","1","0","1"
"pro-574","Kind0","3|0.8|-2|0|0|4|0","0","1024","6","1","2","1","0","1","0","0"
"pro-574","Kind0","3|0.8|-2|0|0|4|0","0","1080","6","1","2","1","0","1","0","0"
"pro-574","Kind0","3|0.8|-2|0|0|4|0","0","1440","9","2","3","1","1","0","0","1"
"pro-574","Kind0","3|0.8|-2|0|0|4|0","0","2160","13","3","3","1","0","0","0","1"
"pro-575","kinqie","1|1|-5|1|0|4|0","2","720","1","1","-1","1","0","0","0","1"
"pro-575","kinqie","1|1|-5|1|0|4|0","2","768","1","1","-1","1","0","0","0","1"
"pro-575","kinqie","1|1|-5|1|0|4|0","2","960","2","2","0","1","1","1","1","0"
"pro-575","kinqie","1|1|-5|1|0|4|0","2","1024","2","2","0","1","1","1","1","1"
"pro-575","kinqie","1|1|-5|1|0|4|0","2","1080","2","2","0","1","1","1","1","1"
"pro-575","kinqie","1|1|-5|1|0|4|0","2","1440","3","3","0","1","1","0","0","1"
"pro-575","kinqie","1|1|-5|1|0|4|0","2","2160","4","4","1","1","0","0","0","1"
"pro-576","KIRO","1|1|-5|0|0|4|0","4","720","1","1","-1","1","0","0","0","1"
"pro-576","KIRO","1|1|-5|0|0|4|0","4","768","1","1","-1","1","0","0","0","1"
"pro-576","KIRO","1|1|-5|0|0|4|0","4","960","2","2","0","1","1","1","1","0"
"pro-576","KIRO","1|1|-5|0|0|4|0","4","1024","2","2","0","1","1","1","1","1"
"pro-576","KIRO","1|1|-5|0|0|4|0","4","1080","2","2","0","1","1","1","1","1"
"pro-576","KIRO","1|1|-5|0|0|4|0","4","1440","3","3","0","1","1","0","0","1"
"pro-576","KIRO","1|1|-5|0|0|4|0","4","2160","4","4","1","1","0","0","0","1"
"pro-577","kisserek","2|0.5|-3|0|0|4|0","1","720","3","1","1","1","1","0","0","1"
"pro-577","kisserek","2|0.5|-3|0|0|4|0","1","768","3","1","1","1","1","0","0","1"
"pro-577","kisserek","2|0.5|-3|0|0|4|0","1","960","4","1","1","1","1","1","1","1"
"pro-577","kisserek","2|0.5|-3|0|0|4|0","1","1024","4","1","1","1","1","1","1","1"
"pro-577","kisserek","2|0.5|-3|0|0|4|0","1","1080","4","1","1","1","0","1","1","1"
"pro-577","kisserek","2|0.5|-3|0|0|4|0","1","1440","6","1","1","1","0","0","0","1"
"pro-577","kisserek","2|0.5|-3|0|0|4|0","1","2160","9","2","2","1","1","0","0","1"
"pro-578","kl1m","1|0|-4|0|0|4|0","3","720","1","1","0","1","0","0","0","1"
"pro-578","kl1m","1|0|-4|0|0|4|0","3","768","1","1","0","1","0","0","0","1"
"pro-578","kl1m","1|0|-4|0|0|4|0","3","960","2","1","0","1","1","1","0","1"
"pro-578","kl1m","1|0|-4|0|0|4|0","3","1024","2","1","0","1","1","1","0","1"
"pro-578","kl1m","1|0|-4|0|0|4|0","3","1080","2","1","0","1","1","1","0","1"
"pro-578","kl1m","1|0|-4|0|0|4|0","3","1440","3","1","0","1","1","0","0","1"
"pro-578","kl1m","1|0|-4|0|0|4|0","3","2160","4","1","0","1","0","0","0","1"
"pro-579","koala","3|1|-2|0|0|4|0","1","720","4","1","2","1","0","0","0","1"
"pro-579","koala","3|1|-2|0|0|4|0","1","768","4","1","2","1","0","0","0","1"
"pro-579","koala","3|1|-2|0|0|4|0","1","960","6","2","3","1","1","1","0","0"
"pro-579","koala","3|1|-2|0|0|4|0","1","1024","6","2","3","1","1","1","0","0"
"pro-579","koala","3|1|-2|0|0|4|0","1","1080","6","2","3","1","0","1","0","1"
"pro-579","koala","3|1|-2|0|0|4|0","1","1440","9","3","3","1","1","0","0","1"
"pro-579","koala","3|1|-2|0|0|4|0","1","2160","13","4","4","1","0","0","0","1"
"pro-580","Kollo","3.5|0.2|-2.3|0|0|4|0","4","720","5","1","1","1","1","0","0","1"
"pro-580","Kollo","3.5|0.2|-2.3|0|0|4|0","4","768","5","1","1","1","0","0","0","1"
"pro-580","Kollo","3.5|0.2|-2.3|0|0|4|0","4","960","7","1","1","1","1","1","0","1"
"pro-580","Kollo","3.5|0.2|-2.3|0|0|4|0","4","1024","7","1","1","1","1","1","0","1"
"pro-580","Kollo","3.5|0.2|-2.3|0|0|4|0","4","1080","7","1","1","1","0","1","0","1"
"pro-580","Kollo","3.5|0.2|-2.3|0|0|4|0","4","1440","10","1","1","1","0","0","0","1"
"pro-580","Kollo","3.5|0.2|-2.3|0|0|4|0","4","2160","15","1","1","1","0","0","0","0"
"pro-581","kory","1|1|-4|0|0|4|0","1","720","1","1","0","1","0","0","0","1"
"pro-581","kory","1|1|-4|0|0|4|0","1","768","1","1","0","1","0","0","0","1"
"pro-581","kory","1|1|-4|0|0|4|0","1","960","2","2","1","1","1","1","1","0"
"pro-581","kory","1|1|-4|0|0|4|0","1","1024","2","2","1","1","1","1","1","0"
"pro-581","kory","1|1|-4|0|0|4|0","1","1080","2","2","1","1","1","1","1","1"
"pro-581","kory","1|1|-4|0|0|4|0","1","1440","3","3","1","1","1","0","0","1"
"pro-581","kory","1|1|-4|0|0|4|0","1","2160","4","4","2","1","0","0","0","1"
"pro-582","Kozmo","2|0.5|-2.5|0|0|4|0","1","720","3","1","1","1","1","0","0","1"
"pro-582","Kozmo","2|0.5|-2.5|0|0|4|0","1","768","3","1","1","1","1","0","0","1"
"pro-582","Kozmo","2|0.5|-2.5|0|0|4|0","1","960","4","1","1","1","1","1","1","1"
"pro-582","Kozmo","2|0.5|-2.5|0|0|4|0","1","1024","4","1","1","1","1","1","1","1"
"pro-582","Kozmo","2|0.5|-2.5|0|0|4|0","1","1080","4","1","1","1","0","1","1","1"
"pro-582","Kozmo","2|0.5|-2.5|0|0|4|0","1","1440","6","1","1","1","0","0","0","0"
"pro-582","Kozmo","2|0.5|-2.5|0|0|4|0","1","2160","9","2","2","1","1","0","0","1"
"pro-583","Krabeni","1|1|-3.5|0|0|4|0","4","720","1","1","0","1","0","0","0","0"
"pro-583","Krabeni","1|1|-3.5|0|0|4|0","4","768","1","1","0","1","0","0","0","0"
"pro-583","Krabeni","1|1|-3.5|0|0|4|0","4","960","2","2","1","1","1","1","1","1"
"pro-583","Krabeni","1|1|-3.5|0|0|4|0","4","1024","2","2","1","1","1","1","1","1"
"pro-583","Krabeni","1|1|-3.5|0|0|4|0","4","1080","2","2","1","1","1","1","1","1"
"pro-583","Krabeni","1|1|-3.5|0|0|4|0","4","1440","3","3","1","1","1","0","0","1"
"pro-583","Krabeni","1|1|-3.5|0|0|4|0","4","2160","4","4","2","1","0","0","0","1"
"pro-584","Krad","2|0|-10|0|0|4|0","1","720","3","1","-6","1","1","0","0","1"
"pro-584","Krad","2|0|-10|0|0|4|0","1","768","3","1","-6","1","1","0","0","1"
"pro-584","Krad","2|0|-10|0|0|4|0","1","960","4","1","-6","1","1","1","0","1"
"pro-584","Krad","2|0|-10|0|0|4|0","1","1024","4","1","-6","1","1","1","0","1"
"pro-584","Krad","2|0|-10|0|0|4|0","1","1080","4","1","-6","1","0","1","0","1"
"pro-584","Krad","2|0|-10|0|0|4|0","1","1440","6","1","-6","1","1","0","0","1"
"pro-584","Krad","2|0|-10|0|0|4|0","1","2160","9","1","-6","1","1","0","0","1"
"pro-585","kraghen","1|1|-4|0|0|4|0","1","720","1","1","0","1","0","0","0","1"
"pro-585","kraghen","1|1|-4|0|0|4|0","1","768","1","1","0","1","0","0","0","1"
"pro-585","kraghen","1|1|-4|0|0|4|0","1","960","2","2","1","1","1","1","1","0"
"pro-585","kraghen","1|1|-4|0|0|4|0","1","1024","2","2","1","1","1","1","1","0"
"pro-585","kraghen","1|1|-4|0|0|4|0","1","1080","2","2","1","1","1","1","1","1"
"pro-585","kraghen","1|1|-4|0|0|4|0","1","1440","3","3","1","1","1","0","0","1"
"pro-585","kraghen","1|1|-4|0|0|4|0","1","2160","4","4","2","1","0","0","0","1"
"pro-586","Kras","0.9|0.6|-2|0|0|4|0","4","720","1","1","2","1","1","1","0","1"
"pro-586","Kras","0.9|0.6|-2|0|0|4|0","4","768","1","1","2","1","1","1","0","1"
"pro-586","Kras","0.9|0.6|-2|0|0|4|0","4","960","1","1","2","1","0","1","0","1"
"pro-586","Kras","0.9|0.6|-2|0|0|4|0","4","1024","1","1","2","1","0","1","0","0"
"pro-586","Kras","0.9|0.6|-2|0|0|4|0","4","1080","2","1","2","1","1","0","0","1"
"pro-586","Kras","0.9|0.6|-2|0|0|4|0","4","1440","2","1","2","1","0","0","0","0"
"pro-586","Kras","0.9|0.6|-2|0|0|4|0","4","2160","4","2","3","1","0","0","0","0"
"pro-587","kRaSnaL","1.5|1|-5|0|0|4|0","4","720","2","1","-1","1","0","0","0","1"
"pro-587","kRaSnaL","1.5|1|-5|0|0|4|0","4","768","2","1","-1","1","0","0","0","1"
"pro-587","kRaSnaL","1.5|1|-5|0|0|4|0","4","960","3","2","0","1","1","1","0","0"
"pro-587","kRaSnaL","1.5|1|-5|0|0|4|0","4","1024","3","2","0","1","1","1","0","1"
"pro-587","kRaSnaL","1.5|1|-5|0|0|4|0","4","1080","3","2","0","1","1","1","0","1"
"pro-587","kRaSnaL","1.5|1|-5|0|0|4|0","4","1440","4","3","0","1","0","0","0","1"
"pro-587","kRaSnaL","1.5|1|-5|0|0|4|0","4","2160","6","4","1","1","0","0","0","1"
"pro-588","KRAXYT","1|0.6|-3|0|0|4|0","4","720","1","1","1","1","0","0","0","1"
"pro-588","KRAXYT","1|0.6|-3|0|0|4|0","4","768","1","1","1","1","0","0","0","1"
"pro-588","KRAXYT","1|0.6|-3|0|0|4|0","4","960","2","1","1","1","1","1","0","1"
"pro-588","KRAXYT","1|0.6|-3|0|0|4|0","4","1024","2","1","1","1","1","1","0","1"
"pro-588","KRAXYT","1|0.6|-3|0|0|4|0","4","1080","2","1","1","1","1","1","0","1"
"pro-588","KRAXYT","1|0.6|-3|0|0|4|0","4","1440","3","1","1","1","0","0","0","0"
"pro-588","KRAXYT","1|0.6|-3|0|0|4|0","4","2160","4","2","2","1","0","0","0","1"
"pro-589","krazy","1|1|-4|0|0|4|0","1","720","1","1","0","1","0","0","0","1"
"pro-589","krazy","1|1|-4|0|0|4|0","1","768","1","1","0","1","0","0","0","1"
"pro-589","krazy","1|1|-4|0|0|4|0","1","960","2","2","1","1","1","1","1","0"
"pro-589","krazy","1|1|-4|0|0|4|0","1","1024","2","2","1","1","1","1","1","0"
"pro-589","krazy","1|1|-4|0|0|4|0","1","1080","2","2","1","1","1","1","1","1"
"pro-589","krazy","1|1|-4|0|0|4|0","1","1440","3","3","1","1","1","0","0","1"
"pro-589","krazy","1|1|-4|0|0|4|0","1","2160","4","4","2","1","0","0","0","1"
"pro-590","Kre1N","1|0|-4|0|0|4|0","3","720","1","1","0","1","0","0","0","1"
"pro-590","Kre1N","1|0|-4|0|0|4|0","3","768","1","1","0","1","0","0","0","1"
"pro-590","Kre1N","1|0|-4|0|0|4|0","3","960","2","1","0","1","1","1","0","1"
"pro-590","Kre1N","1|0|-4|0|0|4|0","3","1024","2","1","0","1","1","1","0","1"
"pro-590","Kre1N","1|0|-4|0|0|4|0","3","1080","2","1","0","1","1","1","0","1"
"pro-590","Kre1N","1|0|-4|0|0|4|0","3","1440","3","1","0","1","1","0","0","1"
"pro-590","Kre1N","1|0|-4|0|0|4|0","3","2160","4","1","0","1","0","0","0","1"
"pro-591","kreaz","0.8|0.8|-4.4|0|0|4|0","4","720","1","1","0","1","1","1","0","1"
"pro-591","kreaz","0.8|0.8|-4.4|0|0|4|0","4","768","1","1","0","1","1","1","0","1"
"pro-591","kreaz","0.8|0.8|-4.4|0|0|4|0","4","960","1","1","0","1","0","1","0","1"
"pro-591","kreaz","0.8|0.8|-4.4|0|0|4|0","4","1024","1","1","0","1","0","1","0","0"
"pro-591","kreaz","0.8|0.8|-4.4|0|0|4|0","4","1080","1","1","0","1","0","1","0","0"
"pro-591","kreaz","0.8|0.8|-4.4|0|0|4|0","4","1440","2","2","1","1","1","0","0","0"
"pro-591","kreaz","0.8|0.8|-4.4|0|0|4|0","4","2160","3","3","1","1","0","0","0","1"
"pro-592","Krimbo","1|1|-4|0|0|4|0","1","720","1","1","0","1","0","0","0","1"
"pro-592","Krimbo","1|1|-4|0|0|4|0","1","768","1","1","0","1","0","0","0","1"
"pro-592","Krimbo","1|1|-4|0|0|4|0","1","960","2","2","1","1","1","1","1","0"
"pro-592","Krimbo","1|1|-4|0|0|4|0","1","1024","2","2","1","1","1","1","1","0"
"pro-592","Krimbo","1|1|-4|0|0|4|0","1","1080","2","2","1","1","1","1","1","1"
"pro-592","Krimbo","1|1|-4|0|0|4|0","1","1440","3","3","1","1","1","0","0","1"
"pro-592","Krimbo","1|1|-4|0|0|4|0","1","2160","4","4","2","1","0","0","0","1"
"pro-593","KRIMZ","1|1|-4|0|0|4|0","1","720","1","1","0","1","0","0","0","1"
"pro-593","KRIMZ","1|1|-4|0|0|4|0","1","768","1","1","0","1","0","0","0","1"
"pro-593","KRIMZ","1|1|-4|0|0|4|0","1","960","2","2","1","1","1","1","1","0"
"pro-593","KRIMZ","1|1|-4|0|0|4|0","1","1024","2","2","1","1","1","1","1","0"
"pro-593","KRIMZ","1|1|-4|0|0|4|0","1","1080","2","2","1","1","1","1","1","1"
"pro-593","KRIMZ","1|1|-4|0|0|4|0","1","1440","3","3","1","1","1","0","0","1"
"pro-593","KRIMZ","1|1|-4|0|0|4|0","1","2160","4","4","2","1","0","0","0","1"
"pro-595","ksloks","1|1|-4|0|0|4|0","1","720","1","1","0","1","0","0","0","1"
"pro-595","ksloks","1|1|-4|0|0|4|0","1","768","1","1","0","1","0","0","0","1"
"pro-595","ksloks","1|1|-4|0|0|4|0","1","960","2","2","1","1","1","1","1","0"
"pro-595","ksloks","1|1|-4|0|0|4|0","1","1024","2","2","1","1","1","1","1","0"
"pro-595","ksloks","1|1|-4|0|0|4|0","1","1080","2","2","1","1","1","1","1","1"
"pro-595","ksloks","1|1|-4|0|0|4|0","1","1440","3","3","1","1","1","0","0","1"
"pro-595","ksloks","1|1|-4|0|0|4|0","1","2160","4","4","2","1","0","0","0","1"
"pro-596","Kunai","1|0.1|-4|0|0|4|0","3","720","1","1","0","1","0","0","0","0"
"pro-596","Kunai","1|0.1|-4|0|0|4|0","3","768","1","1","0","1","0","0","0","0"
"pro-596","Kunai","1|0.1|-4|0|0|4|0","3","960","2","1","0","1","1","1","0","0"
"pro-596","Kunai","1|0.1|-4|0|0|4|0","3","1024","2","1","0","1","1","1","0","0"
"pro-596","Kunai","1|0.1|-4|0|0|4|0","3","1080","2","1","0","1","1","1","0","0"
"pro-596","Kunai","1|0.1|-4|0|0|4|0","3","1440","3","1","0","1","1","0","0","1"
"pro-596","Kunai","1|0.1|-4|0|0|4|0","3","2160","4","1","0","1","0","0","0","1"
"pro-597","Kursy","1|1|-4|0|0|4|0","1","720","1","1","0","1","0","0","0","1"
"pro-597","Kursy","1|1|-4|0|0|4|0","1","768","1","1","0","1","0","0","0","1"
"pro-597","Kursy","1|1|-4|0|0|4|0","1","960","2","2","1","1","1","1","1","0"
"pro-597","Kursy","1|1|-4|0|0|4|0","1","1024","2","2","1","1","1","1","1","0"
"pro-597","Kursy","1|1|-4|0|0|4|0","1","1080","2","2","1","1","1","1","1","1"
"pro-597","Kursy","1|1|-4|0|0|4|0","1","1440","3","3","1","1","1","0","0","1"
"pro-597","Kursy","1|1|-4|0|0|4|0","1","2160","4","4","2","1","0","0","0","1"
"pro-598","Kvem","1|1|-4|0|0|4|0","1","720","1","1","0","1","0","0","0","1"
"pro-598","Kvem","1|1|-4|0|0|4|0","1","768","1","1","0","1","0","0","0","1"
"pro-598","Kvem","1|1|-4|0|0|4|0","1","960","2","2","1","1","1","1","1","0"
"pro-598","Kvem","1|1|-4|0|0|4|0","1","1024","2","2","1","1","1","1","1","0"
"pro-598","Kvem","1|1|-4|0|0|4|0","1","1080","2","2","1","1","1","1","1","1"
"pro-598","Kvem","1|1|-4|0|0|4|0","1","1440","3","3","1","1","1","0","0","1"
"pro-598","Kvem","1|1|-4|0|0|4|0","1","2160","4","4","2","1","0","0","0","1"
"pro-599","KWERTZZ","2|1|-3|0|0|4|0","3","720","3","1","1","1","0","0","0","1"
"pro-599","KWERTZZ","2|1|-3|0|0|4|0","3","768","3","1","1","1","0","0","0","1"
"pro-599","KWERTZZ","2|1|-3|0|0|4|0","3","960","4","2","2","1","1","1","1","0"
"pro-599","KWERTZZ","2|1|-3|0|0|4|0","3","1024","4","2","2","1","1","1","1","0"
"pro-599","KWERTZZ","2|1|-3|0|0|4|0","3","1080","4","2","2","1","0","1","1","1"
"pro-599","KWERTZZ","2|1|-3|0|0|4|0","3","1440","6","3","2","1","1","0","0","1"
"pro-599","KWERTZZ","2|1|-3|0|0|4|0","3","2160","9","4","3","1","0","0","0","1"
"pro-600","kwezz","1.5|0|-4|1|0|4|0","1","720","2","1","0","1","1","0","0","1"
"pro-600","kwezz","1.5|0|-4|1|0|4|0","1","768","2","1","0","1","1","0","0","1"
"pro-600","kwezz","1.5|0|-4|1|0|4|0","1","960","3","1","0","1","1","1","0","1"
"pro-600","kwezz","1.5|0|-4|1|0|4|0","1","1024","3","1","0","1","1","1","0","1"
"pro-600","kwezz","1.5|0|-4|1|0|4|0","1","1080","3","1","0","1","1","1","0","1"
"pro-600","kwezz","1.5|0|-4|1|0|4|0","1","1440","4","1","0","1","0","0","0","1"
"pro-600","kwezz","1.5|0|-4|1|0|4|0","1","2160","6","1","0","1","0","0","0","1"
"pro-601","kye","1|1|-4|0|0|4|0","1","720","1","1","0","1","0","0","0","1"
"pro-601","kye","1|1|-4|0|0|4|0","1","768","1","1","0","1","0","0","0","1"
"pro-601","kye","1|1|-4|0|0|4|0","1","960","2","2","1","1","1","1","1","0"
"pro-601","kye","1|1|-4|0|0|4|0","1","1024","2","2","1","1","1","1","1","0"
"pro-601","kye","1|1|-4|0|0|4|0","1","1080","2","2","1","1","1","1","1","1"
"pro-601","kye","1|1|-4|0|0|4|0","1","1440","3","3","1","1","1","0","0","1"
"pro-601","kye","1|1|-4|0|0|4|0","1","2160","4","4","2","1","0","0","0","1"
"pro-602","Kylar","1|1|-3.5|0|0|4|0","4","720","1","1","0","1","0","0","0","0"
"pro-602","Kylar","1|1|-3.5|0|0|4|0","4","768","1","1","0","1","0","0","0","0"
"pro-602","Kylar","1|1|-3.5|0|0|4|0","4","960","2","2","1","1","1","1","1","1"
"pro-602","Kylar","1|1|-3.5|0|0|4|0","4","1024","2","2","1","1","1","1","1","1"
"pro-602","Kylar","1|1|-3.5|0|0|4|0","4","1080","2","2","1","1","1","1","1","1"
"pro-602","Kylar","1|1|-3.5|0|0|4|0","4","1440","3","3","1","1","1","0","0","1"
"pro-602","Kylar","1|1|-3.5|0|0|4|0","4","2160","4","4","2","1","0","0","0","1"
"pro-603","kyuubii","1|1|-4|0|0|4|0","1","720","1","1","0","1","0","0","0","1"
"pro-603","kyuubii","1|1|-4|0|0|4|0","1","768","1","1","0","1","0","0","0","1"
"pro-603","kyuubii","1|1|-4|0|0|4|0","1","960","2","2","1","1","1","1","1","0"
"pro-603","kyuubii","1|1|-4|0|0|4|0","1","1024","2","2","1","1","1","1","1","0"
"pro-603","kyuubii","1|1|-4|0|0|4|0","1","1080","2","2","1","1","1","1","1","1"
"pro-603","kyuubii","1|1|-4|0|0|4|0","1","1440","3","3","1","1","1","0","0","1"
"pro-603","kyuubii","1|1|-4|0|0|4|0","1","2160","4","4","2","1","0","0","0","1"
"pro-604","kyxsan","2|0|-3|0|0|4|0","3","720","3","1","1","1","1","0","0","1"
"pro-604","kyxsan","2|0|-3|0|0|4|0","3","768","3","1","1","1","1","0","0","1"
"pro-604","kyxsan","2|0|-3|0|0|4|0","3","960","4","1","1","1","1","1","0","1"
"pro-604","kyxsan","2|0|-3|0|0|4|0","3","1024","4","1","1","1","1","1","0","1"
"pro-604","kyxsan","2|0|-3|0|0|4|0","3","1080","4","1","1","1","0","1","0","1"
"pro-604","kyxsan","2|0|-3|0|0|4|0","3","1440","6","1","1","1","1","0","0","1"
"pro-604","kyxsan","2|0|-3|0|0|4|0","3","2160","9","1","1","1","1","0","0","1"
"pro-605","L00m1","1|1|-4|0|0|4|0","1","720","1","1","0","1","0","0","0","1"
"pro-605","L00m1","1|1|-4|0|0|4|0","1","768","1","1","0","1","0","0","0","1"
"pro-605","L00m1","1|1|-4|0|0|4|0","1","960","2","2","1","1","1","1","1","0"
"pro-605","L00m1","1|1|-4|0|0|4|0","1","1024","2","2","1","1","1","1","1","0"
"pro-605","L00m1","1|1|-4|0|0|4|0","1","1080","2","2","1","1","1","1","1","1"
"pro-605","L00m1","1|1|-4|0|0|4|0","1","1440","3","3","1","1","1","0","0","1"
"pro-605","L00m1","1|1|-4|0|0|4|0","1","2160","4","4","2","1","0","0","0","1"
"pro-606","L1haNg","0.9|0.7|-4.5|0|0|4|0","3","720","1","1","0","1","1","1","0","0"
"pro-606","L1haNg","0.9|0.7|-4.5|0|0|4|0","3","768","1","1","0","1","1","1","0","0"
"pro-606","L1haNg","0.9|0.7|-4.5|0|0|4|0","3","960","1","1","0","1","0","1","0","1"
"pro-606","L1haNg","0.9|0.7|-4.5|0|0|4|0","3","1024","1","1","0","1","0","1","0","0"
"pro-606","L1haNg","0.9|0.7|-4.5|0|0|4|0","3","1080","2","1","0","1","0","0","0","1"
"pro-606","L1haNg","0.9|0.7|-4.5|0|0|4|0","3","1440","2","2","1","1","0","0","0","0"
"pro-606","L1haNg","0.9|0.7|-4.5|0|0|4|0","3","2160","4","3","1","1","1","0","0","1"
"pro-607","Lack1","1|0|-4|0|0|4|0","3","720","1","1","0","1","0","0","0","1"
"pro-607","Lack1","1|0|-4|0|0|4|0","3","768","1","1","0","1","0","0","0","1"
"pro-607","Lack1","1|0|-4|0|0|4|0","3","960","2","1","0","1","1","1","0","1"
"pro-607","Lack1","1|0|-4|0|0|4|0","3","1024","2","1","0","1","1","1","0","1"
"pro-607","Lack1","1|0|-4|0|0|4|0","3","1080","2","1","0","1","1","1","0","1"
"pro-607","Lack1","1|0|-4|0|0|4|0","3","1440","3","1","0","1","1","0","0","1"
"pro-607","Lack1","1|0|-4|0|0|4|0","3","2160","4","1","0","1","0","0","0","1"
"pro-608","LaiKeXu","0.5|0.3|-3.1|0|0|4|0","0","720","0","1","0","1","0","0","0","1"
"pro-608","LaiKeXu","0.5|0.3|-3.1|0|0|4|0","0","768","0","1","0","1","0","0","0","1"
"pro-608","LaiKeXu","0.5|0.3|-3.1|0|0|4|0","0","960","1","1","0","1","1","1","0","0"
"pro-608","LaiKeXu","0.5|0.3|-3.1|0|0|4|0","0","1024","1","1","0","1","1","1","0","0"
"pro-608","LaiKeXu","0.5|0.3|-3.1|0|0|4|0","0","1080","1","1","0","1","1","1","0","0"
"pro-608","LaiKeXu","0.5|0.3|-3.1|0|0|4|0","0","1440","1","1","0","1","0","1","0","0"
"pro-608","LaiKeXu","0.5|0.3|-3.1|0|0|4|0","0","2160","2","1","0","1","1","0","0","0"
"pro-609","Lake","0.9|0|-2|0|0|4|0","1","720","1","1","2","1","1","1","0","1"
"pro-609","Lake","0.9|0|-2|0|0|4|0","1","768","1","1","2","1","1","1","0","1"
"pro-609","Lake","0.9|0|-2|0|0|4|0","1","960","1","1","2","1","0","1","0","1"
"pro-609","Lake","0.9|0|-2|0|0|4|0","1","1024","1","1","2","1","0","1","0","0"
"pro-609","Lake","0.9|0|-2|0|0|4|0","1","1080","2","1","2","1","1","0","0","1"
"pro-609","Lake","0.9|0|-2|0|0|4|0","1","1440","2","1","2","1","0","0","0","1"
"pro-609","Lake","0.9|0|-2|0|0|4|0","1","2160","4","1","2","1","1","0","0","1"
"pro-610","lampada","2|0|-3|0|0|4|0","3","720","3","1","1","1","1","0","0","1"
"pro-610","lampada","2|0|-3|0|0|4|0","3","768","3","1","1","1","1","0","0","1"
"pro-610","lampada","2|0|-3|0|0|4|0","3","960","4","1","1","1","1","1","0","1"
"pro-610","lampada","2|0|-3|0|0|4|0","3","1024","4","1","1","1","1","1","0","1"
"pro-610","lampada","2|0|-3|0|0|4|0","3","1080","4","1","1","1","0","1","0","1"
"pro-610","lampada","2|0|-3|0|0|4|0","3","1440","6","1","1","1","1","0","0","1"
"pro-610","lampada","2|0|-3|0|0|4|0","3","2160","9","1","1","1","1","0","0","1"
"pro-611","lan","1|0|-4|0|0|4|0","3","720","1","1","0","1","0","0","0","1"
"pro-611","lan","1|0|-4|0|0|4|0","3","768","1","1","0","1","0","0","0","1"
"pro-611","lan","1|0|-4|0|0|4|0","3","960","2","1","0","1","1","1","0","1"
"pro-611","lan","1|0|-4|0|0|4|0","3","1024","2","1","0","1","1","1","0","1"
"pro-611","lan","1|0|-4|0|0|4|0","3","1080","2","1","0","1","1","1","0","1"
"pro-611","lan","1|0|-4|0|0|4|0","3","1440","3","1","0","1","1","0","0","1"
"pro-611","lan","1|0|-4|0|0|4|0","3","2160","4","1","0","1","0","0","0","1"
"pro-612","laser","2|1|-2|0|0|4|0","0","720","3","1","2","1","0","0","0","1"
"pro-612","laser","2|1|-2|0|0|4|0","0","768","3","1","2","1","0","0","0","1"
"pro-612","laser","2|1|-2|0|0|4|0","0","960","4","2","3","1","1","1","1","0"
"pro-612","laser","2|1|-2|0|0|4|0","0","1024","4","2","3","1","1","1","1","0"
"pro-612","laser","2|1|-2|0|0|4|0","0","1080","4","2","3","1","0","1","1","0"
"pro-612","laser","2|1|-2|0|0|4|0","0","1440","6","3","3","1","1","0","0","1"
"pro-612","laser","2|1|-2|0|0|4|0","0","2160","9","4","4","1","0","0","0","1"
"pro-613","latto","1|1|-4|0|0|4|0","1","720","1","1","0","1","0","0","0","1"
"pro-613","latto","1|1|-4|0|0|4|0","1","768","1","1","0","1","0","0","0","1"
"pro-613","latto","1|1|-4|0|0|4|0","1","960","2","2","1","1","1","1","1","0"
"pro-613","latto","1|1|-4|0|0|4|0","1","1024","2","2","1","1","1","1","1","0"
"pro-613","latto","1|1|-4|0|0|4|0","1","1080","2","2","1","1","1","1","1","1"
"pro-613","latto","1|1|-4|0|0|4|0","1","1440","3","3","1","1","1","0","0","1"
"pro-613","latto","1|1|-4|0|0|4|0","1","2160","4","4","2","1","0","0","0","1"
"pro-614","lattykk","2|0|-3|0|0|4|0","3","720","3","1","1","1","1","0","0","1"
"pro-614","lattykk","2|0|-3|0|0|4|0","3","768","3","1","1","1","1","0","0","1"
"pro-614","lattykk","2|0|-3|0|0|4|0","3","960","4","1","1","1","1","1","0","1"
"pro-614","lattykk","2|0|-3|0|0|4|0","3","1024","4","1","1","1","1","1","0","1"
"pro-614","lattykk","2|0|-3|0|0|4|0","3","1080","4","1","1","1","0","1","0","1"
"pro-614","lattykk","2|0|-3|0|0|4|0","3","1440","6","1","1","1","1","0","0","1"
"pro-614","lattykk","2|0|-3|0|0|4|0","3","2160","9","1","1","1","1","0","0","1"
"pro-615","laxiee","1|1|-4|0|0|4|0","1","720","1","1","0","1","0","0","0","1"
"pro-615","laxiee","1|1|-4|0|0|4|0","1","768","1","1","0","1","0","0","0","1"
"pro-615","laxiee","1|1|-4|0|0|4|0","1","960","2","2","1","1","1","1","1","0"
"pro-615","laxiee","1|1|-4|0|0|4|0","1","1024","2","2","1","1","1","1","1","0"
"pro-615","laxiee","1|1|-4|0|0|4|0","1","1080","2","2","1","1","1","1","1","1"
"pro-615","laxiee","1|1|-4|0|0|4|0","1","1440","3","3","1","1","1","0","0","1"
"pro-615","laxiee","1|1|-4|0|0|4|0","1","2160","4","4","2","1","0","0","0","1"
"pro-616","Laykinn","0.8|0.8|-3.6|0|0|4|0","4","720","1","1","0","1","1","1","0","1"
"pro-616","Laykinn","0.8|0.8|-3.6|0|0|4|0","4","768","1","1","0","1","1","1","0","1"
"pro-616","Laykinn","0.8|0.8|-3.6|0|0|4|0","4","960","1","1","0","1","0","1","0","0"
"pro-616","Laykinn","0.8|0.8|-3.6|0|0|4|0","4","1024","1","1","0","1","0","1","0","0"
"pro-616","Laykinn","0.8|0.8|-3.6|0|0|4|0","4","1080","1","1","0","1","0","1","0","0"
"pro-616","Laykinn","0.8|0.8|-3.6|0|0|4|0","4","1440","2","2","1","1","1","0","0","1"
"pro-616","Laykinn","0.8|0.8|-3.6|0|0|4|0","4","2160","3","3","1","1","0","0","0","0"
"pro-617","leae","1|1|-4|0|0|4|0","1","720","1","1","0","1","0","0","0","1"
"pro-617","leae","1|1|-4|0|0|4|0","1","768","1","1","0","1","0","0","0","1"
"pro-617","leae","1|1|-4|0|0|4|0","1","960","2","2","1","1","1","1","1","0"
"pro-617","leae","1|1|-4|0|0|4|0","1","1024","2","2","1","1","1","1","1","0"
"pro-617","leae","1|1|-4|0|0|4|0","1","1080","2","2","1","1","1","1","1","1"
"pro-617","leae","1|1|-4|0|0|4|0","1","1440","3","3","1","1","1","0","0","1"
"pro-617","leae","1|1|-4|0|0|4|0","1","2160","4","4","2","1","0","0","0","1"
"pro-618","leakz","2.2|1|-1.6|0|0|4|0","3","720","3","1","2","1","0","0","0","1"
"pro-618","leakz","2.2|1|-1.6|0|0|4|0","3","768","3","1","2","1","0","0","0","0"
"pro-618","leakz","2.2|1|-1.6|0|0|4|0","3","960","4","2","3","1","1","1","1","1"
"pro-618","leakz","2.2|1|-1.6|0|0|4|0","3","1024","4","2","3","1","0","1","1","1"
"pro-618","leakz","2.2|1|-1.6|0|0|4|0","3","1080","4","2","3","1","0","1","1","0"
"pro-618","leakz","2.2|1|-1.6|0|0|4|0","3","1440","6","3","3","1","0","0","0","1"
"pro-618","leakz","2.2|1|-1.6|0|0|4|0","3","2160","9","4","4","1","0","0","0","0"
"pro-619","LEARSI","2|0|-3|0|0|4|0","3","720","3","1","1","1","1","0","0","1"
"pro-619","LEARSI","2|0|-3|0|0|4|0","3","768","3","1","1","1","1","0","0","1"
"pro-619","LEARSI","2|0|-3|0|0|4|0","3","960","4","1","1","1","1","1","0","1"
"pro-619","LEARSI","2|0|-3|0|0|4|0","3","1024","4","1","1","1","1","1","0","1"
"pro-619","LEARSI","2|0|-3|0|0|4|0","3","1080","4","1","1","1","0","1","0","1"
"pro-619","LEARSI","2|0|-3|0|0|4|0","3","1440","6","1","1","1","1","0","0","1"
"pro-619","LEARSI","2|0|-3|0|0|4|0","3","2160","9","1","1","1","1","0","0","1"
"pro-620","leen","1|1|-3.2|0|0|4|0","0","720","1","1","0","1","0","0","0","0"
"pro-620","leen","1|1|-3.2|0|0|4|0","0","768","1","1","0","1","0","0","0","0"
"pro-620","leen","1|1|-3.2|0|0|4|0","0","960","2","2","1","1","1","1","1","1"
"pro-620","leen","1|1|-3.2|0|0|4|0","0","1024","2","2","1","1","1","1","1","1"
"pro-620","leen","1|1|-3.2|0|0|4|0","0","1080","2","2","1","1","1","1","1","1"
"pro-620","leen","1|1|-3.2|0|0|4|0","0","1440","3","3","1","1","1","0","0","0"
"pro-620","leen","1|1|-3.2|0|0|4|0","0","2160","4","4","2","1","0","0","0","0"
"pro-621","Lekr0","2|0.5|-3|0|0|4|0","1","720","3","1","1","1","1","0","0","1"
"pro-621","Lekr0","2|0.5|-3|0|0|4|0","1","768","3","1","1","1","1","0","0","1"
"pro-621","Lekr0","2|0.5|-3|0|0|4|0","1","960","4","1","1","1","1","1","1","1"
"pro-621","Lekr0","2|0.5|-3|0|0|4|0","1","1024","4","1","1","1","1","1","1","1"
"pro-621","Lekr0","2|0.5|-3|0|0|4|0","1","1080","4","1","1","1","0","1","1","1"
"pro-621","Lekr0","2|0.5|-3|0|0|4|0","1","1440","6","1","1","1","0","0","0","1"
"pro-621","Lekr0","2|0.5|-3|0|0|4|0","1","2160","9","2","2","1","1","0","0","1"
"pro-622","lenci","2.5|0.5|-3|0|0|4|0","1","720","3","1","1","1","0","0","0","1"
"pro-622","lenci","2.5|0.5|-3|0|0|4|0","1","768","4","1","1","1","1","0","1","1"
"pro-622","lenci","2.5|0.5|-3|0|0|4|0","1","960","5","1","1","1","1","1","0","1"
"pro-622","lenci","2.5|0.5|-3|0|0|4|0","1","1024","5","1","1","1","1","1","0","1"
"pro-622","lenci","2.5|0.5|-3|0|0|4|0","1","1080","5","1","1","1","0","1","0","1"
"pro-622","lenci","2.5|0.5|-3|0|0|4|0","1","1440","7","1","1","1","0","0","0","1"
"pro-622","lenci","2.5|0.5|-3|0|0|4|0","1","2160","11","2","2","1","1","0","0","1"
"pro-623","leo_drk","1|0.5|-2|0|0|4|0","1","720","1","1","2","1","0","0","0","1"
"pro-623","leo_drk","1|0.5|-2|0|0|4|0","1","768","1","1","2","1","0","0","0","1"
"pro-623","leo_drk","1|0.5|-2|0|0|4|0","1","960","2","1","2","1","1","1","1","1"
"pro-623","leo_drk","1|0.5|-2|0|0|4|0","1","1024","2","1","2","1","1","1","1","1"
"pro-623","leo_drk","1|0.5|-2|0|0|4|0","1","1080","2","1","2","1","1","1","1","1"
"pro-623","leo_drk","1|0.5|-2|0|0|4|0","1","1440","3","1","2","1","0","0","0","1"
"pro-623","leo_drk","1|0.5|-2|0|0|4|0","1","2160","4","2","3","1","0","0","0","0"
"pro-624","Leomonster","1|1|-4|0|0|4|0","1","720","1","1","0","1","0","0","0","1"
"pro-624","Leomonster","1|1|-4|0|0|4|0","1","768","1","1","0","1","0","0","0","1"
"pro-624","Leomonster","1|1|-4|0|0|4|0","1","960","2","2","1","1","1","1","1","0"
"pro-624","Leomonster","1|1|-4|0|0|4|0","1","1024","2","2","1","1","1","1","1","0"
"pro-624","Leomonster","1|1|-4|0|0|4|0","1","1080","2","2","1","1","1","1","1","1"
"pro-624","Leomonster","1|1|-4|0|0|4|0","1","1440","3","3","1","1","1","0","0","1"
"pro-624","Leomonster","1|1|-4|0|0|4|0","1","2160","4","4","2","1","0","0","0","1"
"pro-625","leri511","1|1|-4|0|0|4|0","1","720","1","1","0","1","0","0","0","1"
"pro-625","leri511","1|1|-4|0|0|4|0","1","768","1","1","0","1","0","0","0","1"
"pro-625","leri511","1|1|-4|0|0|4|0","1","960","2","2","1","1","1","1","1","0"
"pro-625","leri511","1|1|-4|0|0|4|0","1","1024","2","2","1","1","1","1","1","0"
"pro-625","leri511","1|1|-4|0|0|4|0","1","1080","2","2","1","1","1","1","1","1"
"pro-625","leri511","1|1|-4|0|0|4|0","1","1440","3","3","1","1","1","0","0","1"
"pro-625","leri511","1|1|-4|0|0|4|0","1","2160","4","4","2","1","0","0","0","1"
"pro-626","levi","0.9|1|-4|0|0|4|0","2","720","1","1","0","1","0","0","0","1"
"pro-626","levi","0.9|1|-4|0|0|4|0","2","768","1","1","0","1","0","0","0","1"
"pro-626","levi","0.9|1|-4|0|0|4|0","2","960","1","2","1","1","0","1","0","0"
"pro-626","levi","0.9|1|-4|0|0|4|0","2","1024","1","2","1","1","0","1","0","0"
"pro-626","levi","0.9|1|-4|0|0|4|0","2","1080","2","2","1","1","1","0","0","1"
"pro-626","levi","0.9|1|-4|0|0|4|0","2","1440","2","3","1","1","0","0","0","1"
"pro-626","levi","0.9|1|-4|0|0|4|0","2","2160","4","4","2","1","0","0","0","1"
"pro-627","Lewis","1|1|-4|0|0|4|0","1","720","1","1","0","1","0","0","0","1"
"pro-627","Lewis","1|1|-4|0|0|4|0","1","768","1","1","0","1","0","0","0","1"
"pro-627","Lewis","1|1|-4|0|0|4|0","1","960","2","2","1","1","1","1","1","0"
"pro-627","Lewis","1|1|-4|0|0|4|0","1","1024","2","2","1","1","1","1","1","0"
"pro-627","Lewis","1|1|-4|0|0|4|0","1","1080","2","2","1","1","1","1","1","1"
"pro-627","Lewis","1|1|-4|0|0|4|0","1","1440","3","3","1","1","1","0","0","1"
"pro-627","Lewis","1|1|-4|0|0|4|0","1","2160","4","4","2","1","0","0","0","1"
"pro-628","Liazz","1|0|-4.5|0|0|4|0","2","720","1","1","0","1","0","0","0","0"
"pro-628","Liazz","1|0|-4.5|0|0|4|0","2","768","1","1","0","1","0","0","0","0"
"pro-628","Liazz","1|0|-4.5|0|0|4|0","2","960","2","1","0","1","1","1","0","0"
"pro-628","Liazz","1|0|-4.5|0|0|4|0","2","1024","2","1","0","1","1","1","0","0"
"pro-628","Liazz","1|0|-4.5|0|0|4|0","2","1080","2","1","0","1","1","1","0","0"
"pro-628","Liazz","1|0|-4.5|0|0|4|0","2","1440","3","1","0","1","1","0","0","1"
"pro-628","Liazz","1|0|-4.5|0|0|4|0","2","2160","4","1","0","1","0","0","0","1"
"pro-629","lmbt","2|1|-1|0|0|4|0","4","720","3","1","3","1","0","0","0","1"
"pro-629","lmbt","2|1|-1|0|0|4|0","4","768","3","1","3","1","0","0","0","1"
"pro-629","lmbt","2|1|-1|0|0|4|0","4","960","4","2","4","1","1","1","1","0"
"pro-629","lmbt","2|1|-1|0|0|4|0","4","1024","4","2","4","1","1","1","1","0"
"pro-629","lmbt","2|1|-1|0|0|4|0","4","1080","4","2","4","1","0","1","1","0"
"pro-629","lmbt","2|1|-1|0|0|4|0","4","1440","6","3","4","1","1","0","0","1"
"pro-629","lmbt","2|1|-1|0|0|4|0","4","2160","9","4","5","1","0","0","0","1"
"pro-630","LNZ","1|0|-3|1|0|4|0","2","720","1","1","1","1","0","0","0","1"
"pro-630","LNZ","1|0|-3|1|0|4|0","2","768","1","1","1","1","0","0","0","1"
"pro-630","LNZ","1|0|-3|1|0|4|0","2","960","2","1","1","1","1","1","0","1"
"pro-630","LNZ","1|0|-3|1|0|4|0","2","1024","2","1","1","1","1","1","0","1"
"pro-630","LNZ","1|0|-3|1|0|4|0","2","1080","2","1","1","1","1","1","0","1"
"pro-630","LNZ","1|0|-3|1|0|4|0","2","1440","3","1","1","1","1","0","0","1"
"pro-630","LNZ","1|0|-3|1|0|4|0","2","2160","4","1","1","1","0","0","0","1"
"pro-632","lov1kus","1|1|-4|0|0|4|0","1","720","1","1","0","1","0","0","0","1"
"pro-632","lov1kus","1|1|-4|0|0|4|0","1","768","1","1","0","1","0","0","0","1"
"pro-632","lov1kus","1|1|-4|0|0|4|0","1","960","2","2","1","1","1","1","1","0"
"pro-632","lov1kus","1|1|-4|0|0|4|0","1","1024","2","2","1","1","1","1","1","0"
"pro-632","lov1kus","1|1|-4|0|0|4|0","1","1080","2","2","1","1","1","1","1","1"
"pro-632","lov1kus","1|1|-4|0|0|4|0","1","1440","3","3","1","1","1","0","0","1"
"pro-632","lov1kus","1|1|-4|0|0|4|0","1","2160","4","4","2","1","0","0","0","1"
"pro-633","Lucaozy","2|0|-3|0|0|4|0","3","720","3","1","1","1","1","0","0","1"
"pro-633","Lucaozy","2|0|-3|0|0|4|0","3","768","3","1","1","1","1","0","0","1"
"pro-633","Lucaozy","2|0|-3|0|0|4|0","3","960","4","1","1","1","1","1","0","1"
"pro-633","Lucaozy","2|0|-3|0|0|4|0","3","1024","4","1","1","1","1","1","0","1"
"pro-633","Lucaozy","2|0|-3|0|0|4|0","3","1080","4","1","1","1","0","1","0","1"
"pro-633","Lucaozy","2|0|-3|0|0|4|0","3","1440","6","1","1","1","1","0","0","1"
"pro-633","Lucaozy","2|0|-3|0|0|4|0","3","2160","9","1","1","1","1","0","0","1"
"pro-634","luchov","2|0|-3|0|0|4|0","3","720","3","1","1","1","1","0","0","1"
"pro-634","luchov","2|0|-3|0|0|4|0","3","768","3","1","1","1","1","0","0","1"
"pro-634","luchov","2|0|-3|0|0|4|0","3","960","4","1","1","1","1","1","0","1"
"pro-634","luchov","2|0|-3|0|0|4|0","3","1024","4","1","1","1","1","1","0","1"
"pro-634","luchov","2|0|-3|0|0|4|0","3","1080","4","1","1","1","0","1","0","1"
"pro-634","luchov","2|0|-3|0|0|4|0","3","1440","6","1","1","1","1","0","0","1"
"pro-634","luchov","2|0|-3|0|0|4|0","3","2160","9","1","1","1","1","0","0","1"
"pro-635","Lucky (Denmark)","1.5|1|-3|1|0|4|0","1","720","2","1","1","1","0","0","0","1"
"pro-635","Lucky (Denmark)","1.5|1|-3|1|0|4|0","1","768","2","1","1","1","0","0","0","1"
"pro-635","Lucky (Denmark)","1.5|1|-3|1|0|4|0","1","960","3","2","2","1","1","1","0","0"
"pro-635","Lucky (Denmark)","1.5|1|-3|1|0|4|0","1","1024","3","2","2","1","1","1","0","0"
"pro-635","Lucky (Denmark)","1.5|1|-3|1|0|4|0","1","1080","3","2","2","1","1","1","0","1"
"pro-635","Lucky (Denmark)","1.5|1|-3|1|0|4|0","1","1440","4","3","2","1","0","0","0","1"
"pro-635","Lucky (Denmark)","1.5|1|-3|1|0|4|0","1","2160","6","4","3","1","0","0","0","1"
"pro-636","Lucky (France)","1|0|-3|1|0|4|0","2","720","1","1","1","1","0","0","0","1"
"pro-636","Lucky (France)","1|0|-3|1|0|4|0","2","768","1","1","1","1","0","0","0","1"
"pro-636","Lucky (France)","1|0|-3|1|0|4|0","2","960","2","1","1","1","1","1","0","1"
"pro-636","Lucky (France)","1|0|-3|1|0|4|0","2","1024","2","1","1","1","1","1","0","1"
"pro-636","Lucky (France)","1|0|-3|1|0|4|0","2","1080","2","1","1","1","1","1","0","1"
"pro-636","Lucky (France)","1|0|-3|1|0|4|0","2","1440","3","1","1","1","1","0","0","1"
"pro-636","Lucky (France)","1|0|-3|1|0|4|0","2","2160","4","1","1","1","0","0","0","1"
"pro-637","Luken","1|1|-4|0|0|4|0","1","720","1","1","0","1","0","0","0","1"
"pro-637","Luken","1|1|-4|0|0|4|0","1","768","1","1","0","1","0","0","0","1"
"pro-637","Luken","1|1|-4|0|0|4|0","1","960","2","2","1","1","1","1","1","0"
"pro-637","Luken","1|1|-4|0|0|4|0","1","1024","2","2","1","1","1","1","1","0"
"pro-637","Luken","1|1|-4|0|0|4|0","1","1080","2","2","1","1","1","1","1","1"
"pro-637","Luken","1|1|-4|0|0|4|0","1","1440","3","3","1","1","1","0","0","1"
"pro-637","Luken","1|1|-4|0|0|4|0","1","2160","4","4","2","1","0","0","0","1"
"pro-638","lunAtic","0|2|-2|1|0|4|0","1","720","0","3","3","1","1","0","0","1"
"pro-638","lunAtic","0|2|-2|1|0|4|0","1","768","0","3","3","1","1","0","0","1"
"pro-638","lunAtic","0|2|-2|1|0|4|0","1","960","0","4","4","1","1","1","1","0"
"pro-638","lunAtic","0|2|-2|1|0|4|0","1","1024","0","4","4","1","1","1","1","0"
"pro-638","lunAtic","0|2|-2|1|0|4|0","1","1080","0","4","4","1","0","1","1","1"
"pro-638","lunAtic","0|2|-2|1|0|4|0","1","1440","0","6","5","1","1","0","0","0"
"pro-638","lunAtic","0|2|-2|1|0|4|0","1","2160","0","9","6","1","1","0","0","0"
"pro-639","lux","1.5|0.1|-3|0|0|4|0","0","720","2","1","1","1","1","0","0","0"
"pro-639","lux","1.5|0.1|-3|0|0|4|0","0","768","2","1","1","1","1","0","0","0"
"pro-639","lux","1.5|0.1|-3|0|0|4|0","0","960","3","1","1","1","1","1","0","0"
"pro-639","lux","1.5|0.1|-3|0|0|4|0","0","1024","3","1","1","1","1","1","0","0"
"pro-639","lux","1.5|0.1|-3|0|0|4|0","0","1080","3","1","1","1","1","1","0","0"
"pro-639","lux","1.5|0.1|-3|0|0|4|0","0","1440","4","1","1","1","0","0","0","1"
"pro-639","lux","1.5|0.1|-3|0|0|4|0","0","2160","6","1","1","1","0","0","0","1"
"pro-640","LYNXi","1|0|-2|1|0|4|0","4","720","1","1","2","1","0","0","0","1"
"pro-640","LYNXi","1|0|-2|1|0|4|0","4","768","1","1","2","1","0","0","0","1"
"pro-640","LYNXi","1|0|-2|1|0|4|0","4","960","2","1","2","1","1","1","0","1"
"pro-640","LYNXi","1|0|-2|1|0|4|0","4","1024","2","1","2","1","1","1","0","1"
"pro-640","LYNXi","1|0|-2|1|0|4|0","4","1080","2","1","2","1","1","1","0","1"
"pro-640","LYNXi","1|0|-2|1|0|4|0","4","1440","3","1","2","1","1","0","0","1"
"pro-640","LYNXi","1|0|-2|1|0|4|0","4","2160","4","1","2","1","0","0","0","1"
"pro-641","m0vski","1|1|-5|0|0|4|0","4","720","1","1","-1","1","0","0","0","1"
"pro-641","m0vski","1|1|-5|0|0|4|0","4","768","1","1","-1","1","0","0","0","1"
"pro-641","m0vski","1|1|-5|0|0|4|0","4","960","2","2","0","1","1","1","1","0"
"pro-641","m0vski","1|1|-5|0|0|4|0","4","1024","2","2","0","1","1","1","1","1"
"pro-641","m0vski","1|1|-5|0|0|4|0","4","1080","2","2","0","1","1","1","1","1"
"pro-641","m0vski","1|1|-5|0|0|4|0","4","1440","3","3","0","1","1","0","0","1"
"pro-641","m0vski","1|1|-5|0|0|4|0","4","2160","4","4","1","1","0","0","0","1"
"pro-642","M1key","1.4|0.6|-2.9|0|0|4|0","3","720","2","1","1","1","1","1","0","1"
"pro-642","M1key","1.4|0.6|-2.9|0|0|4|0","3","768","2","1","1","1","1","1","0","1"
"pro-642","M1key","1.4|0.6|-2.9|0|0|4|0","3","960","2","1","1","1","0","1","0","1"
"pro-642","M1key","1.4|0.6|-2.9|0|0|4|0","3","1024","2","1","1","1","0","1","0","0"
"pro-642","M1key","1.4|0.6|-2.9|0|0|4|0","3","1080","3","1","1","1","1","0","0","1"
"pro-642","M1key","1.4|0.6|-2.9|0|0|4|0","3","1440","4","1","1","1","0","0","0","0"
"pro-642","M1key","1.4|0.6|-2.9|0|0|4|0","3","2160","6","2","2","1","0","0","0","1"
"pro-643","m1N1","1|0|-4|0|0|4|0","3","720","1","1","0","1","0","0","0","1"
"pro-643","m1N1","1|0|-4|0|0|4|0","3","768","1","1","0","1","0","0","0","1"
"pro-643","m1N1","1|0|-4|0|0|4|0","3","960","2","1","0","1","1","1","0","1"
"pro-643","m1N1","1|0|-4|0|0|4|0","3","1024","2","1","0","1","1","1","0","1"
"pro-643","m1N1","1|0|-4|0|0|4|0","3","1080","2","1","0","1","1","1","0","1"
"pro-643","m1N1","1|0|-4|0|0|4|0","3","1440","3","1","0","1","1","0","0","1"
"pro-643","m1N1","1|0|-4|0|0|4|0","3","2160","4","1","0","1","0","0","0","1"
"pro-644","m1QUSE","1|1|-4.5|0|0|4|0","4","720","1","1","0","1","0","0","0","1"
"pro-644","m1QUSE","1|1|-4.5|0|0|4|0","4","768","1","1","0","1","0","0","0","1"
"pro-644","m1QUSE","1|1|-4.5|0|0|4|0","4","960","2","2","1","1","1","1","1","0"
"pro-644","m1QUSE","1|1|-4.5|0|0|4|0","4","1024","2","2","1","1","1","1","1","0"
"pro-644","m1QUSE","1|1|-4.5|0|0|4|0","4","1080","2","2","1","1","1","1","1","0"
"pro-644","m1QUSE","1|1|-4.5|0|0|4|0","4","1440","3","3","1","1","1","0","0","0"
"pro-644","m1QUSE","1|1|-4.5|0|0|4|0","4","2160","4","4","2","1","0","0","0","0"
"pro-645","Maden","0.5|0|-5|0|0|4|0","1","720","0","1","-1","1","0","0","0","1"
"pro-645","Maden","0.5|0|-5|0|0|4|0","1","768","0","1","-1","1","0","0","0","0"
"pro-645","Maden","0.5|0|-5|0|0|4|0","1","960","1","1","-1","1","1","1","0","1"
"pro-645","Maden","0.5|0|-5|0|0|4|0","1","1024","1","1","-1","1","1","1","0","1"
"pro-645","Maden","0.5|0|-5|0|0|4|0","1","1080","1","1","-1","1","1","1","0","1"
"pro-645","Maden","0.5|0|-5|0|0|4|0","1","1440","1","1","-1","1","0","1","0","1"
"pro-645","Maden","0.5|0|-5|0|0|4|0","1","2160","2","1","-1","1","1","0","0","1"
"pro-646","mag1k3Y","1.1|0.4|-2.6|1|0|4|0","0","720","1","1","1","1","0","0","0","1"
"pro-646","mag1k3Y","1.1|0.4|-2.6|1|0|4|0","0","768","1","1","1","1","0","0","0","1"
"pro-646","mag1k3Y","1.1|0.4|-2.6|1|0|4|0","0","960","2","1","1","1","1","1","0","1"
"pro-646","mag1k3Y","1.1|0.4|-2.6|1|0|4|0","0","1024","2","1","1","1","1","1","0","1"
"pro-646","mag1k3Y","1.1|0.4|-2.6|1|0|4|0","0","1080","2","1","1","1","1","1","0","1"
"pro-646","mag1k3Y","1.1|0.4|-2.6|1|0|4|0","0","1440","3","1","1","1","1","0","0","1"
"pro-646","mag1k3Y","1.1|0.4|-2.6|1|0|4|0","0","2160","4","1","1","1","0","0","0","0"
"pro-647","Magisk","1|0|-4|0|0|4|0","3","720","1","1","0","1","0","0","0","1"
"pro-647","Magisk","1|0|-4|0|0|4|0","3","768","1","1","0","1","0","0","0","1"
"pro-647","Magisk","1|0|-4|0|0|4|0","3","960","2","1","0","1","1","1","0","1"
"pro-647","Magisk","1|0|-4|0|0|4|0","3","1024","2","1","0","1","1","1","0","1"
"pro-647","Magisk","1|0|-4|0|0|4|0","3","1080","2","1","0","1","1","1","0","1"
"pro-647","Magisk","1|0|-4|0|0|4|0","3","1440","3","1","0","1","1","0","0","1"
"pro-647","Magisk","1|0|-4|0|0|4|0","3","2160","4","1","0","1","0","0","0","1"
"pro-648","magixx","1|1|-4|0|0|4|0","1","720","1","1","0","1","0","0","0","1"
"pro-648","magixx","1|1|-4|0|0|4|0","1","768","1","1","0","1","0","0","0","1"
"pro-648","magixx","1|1|-4|0|0|4|0","1","960","2","2","1","1","1","1","1","0"
"pro-648","magixx","1|1|-4|0|0|4|0","1","1024","2","2","1","1","1","1","1","0"
"pro-648","magixx","1|1|-4|0|0|4|0","1","1080","2","2","1","1","1","1","1","1"
"pro-648","magixx","1|1|-4|0|0|4|0","1","1440","3","3","1","1","1","0","0","1"
"pro-648","magixx","1|1|-4|0|0|4|0","1","2160","4","4","2","1","0","0","0","1"
"pro-649","MaiL09","1.2|0.8|-3.4|0|0|4|0","0","720","1","1","0","1","0","0","0","0"
"pro-649","MaiL09","1.2|0.8|-3.4|0|0|4|0","0","768","1","1","0","1","0","0","0","0"
"pro-649","MaiL09","1.2|0.8|-3.4|0|0|4|0","0","960","2","1","0","1","0","1","0","0"
"pro-649","MaiL09","1.2|0.8|-3.4|0|0|4|0","0","1024","2","1","0","1","0","1","0","0"
"pro-649","MaiL09","1.2|0.8|-3.4|0|0|4|0","0","1080","2","1","0","1","0","1","0","0"
"pro-649","MaiL09","1.2|0.8|-3.4|0|0|4|0","0","1440","3","2","1","1","0","0","0","1"
"pro-649","MaiL09","1.2|0.8|-3.4|0|0|4|0","0","2160","5","3","1","1","0","0","0","0"
"pro-650","majky","1|0|-2|0|0|4|0","3","720","1","1","2","1","0","0","0","1"
"pro-650","majky","1|0|-2|0|0|4|0","3","768","1","1","2","1","0","0","0","1"
"pro-650","majky","1|0|-2|0|0|4|0","3","960","2","1","2","1","1","1","0","1"
"pro-650","majky","1|0|-2|0|0|4|0","3","1024","2","1","2","1","1","1","0","1"
"pro-650","majky","1|0|-2|0|0|4|0","3","1080","2","1","2","1","1","1","0","1"
"pro-650","majky","1|0|-2|0|0|4|0","3","1440","3","1","2","1","1","0","0","1"
"pro-650","majky","1|0|-2|0|0|4|0","3","2160","4","1","2","1","0","0","0","1"
"pro-651","Maka","1.5|0|-3|0|0|4|0","0","720","2","1","1","1","1","0","0","1"
"pro-651","Maka","1.5|0|-3|0|0|4|0","0","768","2","1","1","1","1","0","0","1"
"pro-651","Maka","1.5|0|-3|0|0|4|0","0","960","3","1","1","1","1","1","0","1"
"pro-651","Maka","1.5|0|-3|0|0|4|0","0","1024","3","1","1","1","1","1","0","1"
"pro-651","Maka","1.5|0|-3|0|0|4|0","0","1080","3","1","1","1","1","1","0","1"
"pro-651","Maka","1.5|0|-3|0|0|4|0","0","1440","4","1","1","1","0","0","0","1"
"pro-651","Maka","1.5|0|-3|0|0|4|0","0","2160","6","1","1","1","0","0","0","1"
"pro-652","makazze","1|1|-3.8|0|0|4|0","3","720","1","1","0","1","0","0","0","1"
"pro-652","makazze","1|1|-3.8|0|0|4|0","3","768","1","1","0","1","0","0","0","1"
"pro-652","makazze","1|1|-3.8|0|0|4|0","3","960","2","2","1","1","1","1","1","1"
"pro-652","makazze","1|1|-3.8|0|0|4|0","3","1024","2","2","1","1","1","1","1","1"
"pro-652","makazze","1|1|-3.8|0|0|4|0","3","1080","2","2","1","1","1","1","1","1"
"pro-652","makazze","1|1|-3.8|0|0|4|0","3","1440","3","3","1","1","1","0","0","1"
"pro-652","makazze","1|1|-3.8|0|0|4|0","3","2160","4","4","2","1","0","0","0","1"
"pro-653","malbsMd","1|1|-4|0|0|4|0","1","720","1","1","0","1","0","0","0","1"
"pro-653","malbsMd","1|1|-4|0|0|4|0","1","768","1","1","0","1","0","0","0","1"
"pro-653","malbsMd","1|1|-4|0|0|4|0","1","960","2","2","1","1","1","1","1","0"
"pro-653","malbsMd","1|1|-4|0|0|4|0","1","1024","2","2","1","1","1","1","1","0"
"pro-653","malbsMd","1|1|-4|0|0|4|0","1","1080","2","2","1","1","1","1","1","1"
"pro-653","malbsMd","1|1|-4|0|0|4|0","1","1440","3","3","1","1","1","0","0","1"
"pro-653","malbsMd","1|1|-4|0|0|4|0","1","2160","4","4","2","1","0","0","0","1"
"pro-654","MaLLby","2.5|1|-3|0|0|4|0","2","720","3","1","1","1","0","0","0","1"
"pro-654","MaLLby","2.5|1|-3|0|0|4|0","2","768","4","1","1","1","0","0","0","1"
"pro-654","MaLLby","2.5|1|-3|0|0|4|0","2","960","5","2","2","1","1","1","0","0"
"pro-654","MaLLby","2.5|1|-3|0|0|4|0","2","1024","5","2","2","1","1","1","0","0"
"pro-654","MaLLby","2.5|1|-3|0|0|4|0","2","1080","5","2","2","1","0","1","0","1"
"pro-654","MaLLby","2.5|1|-3|0|0|4|0","2","1440","7","3","2","1","0","0","0","1"
"pro-654","MaLLby","2.5|1|-3|0|0|4|0","2","2160","11","4","3","1","0","0","0","1"
"pro-655","mangeokyou","1|1|-5|0|0|4|0","4","720","1","1","-1","1","0","0","0","1"
"pro-655","mangeokyou","1|1|-5|0|0|4|0","4","768","1","1","-1","1","0","0","0","1"
"pro-655","mangeokyou","1|1|-5|0|0|4|0","4","960","2","2","0","1","1","1","1","0"
"pro-655","mangeokyou","1|1|-5|0|0|4|0","4","1024","2","2","0","1","1","1","1","1"
"pro-655","mangeokyou","1|1|-5|0|0|4|0","4","1080","2","2","0","1","1","1","1","1"
"pro-655","mangeokyou","1|1|-5|0|0|4|0","4","1440","3","3","0","1","1","0","0","1"
"pro-655","mangeokyou","1|1|-5|0|0|4|0","4","2160","4","4","1","1","0","0","0","1"
"pro-656","manguss","0|0|-3|1|0|4|0","2","720","0","1","1","1","1","1","0","1"
"pro-656","manguss","0|0|-3|1|0|4|0","2","768","0","1","1","1","1","1","0","1"
"pro-656","manguss","0|0|-3|1|0|4|0","2","960","0","1","1","1","1","1","0","1"
"pro-656","manguss","0|0|-3|1|0|4|0","2","1024","0","1","1","1","1","1","0","1"
"pro-656","manguss","0|0|-3|1|0|4|0","2","1080","0","1","1","1","1","1","0","1"
"pro-656","manguss","0|0|-3|1|0|4|0","2","1440","0","1","1","1","1","1","0","1"
"pro-656","manguss","0|0|-3|1|0|4|0","2","2160","0","1","1","1","1","1","0","1"
"pro-657","mantuu","1|1|-4|0|0|4|0","1","720","1","1","0","1","0","0","0","1"
"pro-657","mantuu","1|1|-4|0|0|4|0","1","768","1","1","0","1","0","0","0","1"
"pro-657","mantuu","1|1|-4|0|0|4|0","1","960","2","2","1","1","1","1","1","0"
"pro-657","mantuu","1|1|-4|0|0|4|0","1","1024","2","2","1","1","1","1","1","0"
"pro-657","mantuu","1|1|-4|0|0|4|0","1","1080","2","2","1","1","1","1","1","1"
"pro-657","mantuu","1|1|-4|0|0|4|0","1","1440","3","3","1","1","1","0","0","1"
"pro-657","mantuu","1|1|-4|0|0|4|0","1","2160","4","4","2","1","0","0","0","1"
"pro-658","Marek","3|0.5|-2|0|0|4|0","1","720","4","1","2","1","0","0","0","1"
"pro-658","Marek","3|0.5|-2|0|0|4|0","1","768","4","1","2","1","0","0","0","1"
"pro-658","Marek","3|0.5|-2|0|0|4|0","1","960","6","1","2","1","1","1","0","1"
"pro-658","Marek","3|0.5|-2|0|0|4|0","1","1024","6","1","2","1","1","1","0","1"
"pro-658","Marek","3|0.5|-2|0|0|4|0","1","1080","6","1","2","1","0","1","0","1"
"pro-658","Marek","3|0.5|-2|0|0|4|0","1","1440","9","1","2","1","0","0","0","1"
"pro-658","Marek","3|0.5|-2|0|0|4|0","1","2160","13","2","3","1","0","0","0","1"
"pro-659","marie","1.4|0.4|-2.3|0|0|4|0","2","720","2","1","1","1","1","1","0","1"
"pro-659","marie","1.4|0.4|-2.3|0|0|4|0","2","768","2","1","1","1","1","1","0","1"
"pro-659","marie","1.4|0.4|-2.3|0|0|4|0","2","960","2","1","1","1","0","1","0","1"
"pro-659","marie","1.4|0.4|-2.3|0|0|4|0","2","1024","2","1","1","1","0","1","0","0"
"pro-659","marie","1.4|0.4|-2.3|0|0|4|0","2","1080","3","1","1","1","1","0","0","1"
"pro-659","marie","1.4|0.4|-2.3|0|0|4|0","2","1440","4","1","1","1","1","0","0","0"
"pro-659","marie","1.4|0.4|-2.3|0|0|4|0","2","2160","6","1","1","1","0","0","0","0"
"pro-660","MarKE","1|1|-3|0|0|4|0","1","720","1","1","1","1","0","0","0","1"
"pro-660","MarKE","1|1|-3|0|0|4|0","1","768","1","1","1","1","0","0","0","1"
"pro-660","MarKE","1|1|-3|0|0|4|0","1","960","2","2","2","1","1","1","1","0"
"pro-660","MarKE","1|1|-3|0|0|4|0","1","1024","2","2","2","1","1","1","1","0"
"pro-660","MarKE","1|1|-3|0|0|4|0","1","1080","2","2","2","1","1","1","1","0"
"pro-660","MarKE","1|1|-3|0|0|4|0","1","1440","3","3","2","1","1","0","0","1"
"pro-660","MarKE","1|1|-3|0|0|4|0","1","2160","4","4","3","1","0","0","0","1"
"pro-661","Markoś","2|0.5|-2.5|0|0|4|0","1","720","3","1","1","1","1","0","0","1"
"pro-661","Markoś","2|0.5|-2.5|0|0|4|0","1","768","3","1","1","1","1","0","0","1"
"pro-661","Markoś","2|0.5|-2.5|0|0|4|0","1","960","4","1","1","1","1","1","1","1"
"pro-661","Markoś","2|0.5|-2.5|0|0|4|0","1","1024","4","1","1","1","1","1","1","1"
"pro-661","Markoś","2|0.5|-2.5|0|0|4|0","1","1080","4","1","1","1","0","1","1","1"
"pro-661","Markoś","2|0.5|-2.5|0|0|4|0","1","1440","6","1","1","1","0","0","0","0"
"pro-661","Markoś","2|0.5|-2.5|0|0|4|0","1","2160","9","2","2","1","1","0","0","1"
"pro-662","marTineZ","1|1|-4|0|0|4|0","1","720","1","1","0","1","0","0","0","1"
"pro-662","marTineZ","1|1|-4|0|0|4|0","1","768","1","1","0","1","0","0","0","1"
"pro-662","marTineZ","1|1|-4|0|0|4|0","1","960","2","2","1","1","1","1","1","0"
"pro-662","marTineZ","1|1|-4|0|0|4|0","1","1024","2","2","1","1","1","1","1","0"
"pro-662","marTineZ","1|1|-4|0|0|4|0","1","1080","2","2","1","1","1","1","1","1"
"pro-662","marTineZ","1|1|-4|0|0|4|0","1","1440","3","3","1","1","1","0","0","1"
"pro-662","marTineZ","1|1|-4|0|0|4|0","1","2160","4","4","2","1","0","0","0","1"
"pro-663","mASKED","3|0|0|0|0|4|0","1","720","4","1","4","1","0","0","0","1"
"pro-663","mASKED","3|0|0|0|0|4|0","1","768","4","1","4","1","0","0","0","1"
"pro-663","mASKED","3|0|0|0|0|4|0","1","960","6","1","4","1","1","1","0","1"
"pro-663","mASKED","3|0|0|0|0|4|0","1","1024","6","1","4","1","1","1","0","1"
"pro-663","mASKED","3|0|0|0|0|4|0","1","1080","6","1","4","1","0","1","0","1"
"pro-663","mASKED","3|0|0|0|0|4|0","1","1440","9","1","4","1","1","0","0","1"
"pro-663","mASKED","3|0|0|0|0|4|0","1","2160","13","1","4","1","0","0","0","1"
"pro-664","MaSvAl","2|0.5|-3|0|0|4|0","1","720","3","1","1","1","1","0","0","1"
"pro-664","MaSvAl","2|0.5|-3|0|0|4|0","1","768","3","1","1","1","1","0","0","1"
"pro-664","MaSvAl","2|0.5|-3|0|0|4|0","1","960","4","1","1","1","1","1","1","1"
"pro-664","MaSvAl","2|0.5|-3|0|0|4|0","1","1024","4","1","1","1","1","1","1","1"
"pro-664","MaSvAl","2|0.5|-3|0|0|4|0","1","1080","4","1","1","1","0","1","1","1"
"pro-664","MaSvAl","2|0.5|-3|0|0|4|0","1","1440","6","1","1","1","0","0","0","1"
"pro-664","MaSvAl","2|0.5|-3|0|0|4|0","1","2160","9","2","2","1","1","0","0","1"
"pro-665","Matheos","1|1|-4|0|0|4|0","1","720","1","1","0","1","0","0","0","1"
"pro-665","Matheos","1|1|-4|0|0|4|0","1","768","1","1","0","1","0","0","0","1"
"pro-665","Matheos","1|1|-4|0|0|4|0","1","960","2","2","1","1","1","1","1","0"
"pro-665","Matheos","1|1|-4|0|0|4|0","1","1024","2","2","1","1","1","1","1","0"
"pro-665","Matheos","1|1|-4|0|0|4|0","1","1080","2","2","1","1","1","1","1","1"
"pro-665","Matheos","1|1|-4|0|0|4|0","1","1440","3","3","1","1","1","0","0","1"
"pro-665","Matheos","1|1|-4|0|0|4|0","1","2160","4","4","2","1","0","0","0","1"
"pro-666","matios","1.5|0|-3|0|0|4|0","0","720","2","1","1","1","1","0","0","1"
"pro-666","matios","1.5|0|-3|0|0|4|0","0","768","2","1","1","1","1","0","0","1"
"pro-666","matios","1.5|0|-3|0|0|4|0","0","960","3","1","1","1","1","1","0","1"
"pro-666","matios","1.5|0|-3|0|0|4|0","0","1024","3","1","1","1","1","1","0","1"
"pro-666","matios","1.5|0|-3|0|0|4|0","0","1080","3","1","1","1","1","1","0","1"
"pro-666","matios","1.5|0|-3|0|0|4|0","0","1440","4","1","1","1","0","0","0","1"
"pro-666","matios","1.5|0|-3|0|0|4|0","0","2160","6","1","1","1","0","0","0","1"
"pro-667","MATYS","4.5|0|2|0|0|4|0","0","720","6","1","6","1","0","0","0","1"
"pro-667","MATYS","4.5|0|2|0|0|4|0","0","768","7","1","6","1","1","0","0","1"
"pro-667","MATYS","4.5|0|2|0|0|4|0","0","960","9","1","6","1","1","1","0","1"
"pro-667","MATYS","4.5|0|2|0|0|4|0","0","1024","9","1","6","1","0","1","0","1"
"pro-667","MATYS","4.5|0|2|0|0|4|0","0","1080","10","1","6","1","1","0","0","1"
"pro-667","MATYS","4.5|0|2|0|0|4|0","0","1440","13","1","6","1","0","0","0","1"
"pro-667","MATYS","4.5|0|2|0|0|4|0","0","2160","20","1","6","1","1","0","0","1"
"pro-668","max","2.5|0.6|-1.5|0|0|4|0","0","720","3","1","2","1","0","0","0","1"
"pro-668","max","2.5|0.6|-1.5|0|0|4|0","0","768","4","1","2","1","1","0","0","1"
"pro-668","max","2.5|0.6|-1.5|0|0|4|0","0","960","5","1","2","1","1","1","0","1"
"pro-668","max","2.5|0.6|-1.5|0|0|4|0","0","1024","5","1","2","1","1","1","0","1"
"pro-668","max","2.5|0.6|-1.5|0|0|4|0","0","1080","5","1","2","1","0","1","0","1"
"pro-668","max","2.5|0.6|-1.5|0|0|4|0","0","1440","7","1","2","1","0","0","0","0"
"pro-668","max","2.5|0.6|-1.5|0|0|4|0","0","2160","11","2","3","1","0","0","0","1"
"pro-669","maxster","1|0|-2|1|0|4|0","4","720","1","1","2","1","0","0","0","1"
"pro-669","maxster","1|0|-2|1|0|4|0","4","768","1","1","2","1","0","0","0","1"
"pro-669","maxster","1|0|-2|1|0|4|0","4","960","2","1","2","1","1","1","0","1"
"pro-669","maxster","1|0|-2|1|0|4|0","4","1024","2","1","2","1","1","1","0","1"
"pro-669","maxster","1|0|-2|1|0|4|0","4","1080","2","1","2","1","1","1","0","1"
"pro-669","maxster","1|0|-2|1|0|4|0","4","1440","3","1","2","1","1","0","0","1"
"pro-669","maxster","1|0|-2|1|0|4|0","4","2160","4","1","2","1","0","0","0","1"
"pro-670","maxxkor","2|0|-3|0|0|4|0","3","720","3","1","1","1","1","0","0","1"
"pro-670","maxxkor","2|0|-3|0|0|4|0","3","768","3","1","1","1","1","0","0","1"
"pro-670","maxxkor","2|0|-3|0|0|4|0","3","960","4","1","1","1","1","1","0","1"
"pro-670","maxxkor","2|0|-3|0|0|4|0","3","1024","4","1","1","1","1","1","0","1"
"pro-670","maxxkor","2|0|-3|0|0|4|0","3","1080","4","1","1","1","0","1","0","1"
"pro-670","maxxkor","2|0|-3|0|0|4|0","3","1440","6","1","1","1","1","0","0","1"
"pro-670","maxxkor","2|0|-3|0|0|4|0","3","2160","9","1","1","1","1","0","0","1"
"pro-671","mediocrity","1|1|-4|0|0|4|0","1","720","1","1","0","1","0","0","0","1"
"pro-671","mediocrity","1|1|-4|0|0|4|0","1","768","1","1","0","1","0","0","0","1"
"pro-671","mediocrity","1|1|-4|0|0|4|0","1","960","2","2","1","1","1","1","1","0"
"pro-671","mediocrity","1|1|-4|0|0|4|0","1","1024","2","2","1","1","1","1","1","0"
"pro-671","mediocrity","1|1|-4|0|0|4|0","1","1080","2","2","1","1","1","1","1","1"
"pro-671","mediocrity","1|1|-4|0|0|4|0","1","1440","3","3","1","1","1","0","0","1"
"pro-671","mediocrity","1|1|-4|0|0|4|0","1","2160","4","4","2","1","0","0","0","1"
"pro-672","Melavi","0.9|0|-3.9|0|0|4|0","4","720","1","1","0","1","1","1","0","1"
"pro-672","Melavi","0.9|0|-3.9|0|0|4|0","4","768","1","1","0","1","1","1","0","1"
"pro-672","Melavi","0.9|0|-3.9|0|0|4|0","4","960","1","1","0","1","0","1","0","0"
"pro-672","Melavi","0.9|0|-3.9|0|0|4|0","4","1024","1","1","0","1","0","1","0","0"
"pro-672","Melavi","0.9|0|-3.9|0|0|4|0","4","1080","2","1","0","1","1","0","0","1"
"pro-672","Melavi","0.9|0|-3.9|0|0|4|0","4","1440","2","1","0","1","0","0","0","1"
"pro-672","Melavi","0.9|0|-3.9|0|0|4|0","4","2160","4","1","0","1","1","0","0","1"
"pro-673","mello","1.9|0.5|-2.5|0|0|4|0","2","720","2","1","1","1","0","0","1","1"
"pro-673","mello","1.9|0.5|-2.5|0|0|4|0","2","768","3","1","1","1","1","1","0","1"
"pro-673","mello","1.9|0.5|-2.5|0|0|4|0","2","960","3","1","1","1","0","1","0","1"
"pro-673","mello","1.9|0.5|-2.5|0|0|4|0","2","1024","4","1","1","1","1","0","0","1"
"pro-673","mello","1.9|0.5|-2.5|0|0|4|0","2","1080","4","1","1","1","1","0","0","1"
"pro-673","mello","1.9|0.5|-2.5|0|0|4|0","2","1440","5","1","1","1","0","0","0","0"
"pro-673","mello","1.9|0.5|-2.5|0|0|4|0","2","2160","8","2","2","1","0","0","0","1"
"pro-674","Mercury","1.5|0.1|-2.5|0|0|4|0","4","720","2","1","1","1","1","0","0","1"
"pro-674","Mercury","1.5|0.1|-2.5|0|0|4|0","4","768","2","1","1","1","1","0","0","1"
"pro-674","Mercury","1.5|0.1|-2.5|0|0|4|0","4","960","3","1","1","1","1","1","0","1"
"pro-674","Mercury","1.5|0.1|-2.5|0|0|4|0","4","1024","3","1","1","1","1","1","0","1"
"pro-674","Mercury","1.5|0.1|-2.5|0|0|4|0","4","1080","3","1","1","1","1","1","0","1"
"pro-674","Mercury","1.5|0.1|-2.5|0|0|4|0","4","1440","4","1","1","1","0","0","0","1"
"pro-674","Mercury","1.5|0.1|-2.5|0|0|4|0","4","2160","6","1","1","1","0","0","0","1"
"pro-675","meyern","1.5|0|-3|0|0|4|0","0","720","2","1","1","1","1","0","0","1"
"pro-675","meyern","1.5|0|-3|0|0|4|0","0","768","2","1","1","1","1","0","0","1"
"pro-675","meyern","1.5|0|-3|0|0|4|0","0","960","3","1","1","1","1","1","0","1"
"pro-675","meyern","1.5|0|-3|0|0|4|0","0","1024","3","1","1","1","1","1","0","1"
"pro-675","meyern","1.5|0|-3|0|0|4|0","0","1080","3","1","1","1","1","1","0","1"
"pro-675","meyern","1.5|0|-3|0|0|4|0","0","1440","4","1","1","1","0","0","0","1"
"pro-675","meyern","1.5|0|-3|0|0|4|0","0","2160","6","1","1","1","0","0","0","1"
"pro-676","mezii","1|1|-4|0|0|4|0","1","720","1","1","0","1","0","0","0","1"
"pro-676","mezii","1|1|-4|0|0|4|0","1","768","1","1","0","1","0","0","0","1"
"pro-676","mezii","1|1|-4|0|0|4|0","1","960","2","2","1","1","1","1","1","0"
"pro-676","mezii","1|1|-4|0|0|4|0","1","1024","2","2","1","1","1","1","1","0"
"pro-676","mezii","1|1|-4|0|0|4|0","1","1080","2","2","1","1","1","1","1","1"
"pro-676","mezii","1|1|-4|0|0|4|0","1","1440","3","3","1","1","1","0","0","1"
"pro-676","mezii","1|1|-4|0|0|4|0","1","2160","4","4","2","1","0","0","0","1"
"pro-677","mhL","1|1|-4|0|0|4|0","1","720","1","1","0","1","0","0","0","1"
"pro-677","mhL","1|1|-4|0|0|4|0","1","768","1","1","0","1","0","0","0","1"
"pro-677","mhL","1|1|-4|0|0|4|0","1","960","2","2","1","1","1","1","1","0"
"pro-677","mhL","1|1|-4|0|0|4|0","1","1024","2","2","1","1","1","1","1","0"
"pro-677","mhL","1|1|-4|0|0|4|0","1","1080","2","2","1","1","1","1","1","1"
"pro-677","mhL","1|1|-4|0|0|4|0","1","1440","3","3","1","1","1","0","0","1"
"pro-677","mhL","1|1|-4|0|0|4|0","1","2160","4","4","2","1","0","0","0","1"
"pro-678","MICHU","3|0|-2|1|0|4|0","2","720","4","1","2","1","0","0","0","1"
"pro-678","MICHU","3|0|-2|1|0|4|0","2","768","4","1","2","1","0","0","0","1"
"pro-678","MICHU","3|0|-2|1|0|4|0","2","960","6","1","2","1","1","1","0","1"
"pro-678","MICHU","3|0|-2|1|0|4|0","2","1024","6","1","2","1","1","1","0","1"
"pro-678","MICHU","3|0|-2|1|0|4|0","2","1080","6","1","2","1","0","1","0","1"
"pro-678","MICHU","3|0|-2|1|0|4|0","2","1440","9","1","2","1","1","0","0","1"
"pro-678","MICHU","3|0|-2|1|0|4|0","2","2160","13","1","2","1","0","0","0","1"
"pro-679","MiGHTYMAX","1.5|1|-4|0|0|4|0","4","720","2","1","0","1","0","0","0","1"
"pro-679","MiGHTYMAX","1.5|1|-4|0|0|4|0","4","768","2","1","0","1","0","0","0","1"
"pro-679","MiGHTYMAX","1.5|1|-4|0|0|4|0","4","960","3","2","1","1","1","1","0","0"
"pro-679","MiGHTYMAX","1.5|1|-4|0|0|4|0","4","1024","3","2","1","1","1","1","0","1"
"pro-679","MiGHTYMAX","1.5|1|-4|0|0|4|0","4","1080","3","2","1","1","1","1","0","1"
"pro-679","MiGHTYMAX","1.5|1|-4|0|0|4|0","4","1440","4","3","1","1","0","0","0","1"
"pro-679","MiGHTYMAX","1.5|1|-4|0|0|4|0","4","2160","6","4","2","1","0","0","0","1"
"pro-680","Mingovi","2|0|-3|0|0|4|0","3","720","3","1","1","1","1","0","0","1"
"pro-680","Mingovi","2|0|-3|0|0|4|0","3","768","3","1","1","1","1","0","0","1"
"pro-680","Mingovi","2|0|-3|0|0|4|0","3","960","4","1","1","1","1","1","0","1"
"pro-680","Mingovi","2|0|-3|0|0|4|0","3","1024","4","1","1","1","1","1","0","1"
"pro-680","Mingovi","2|0|-3|0|0|4|0","3","1080","4","1","1","1","0","1","0","1"
"pro-680","Mingovi","2|0|-3|0|0|4|0","3","1440","6","1","1","1","1","0","0","1"
"pro-680","Mingovi","2|0|-3|0|0|4|0","3","2160","9","1","1","1","1","0","0","1"
"pro-681","MiQ","1.4|0.4|-2.9|0|0|4|0","3","720","2","1","1","1","1","1","0","1"
"pro-681","MiQ","1.4|0.4|-2.9|0|0|4|0","3","768","2","1","1","1","1","1","0","1"
"pro-681","MiQ","1.4|0.4|-2.9|0|0|4|0","3","960","2","1","1","1","0","1","0","1"
"pro-681","MiQ","1.4|0.4|-2.9|0|0|4|0","3","1024","2","1","1","1","0","1","0","0"
"pro-681","MiQ","1.4|0.4|-2.9|0|0|4|0","3","1080","3","1","1","1","1","0","0","1"
"pro-681","MiQ","1.4|0.4|-2.9|0|0|4|0","3","1440","4","1","1","1","1","0","0","1"
"pro-681","MiQ","1.4|0.4|-2.9|0|0|4|0","3","2160","6","1","1","1","0","0","0","0"
"pro-682","Misfit","2|0.5|-3|0|0|4|0","1","720","3","1","1","1","1","0","0","1"
"pro-682","Misfit","2|0.5|-3|0|0|4|0","1","768","3","1","1","1","1","0","0","1"
"pro-682","Misfit","2|0.5|-3|0|0|4|0","1","960","4","1","1","1","1","1","1","1"
"pro-682","Misfit","2|0.5|-3|0|0|4|0","1","1024","4","1","1","1","1","1","1","1"
"pro-682","Misfit","2|0.5|-3|0|0|4|0","1","1080","4","1","1","1","0","1","1","1"
"pro-682","Misfit","2|0.5|-3|0|0|4|0","1","1440","6","1","1","1","0","0","0","1"
"pro-682","Misfit","2|0.5|-3|0|0|4|0","1","2160","9","2","2","1","1","0","0","1"
"pro-683","MisteM","2|1|-3|0|0|4|0","3","720","3","1","1","1","0","0","0","1"
"pro-683","MisteM","2|1|-3|0|0|4|0","3","768","3","1","1","1","0","0","0","1"
"pro-683","MisteM","2|1|-3|0|0|4|0","3","960","4","2","2","1","1","1","1","0"
"pro-683","MisteM","2|1|-3|0|0|4|0","3","1024","4","2","2","1","1","1","1","0"
"pro-683","MisteM","2|1|-3|0|0|4|0","3","1080","4","2","2","1","0","1","1","1"
"pro-683","MisteM","2|1|-3|0|0|4|0","3","1440","6","3","2","1","1","0","0","1"
"pro-683","MisteM","2|1|-3|0|0|4|0","3","2160","9","4","3","1","0","0","0","1"
"pro-684","MistR","1.5|1|-5|0|0|4|0","4","720","2","1","-1","1","0","0","0","1"
"pro-684","MistR","1.5|1|-5|0|0|4|0","4","768","2","1","-1","1","0","0","0","1"
"pro-684","MistR","1.5|1|-5|0|0|4|0","4","960","3","2","0","1","1","1","0","0"
"pro-684","MistR","1.5|1|-5|0|0|4|0","4","1024","3","2","0","1","1","1","0","1"
"pro-684","MistR","1.5|1|-5|0|0|4|0","4","1080","3","2","0","1","1","1","0","1"
"pro-684","MistR","1.5|1|-5|0|0|4|0","4","1440","4","3","0","1","0","0","0","1"
"pro-684","MistR","1.5|1|-5|0|0|4|0","4","2160","6","4","1","1","0","0","0","1"
"pro-685","mitzy","1.9|0.5|-1.7|0|0|4|0","1","720","2","1","2","1","0","0","1","1"
"pro-685","mitzy","1.9|0.5|-1.7|0|0|4|0","1","768","3","1","2","1","1","1","0","1"
"pro-685","mitzy","1.9|0.5|-1.7|0|0|4|0","1","960","3","1","2","1","0","1","0","1"
"pro-685","mitzy","1.9|0.5|-1.7|0|0|4|0","1","1024","4","1","2","1","1","0","0","1"
"pro-685","mitzy","1.9|0.5|-1.7|0|0|4|0","1","1080","4","1","2","1","1","0","0","1"
"pro-685","mitzy","1.9|0.5|-1.7|0|0|4|0","1","1440","5","1","2","1","0","0","0","1"
"pro-685","mitzy","1.9|0.5|-1.7|0|0|4|0","1","2160","8","2","3","1","0","0","0","1"
"pro-686","miwo","1.5|0|-3|0|0|4|0","0","720","2","1","1","1","1","0","0","1"
"pro-686","miwo","1.5|0|-3|0|0|4|0","0","768","2","1","1","1","1","0","0","1"
"pro-686","miwo","1.5|0|-3|0|0|4|0","0","960","3","1","1","1","1","1","0","1"
"pro-686","miwo","1.5|0|-3|0|0|4|0","0","1024","3","1","1","1","1","1","0","1"
"pro-686","miwo","1.5|0|-3|0|0|4|0","0","1080","3","1","1","1","1","1","0","1"
"pro-686","miwo","1.5|0|-3|0|0|4|0","0","1440","4","1","1","1","0","0","0","1"
"pro-686","miwo","1.5|0|-3|0|0|4|0","0","2160","6","1","1","1","0","0","0","1"
"pro-687","mizu","0.9|1|-3.6|1|0|4|0","2","720","1","1","0","1","0","0","0","0"
"pro-687","mizu","0.9|1|-3.6|1|0|4|0","2","768","1","1","0","1","0","0","0","0"
"pro-687","mizu","0.9|1|-3.6|1|0|4|0","2","960","1","2","1","1","0","1","0","1"
"pro-687","mizu","0.9|1|-3.6|1|0|4|0","2","1024","1","2","1","1","0","1","0","0"
"pro-687","mizu","0.9|1|-3.6|1|0|4|0","2","1080","2","2","1","1","1","0","0","1"
"pro-687","mizu","0.9|1|-3.6|1|0|4|0","2","1440","2","3","1","1","0","0","0","1"
"pro-687","mizu","0.9|1|-3.6|1|0|4|0","2","2160","4","4","2","1","0","0","0","1"
"pro-688","mlhzin","1|1|-4|0|0|4|0","1","720","1","1","0","1","0","0","0","1"
"pro-688","mlhzin","1|1|-4|0|0|4|0","1","768","1","1","0","1","0","0","0","1"
"pro-688","mlhzin","1|1|-4|0|0|4|0","1","960","2","2","1","1","1","1","1","0"
"pro-688","mlhzin","1|1|-4|0|0|4|0","1","1024","2","2","1","1","1","1","1","0"
"pro-688","mlhzin","1|1|-4|0|0|4|0","1","1080","2","2","1","1","1","1","1","1"
"pro-688","mlhzin","1|1|-4|0|0|4|0","1","1440","3","3","1","1","1","0","0","1"
"pro-688","mlhzin","1|1|-4|0|0|4|0","1","2160","4","4","2","1","0","0","0","1"
"pro-689","mo0N","1|1|-4|0|0|4|0","1","720","1","1","0","1","0","0","0","1"
"pro-689","mo0N","1|1|-4|0|0|4|0","1","768","1","1","0","1","0","0","0","1"
"pro-689","mo0N","1|1|-4|0|0|4|0","1","960","2","2","1","1","1","1","1","0"
"pro-689","mo0N","1|1|-4|0|0|4|0","1","1024","2","2","1","1","1","1","1","0"
"pro-689","mo0N","1|1|-4|0|0|4|0","1","1080","2","2","1","1","1","1","1","1"
"pro-689","mo0N","1|1|-4|0|0|4|0","1","1440","3","3","1","1","1","0","0","1"
"pro-689","mo0N","1|1|-4|0|0|4|0","1","2160","4","4","2","1","0","0","0","1"
"pro-690","modeSavage","1|0|-4|0|0|4|0","3","720","1","1","0","1","0","0","0","1"
"pro-690","modeSavage","1|0|-4|0|0|4|0","3","768","1","1","0","1","0","0","0","1"
"pro-690","modeSavage","1|0|-4|0|0|4|0","3","960","2","1","0","1","1","1","0","1"
"pro-690","modeSavage","1|0|-4|0|0|4|0","3","1024","2","1","0","1","1","1","0","1"
"pro-690","modeSavage","1|0|-4|0|0|4|0","3","1080","2","1","0","1","1","1","0","1"
"pro-690","modeSavage","1|0|-4|0|0|4|0","3","1440","3","1","0","1","1","0","0","1"
"pro-690","modeSavage","1|0|-4|0|0|4|0","3","2160","4","1","0","1","0","0","0","1"
"pro-691","MoDo","1|1|-4|0|0|4|0","1","720","1","1","0","1","0","0","0","1"
"pro-691","MoDo","1|1|-4|0|0|4|0","1","768","1","1","0","1","0","0","0","1"
"pro-691","MoDo","1|1|-4|0|0|4|0","1","960","2","2","1","1","1","1","1","0"
"pro-691","MoDo","1|1|-4|0|0|4|0","1","1024","2","2","1","1","1","1","1","0"
"pro-691","MoDo","1|1|-4|0|0|4|0","1","1080","2","2","1","1","1","1","1","1"
"pro-691","MoDo","1|1|-4|0|0|4|0","1","1440","3","3","1","1","1","0","0","1"
"pro-691","MoDo","1|1|-4|0|0|4|0","1","2160","4","4","2","1","0","0","0","1"
"pro-692","Mokuj1n","1|1|-3.5|0|0|4|0","4","720","1","1","0","1","0","0","0","0"
"pro-692","Mokuj1n","1|1|-3.5|0|0|4|0","4","768","1","1","0","1","0","0","0","0"
"pro-692","Mokuj1n","1|1|-3.5|0|0|4|0","4","960","2","2","1","1","1","1","1","1"
"pro-692","Mokuj1n","1|1|-3.5|0|0|4|0","4","1024","2","2","1","1","1","1","1","1"
"pro-692","Mokuj1n","1|1|-3.5|0|0|4|0","4","1080","2","2","1","1","1","1","1","1"
"pro-692","Mokuj1n","1|1|-3.5|0|0|4|0","4","1440","3","3","1","1","1","0","0","1"
"pro-692","Mokuj1n","1|1|-3.5|0|0|4|0","4","2160","4","4","2","1","0","0","0","1"
"pro-693","Monoxx","1|0.9|-4|0|0|4|0","1","720","1","1","0","1","0","0","0","1"
"pro-693","Monoxx","1|0.9|-4|0|0|4|0","1","768","1","1","0","1","0","0","0","1"
"pro-693","Monoxx","1|0.9|-4|0|0|4|0","1","960","2","1","0","1","0","1","0","0"
"pro-693","Monoxx","1|0.9|-4|0|0|4|0","1","1024","2","1","0","1","0","1","0","0"
"pro-693","Monoxx","1|0.9|-4|0|0|4|0","1","1080","2","2","1","1","1","0","0","0"
"pro-693","Monoxx","1|0.9|-4|0|0|4|0","1","1440","3","2","1","1","0","0","0","1"
"pro-693","Monoxx","1|0.9|-4|0|0|4|0","1","2160","4","4","2","1","0","0","0","1"
"pro-694","moonwalk","1|1|-4.5|0|0|4|0","4","720","1","1","0","1","0","0","0","1"
"pro-694","moonwalk","1|1|-4.5|0|0|4|0","4","768","1","1","0","1","0","0","0","1"
"pro-694","moonwalk","1|1|-4.5|0|0|4|0","4","960","2","2","1","1","1","1","1","0"
"pro-694","moonwalk","1|1|-4.5|0|0|4|0","4","1024","2","2","1","1","1","1","1","0"
"pro-694","moonwalk","1|1|-4.5|0|0|4|0","4","1080","2","2","1","1","1","1","1","0"
"pro-694","moonwalk","1|1|-4.5|0|0|4|0","4","1440","3","3","1","1","1","0","0","0"
"pro-694","moonwalk","1|1|-4.5|0|0|4|0","4","2160","4","4","2","1","0","0","0","0"
"pro-696","MoriiSko","1.5|0.1|-2.6|0|0|4|0","0","720","2","1","1","1","1","0","0","1"
"pro-696","MoriiSko","1.5|0.1|-2.6|0|0|4|0","0","768","2","1","1","1","1","0","0","1"
"pro-696","MoriiSko","1.5|0.1|-2.6|0|0|4|0","0","960","3","1","1","1","1","1","0","1"
"pro-696","MoriiSko","1.5|0.1|-2.6|0|0|4|0","0","1024","3","1","1","1","1","1","0","1"
"pro-696","MoriiSko","1.5|0.1|-2.6|0|0|4|0","0","1080","3","1","1","1","1","1","0","1"
"pro-696","MoriiSko","1.5|0.1|-2.6|0|0|4|0","0","1440","4","1","1","1","0","0","0","1"
"pro-696","MoriiSko","1.5|0.1|-2.6|0|0|4|0","0","2160","6","1","1","1","0","0","0","1"
"pro-697","Moseyuh","1|1|-3.1|0|0|4|0","0","720","1","1","0","1","0","0","0","0"
"pro-697","Moseyuh","1|1|-3.1|0|0|4|0","0","768","1","1","0","1","0","0","0","0"
"pro-697","Moseyuh","1|1|-3.1|0|0|4|0","0","960","2","2","1","1","1","1","1","1"
"pro-697","Moseyuh","1|1|-3.1|0|0|4|0","0","1024","2","2","1","1","1","1","1","1"
"pro-697","Moseyuh","1|1|-3.1|0|0|4|0","0","1080","2","2","1","1","1","1","1","1"
"pro-697","Moseyuh","1|1|-3.1|0|0|4|0","0","1440","3","3","1","1","1","0","0","0"
"pro-697","Moseyuh","1|1|-3.1|0|0|4|0","0","2160","4","4","2","1","0","0","0","0"
"pro-698","motm","2|0.5|-1|0|0|4|0","0","720","3","1","3","1","1","0","0","1"
"pro-698","motm","2|0.5|-1|0|0|4|0","0","768","3","1","3","1","1","0","0","1"
"pro-698","motm","2|0.5|-1|0|0|4|0","0","960","4","1","3","1","1","1","1","1"
"pro-698","motm","2|0.5|-1|0|0|4|0","0","1024","4","1","3","1","1","1","1","1"
"pro-698","motm","2|0.5|-1|0|0|4|0","0","1080","4","1","3","1","0","1","1","1"
"pro-698","motm","2|0.5|-1|0|0|4|0","0","1440","6","1","3","1","0","0","0","1"
"pro-698","motm","2|0.5|-1|0|0|4|0","0","2160","9","2","4","1","1","0","0","0"
"pro-699","msn","2|0|-3|0|0|4|0","3","720","3","1","1","1","1","0","0","1"
"pro-699","msn","2|0|-3|0|0|4|0","3","768","3","1","1","1","1","0","0","1"
"pro-699","msn","2|0|-3|0|0|4|0","3","960","4","1","1","1","1","1","0","1"
"pro-699","msn","2|0|-3|0|0|4|0","3","1024","4","1","1","1","1","1","0","1"
"pro-699","msn","2|0|-3|0|0|4|0","3","1080","4","1","1","1","0","1","0","1"
"pro-699","msn","2|0|-3|0|0|4|0","3","1440","6","1","1","1","1","0","0","1"
"pro-699","msn","2|0|-3|0|0|4|0","3","2160","9","1","1","1","1","0","0","1"
"pro-700","Muciek","1|1|-4|0|0|4|0","1","720","1","1","0","1","0","0","0","1"
"pro-700","Muciek","1|1|-4|0|0|4|0","1","768","1","1","0","1","0","0","0","1"
"pro-700","Muciek","1|1|-4|0|0|4|0","1","960","2","2","1","1","1","1","1","0"
"pro-700","Muciek","1|1|-4|0|0|4|0","1","1024","2","2","1","1","1","1","1","0"
"pro-700","Muciek","1|1|-4|0|0|4|0","1","1080","2","2","1","1","1","1","1","1"
"pro-700","Muciek","1|1|-4|0|0|4|0","1","1440","3","3","1","1","1","0","0","1"
"pro-700","Muciek","1|1|-4|0|0|4|0","1","2160","4","4","2","1","0","0","0","1"
"pro-701","Muk0s","2|0.6|-2.9|0|0|4|0","4","720","3","1","1","1","1","0","0","1"
"pro-701","Muk0s","2|0.6|-2.9|0|0|4|0","4","768","3","1","1","1","1","0","0","1"
"pro-701","Muk0s","2|0.6|-2.9|0|0|4|0","4","960","4","1","1","1","1","1","0","1"
"pro-701","Muk0s","2|0.6|-2.9|0|0|4|0","4","1024","4","1","1","1","1","1","0","1"
"pro-701","Muk0s","2|0.6|-2.9|0|0|4|0","4","1080","4","1","1","1","0","1","0","1"
"pro-701","Muk0s","2|0.6|-2.9|0|0|4|0","4","1440","6","1","1","1","0","0","0","0"
"pro-701","Muk0s","2|0.6|-2.9|0|0|4|0","4","2160","9","2","2","1","0","0","0","1"
"pro-702","MUTiRiS","1|2|-4|0|0|4|0","2","720","1","3","1","1","0","0","0","0"
"pro-702","MUTiRiS","1|2|-4|0|0|4|0","2","768","1","3","1","1","0","0","0","1"
"pro-702","MUTiRiS","1|2|-4|0|0|4|0","2","960","2","4","2","1","1","1","1","0"
"pro-702","MUTiRiS","1|2|-4|0|0|4|0","2","1024","2","4","2","1","1","1","1","1"
"pro-702","MUTiRiS","1|2|-4|0|0|4|0","2","1080","2","4","2","1","0","1","1","1"
"pro-702","MUTiRiS","1|2|-4|0|0|4|0","2","1440","3","6","3","1","1","0","0","0"
"pro-702","MUTiRiS","1|2|-4|0|0|4|0","2","2160","4","9","4","1","0","0","0","0"
"pro-703","mwlky","1|0|-3|0|0|4|0","2","720","1","1","1","1","0","0","0","1"
"pro-703","mwlky","1|0|-3|0|0|4|0","2","768","1","1","1","1","0","0","0","1"
"pro-703","mwlky","1|0|-3|0|0|4|0","2","960","2","1","1","1","1","1","0","1"
"pro-703","mwlky","1|0|-3|0|0|4|0","2","1024","2","1","1","1","1","1","0","1"
"pro-703","mwlky","1|0|-3|0|0|4|0","2","1080","2","1","1","1","1","1","0","1"
"pro-703","mwlky","1|0|-3|0|0|4|0","2","1440","3","1","1","1","1","0","0","1"
"pro-703","mwlky","1|0|-3|0|0|4|0","2","2160","4","1","1","1","0","0","0","1"
"pro-704","myltsi","1|1|-4|0|0|4|0","1","720","1","1","0","1","0","0","0","1"
"pro-704","myltsi","1|1|-4|0|0|4|0","1","768","1","1","0","1","0","0","0","1"
"pro-704","myltsi","1|1|-4|0|0|4|0","1","960","2","2","1","1","1","1","1","0"
"pro-704","myltsi","1|1|-4|0|0|4|0","1","1024","2","2","1","1","1","1","1","0"
"pro-704","myltsi","1|1|-4|0|0|4|0","1","1080","2","2","1","1","1","1","1","1"
"pro-704","myltsi","1|1|-4|0|0|4|0","1","1440","3","3","1","1","1","0","0","1"
"pro-704","myltsi","1|1|-4|0|0|4|0","1","2160","4","4","2","1","0","0","0","1"
"pro-705","mynio","1.4|0|-2.1|0|0|4|0","2","720","2","1","1","1","1","1","0","0"
"pro-705","mynio","1.4|0|-2.1|0|0|4|0","2","768","2","1","1","1","1","1","0","0"
"pro-705","mynio","1.4|0|-2.1|0|0|4|0","2","960","2","1","1","1","0","1","0","0"
"pro-705","mynio","1.4|0|-2.1|0|0|4|0","2","1024","2","1","1","1","0","1","0","0"
"pro-705","mynio","1.4|0|-2.1|0|0|4|0","2","1080","3","1","1","1","1","0","0","0"
"pro-705","mynio","1.4|0|-2.1|0|0|4|0","2","1440","4","1","1","1","1","0","0","0"
"pro-705","mynio","1.4|0|-2.1|0|0|4|0","2","2160","6","1","1","1","1","0","0","0"
"pro-706","mzinho","1.5|0|-4|0|0|4|0","1","720","2","1","0","1","1","0","0","1"
"pro-706","mzinho","1.5|0|-4|0|0|4|0","1","768","2","1","0","1","1","0","0","1"
"pro-706","mzinho","1.5|0|-4|0|0|4|0","1","960","3","1","0","1","1","1","0","1"
"pro-706","mzinho","1.5|0|-4|0|0|4|0","1","1024","3","1","0","1","1","1","0","1"
"pro-706","mzinho","1.5|0|-4|0|0|4|0","1","1080","3","1","0","1","1","1","0","1"
"pro-706","mzinho","1.5|0|-4|0|0|4|0","1","1440","4","1","0","1","0","0","0","1"
"pro-706","mzinho","1.5|0|-4|0|0|4|0","1","2160","6","1","0","1","0","0","0","1"
"pro-707","n0rb3r7","2|0|-3|0|0|4|0","3","720","3","1","1","1","1","0","0","1"
"pro-707","n0rb3r7","2|0|-3|0|0|4|0","3","768","3","1","1","1","1","0","0","1"
"pro-707","n0rb3r7","2|0|-3|0|0|4|0","3","960","4","1","1","1","1","1","0","1"
"pro-707","n0rb3r7","2|0|-3|0|0|4|0","3","1024","4","1","1","1","1","1","0","1"
"pro-707","n0rb3r7","2|0|-3|0|0|4|0","3","1080","4","1","1","1","0","1","0","1"
"pro-707","n0rb3r7","2|0|-3|0|0|4|0","3","1440","6","1","1","1","1","0","0","1"
"pro-707","n0rb3r7","2|0|-3|0|0|4|0","3","2160","9","1","1","1","1","0","0","1"
"pro-708","n1ssim","2|0.5|-3|0|0|4|0","1","720","3","1","1","1","1","0","0","1"
"pro-708","n1ssim","2|0.5|-3|0|0|4|0","1","768","3","1","1","1","1","0","0","1"
"pro-708","n1ssim","2|0.5|-3|0|0|4|0","1","960","4","1","1","1","1","1","1","1"
"pro-708","n1ssim","2|0.5|-3|0|0|4|0","1","1024","4","1","1","1","1","1","1","1"
"pro-708","n1ssim","2|0.5|-3|0|0|4|0","1","1080","4","1","1","1","0","1","1","1"
"pro-708","n1ssim","2|0.5|-3|0|0|4|0","1","1440","6","1","1","1","0","0","0","1"
"pro-708","n1ssim","2|0.5|-3|0|0|4|0","1","2160","9","2","2","1","1","0","0","1"
"pro-709","n1Xen","2|0.6|-2.1|0|0|4|0","1","720","3","1","1","1","1","0","0","0"
"pro-709","n1Xen","2|0.6|-2.1|0|0|4|0","1","768","3","1","1","1","1","0","0","0"
"pro-709","n1Xen","2|0.6|-2.1|0|0|4|0","1","960","4","1","1","1","1","1","0","0"
"pro-709","n1Xen","2|0.6|-2.1|0|0|4|0","1","1024","4","1","1","1","1","1","0","0"
"pro-709","n1Xen","2|0.6|-2.1|0|0|4|0","1","1080","4","1","1","1","0","1","0","0"
"pro-709","n1Xen","2|0.6|-2.1|0|0|4|0","1","1440","6","1","1","1","0","0","0","0"
"pro-709","n1Xen","2|0.6|-2.1|0|0|4|0","1","2160","9","2","2","1","0","0","0","0"
"pro-710","nacho","1|1|-4|0|0|4|0","1","720","1","1","0","1","0","0","0","1"
"pro-710","nacho","1|1|-4|0|0|4|0","1","768","1","1","0","1","0","0","0","1"
"pro-710","nacho","1|1|-4|0|0|4|0","1","960","2","2","1","1","1","1","1","0"
"pro-710","nacho","1|1|-4|0|0|4|0","1","1024","2","2","1","1","1","1","1","0"
"pro-710","nacho","1|1|-4|0|0|4|0","1","1080","2","2","1","1","1","1","1","1"
"pro-710","nacho","1|1|-4|0|0|4|0","1","1440","3","3","1","1","1","0","0","1"
"pro-710","nacho","1|1|-4|0|0|4|0","1","2160","4","4","2","1","0","0","0","1"
"pro-711","NAF","1|1|-4|0|0|4|0","1","720","1","1","0","1","0","0","0","1"
"pro-711","NAF","1|1|-4|0|0|4|0","1","768","1","1","0","1","0","0","0","1"
"pro-711","NAF","1|1|-4|0|0|4|0","1","960","2","2","1","1","1","1","1","0"
"pro-711","NAF","1|1|-4|0|0|4|0","1","1024","2","2","1","1","1","1","1","0"
"pro-711","NAF","1|1|-4|0|0|4|0","1","1080","2","2","1","1","1","1","1","1"
"pro-711","NAF","1|1|-4|0|0|4|0","1","1440","3","3","1","1","1","0","0","1"
"pro-711","NAF","1|1|-4|0|0|4|0","1","2160","4","4","2","1","0","0","0","1"
"pro-712","nafany","1|1|-4|0|0|4|0","1","720","1","1","0","1","0","0","0","1"
"pro-712","nafany","1|1|-4|0|0|4|0","1","768","1","1","0","1","0","0","0","1"
"pro-712","nafany","1|1|-4|0|0|4|0","1","960","2","2","1","1","1","1","1","0"
"pro-712","nafany","1|1|-4|0|0|4|0","1","1024","2","2","1","1","1","1","1","0"
"pro-712","nafany","1|1|-4|0|0|4|0","1","1080","2","2","1","1","1","1","1","1"
"pro-712","nafany","1|1|-4|0|0|4|0","1","1440","3","3","1","1","1","0","0","1"
"pro-712","nafany","1|1|-4|0|0|4|0","1","2160","4","4","2","1","0","0","0","1"
"pro-713","naitte","1|1|-4|0|0|4|0","1","720","1","1","0","1","0","0","0","1"
"pro-713","naitte","1|1|-4|0|0|4|0","1","768","1","1","0","1","0","0","0","1"
"pro-713","naitte","1|1|-4|0|0|4|0","1","960","2","2","1","1","1","1","1","0"
"pro-713","naitte","1|1|-4|0|0|4|0","1","1024","2","2","1","1","1","1","1","0"
"pro-713","naitte","1|1|-4|0|0|4|0","1","1080","2","2","1","1","1","1","1","1"
"pro-713","naitte","1|1|-4|0|0|4|0","1","1440","3","3","1","1","1","0","0","1"
"pro-713","naitte","1|1|-4|0|0|4|0","1","2160","4","4","2","1","0","0","0","1"
"pro-714","Nami","1|1|-4|0|0|4|0","1","720","1","1","0","1","0","0","0","1"
"pro-714","Nami","1|1|-4|0|0|4|0","1","768","1","1","0","1","0","0","0","1"
"pro-714","Nami","1|1|-4|0|0|4|0","1","960","2","2","1","1","1","1","1","0"
"pro-714","Nami","1|1|-4|0|0|4|0","1","1024","2","2","1","1","1","1","1","0"
"pro-714","Nami","1|1|-4|0|0|4|0","1","1080","2","2","1","1","1","1","1","1"
"pro-714","Nami","1|1|-4|0|0|4|0","1","1440","3","3","1","1","1","0","0","1"
"pro-714","Nami","1|1|-4|0|0|4|0","1","2160","4","4","2","1","0","0","0","1"
"pro-715","nardes","1|1|-4|0|0|4|0","1","720","1","1","0","1","0","0","0","1"
"pro-715","nardes","1|1|-4|0|0|4|0","1","768","1","1","0","1","0","0","0","1"
"pro-715","nardes","1|1|-4|0|0|4|0","1","960","2","2","1","1","1","1","1","0"
"pro-715","nardes","1|1|-4|0|0|4|0","1","1024","2","2","1","1","1","1","1","0"
"pro-715","nardes","1|1|-4|0|0|4|0","1","1080","2","2","1","1","1","1","1","1"
"pro-715","nardes","1|1|-4|0|0|4|0","1","1440","3","3","1","1","1","0","0","1"
"pro-715","nardes","1|1|-4|0|0|4|0","1","2160","4","4","2","1","0","0","0","1"
"pro-716","nawwk","1|1|-4|0|0|4|0","1","720","1","1","0","1","0","0","0","1"
"pro-716","nawwk","1|1|-4|0|0|4|0","1","768","1","1","0","1","0","0","0","1"
"pro-716","nawwk","1|1|-4|0|0|4|0","1","960","2","2","1","1","1","1","1","0"
"pro-716","nawwk","1|1|-4|0|0|4|0","1","1024","2","2","1","1","1","1","1","0"
"pro-716","nawwk","1|1|-4|0|0|4|0","1","1080","2","2","1","1","1","1","1","1"
"pro-716","nawwk","1|1|-4|0|0|4|0","1","1440","3","3","1","1","1","0","0","1"
"pro-716","nawwk","1|1|-4|0|0|4|0","1","2160","4","4","2","1","0","0","0","1"
"pro-717","naz","1.5|0|-3|0|0|4|0","0","720","2","1","1","1","1","0","0","1"
"pro-717","naz","1.5|0|-3|0|0|4|0","0","768","2","1","1","1","1","0","0","1"
"pro-717","naz","1.5|0|-3|0|0|4|0","0","960","3","1","1","1","1","1","0","1"
"pro-717","naz","1.5|0|-3|0|0|4|0","0","1024","3","1","1","1","1","1","0","1"
"pro-717","naz","1.5|0|-3|0|0|4|0","0","1080","3","1","1","1","1","1","0","1"
"pro-717","naz","1.5|0|-3|0|0|4|0","0","1440","4","1","1","1","0","0","0","1"
"pro-717","naz","1.5|0|-3|0|0|4|0","0","2160","6","1","1","1","0","0","0","1"
"pro-718","NBK-","0.9|1.1|-5|0|0|4|0","4","720","1","1","-1","1","0","0","0","1"
"pro-718","NBK-","0.9|1.1|-5|0|0|4|0","4","768","1","1","-1","1","0","0","0","0"
"pro-718","NBK-","0.9|1.1|-5|0|0|4|0","4","960","1","2","0","1","0","1","0","1"
"pro-718","NBK-","0.9|1.1|-5|0|0|4|0","4","1024","1","2","0","1","0","1","0","0"
"pro-718","NBK-","0.9|1.1|-5|0|0|4|0","4","1080","2","2","0","1","1","0","0","1"
"pro-718","NBK-","0.9|1.1|-5|0|0|4|0","4","1440","2","3","0","1","0","0","0","1"
"pro-718","NBK-","0.9|1.1|-5|0|0|4|0","4","2160","4","4","1","1","0","0","0","1"
"pro-719","nbqq","1|1|-3|0|0|4|0","1","720","1","1","1","1","0","0","0","1"
"pro-719","nbqq","1|1|-3|0|0|4|0","1","768","1","1","1","1","0","0","0","1"
"pro-719","nbqq","1|1|-3|0|0|4|0","1","960","2","2","2","1","1","1","1","0"
"pro-719","nbqq","1|1|-3|0|0|4|0","1","1024","2","2","2","1","1","1","1","0"
"pro-719","nbqq","1|1|-3|0|0|4|0","1","1080","2","2","2","1","1","1","1","0"
"pro-719","nbqq","1|1|-3|0|0|4|0","1","1440","3","3","2","1","1","0","0","1"
"pro-719","nbqq","1|1|-3|0|0|4|0","1","2160","4","4","3","1","0","0","0","1"
"pro-720","ncl","1.5|0|-3|0|0|4|0","0","720","2","1","1","1","1","0","0","1"
"pro-720","ncl","1.5|0|-3|0|0|4|0","0","768","2","1","1","1","1","0","0","1"
"pro-720","ncl","1.5|0|-3|0|0|4|0","0","960","3","1","1","1","1","1","0","1"
"pro-720","ncl","1.5|0|-3|0|0|4|0","0","1024","3","1","1","1","1","1","0","1"
"pro-720","ncl","1.5|0|-3|0|0|4|0","0","1080","3","1","1","1","1","1","0","1"
"pro-720","ncl","1.5|0|-3|0|0|4|0","0","1440","4","1","1","1","0","0","0","1"
"pro-720","ncl","1.5|0|-3|0|0|4|0","0","2160","6","1","1","1","0","0","0","1"
"pro-721","ne1l","1.5|0.5|-3|0|0|4|0","4","720","2","1","1","1","1","0","1","1"
"pro-721","ne1l","1.5|0.5|-3|0|0|4|0","4","768","2","1","1","1","1","0","1","1"
"pro-721","ne1l","1.5|0.5|-3|0|0|4|0","4","960","3","1","1","1","1","1","0","1"
"pro-721","ne1l","1.5|0.5|-3|0|0|4|0","4","1024","3","1","1","1","1","1","0","1"
"pro-721","ne1l","1.5|0.5|-3|0|0|4|0","4","1080","3","1","1","1","1","1","0","1"
"pro-721","ne1l","1.5|0.5|-3|0|0|4|0","4","1440","4","1","1","1","0","0","0","1"
"pro-721","ne1l","1.5|0.5|-3|0|0|4|0","4","2160","6","2","2","1","0","0","0","1"
"pro-722","neaLaN","1|1|-4|0|0|4|0","1","720","1","1","0","1","0","0","0","1"
"pro-722","neaLaN","1|1|-4|0|0|4|0","1","768","1","1","0","1","0","0","0","1"
"pro-722","neaLaN","1|1|-4|0|0|4|0","1","960","2","2","1","1","1","1","1","0"
"pro-722","neaLaN","1|1|-4|0|0|4|0","1","1024","2","2","1","1","1","1","1","0"
"pro-722","neaLaN","1|1|-4|0|0|4|0","1","1080","2","2","1","1","1","1","1","1"
"pro-722","neaLaN","1|1|-4|0|0|4|0","1","1440","3","3","1","1","1","0","0","1"
"pro-722","neaLaN","1|1|-4|0|0|4|0","1","2160","4","4","2","1","0","0","0","1"
"pro-723","neight","1|0.9|-4.5|0|0|4|0","3","720","1","1","0","1","0","0","0","1"
"pro-723","neight","1|0.9|-4.5|0|0|4|0","3","768","1","1","0","1","0","0","0","1"
"pro-723","neight","1|0.9|-4.5|0|0|4|0","3","960","2","1","0","1","0","1","0","0"
"pro-723","neight","1|0.9|-4.5|0|0|4|0","3","1024","2","1","0","1","0","1","0","0"
"pro-723","neight","1|0.9|-4.5|0|0|4|0","3","1080","2","2","1","1","1","0","0","0"
"pro-723","neight","1|0.9|-4.5|0|0|4|0","3","1440","3","2","1","1","0","0","0","0"
"pro-723","neight","1|0.9|-4.5|0|0|4|0","3","2160","4","4","2","1","0","0","0","0"
"pro-724","neiter","1|1|-3|0|0|4|0","1","720","1","1","1","1","0","0","0","1"
"pro-724","neiter","1|1|-3|0|0|4|0","1","768","1","1","1","1","0","0","0","1"
"pro-724","neiter","1|1|-3|0|0|4|0","1","960","2","2","2","1","1","1","1","0"
"pro-724","neiter","1|1|-3|0|0|4|0","1","1024","2","2","2","1","1","1","1","0"
"pro-724","neiter","1|1|-3|0|0|4|0","1","1080","2","2","2","1","1","1","1","0"
"pro-724","neiter","1|1|-3|0|0|4|0","1","1440","3","3","2","1","1","0","0","1"
"pro-724","neiter","1|1|-3|0|0|4|0","1","2160","4","4","3","1","0","0","0","1"
"pro-725","Neityu","1|0.5|-3|0|0|4|0","2","720","1","1","1","1","0","0","0","1"
"pro-725","Neityu","1|0.5|-3|0|0|4|0","2","768","1","1","1","1","0","0","0","1"
"pro-725","Neityu","1|0.5|-3|0|0|4|0","2","960","2","1","1","1","1","1","1","1"
"pro-725","Neityu","1|0.5|-3|0|0|4|0","2","1024","2","1","1","1","1","1","1","1"
"pro-725","Neityu","1|0.5|-3|0|0|4|0","2","1080","2","1","1","1","1","1","1","1"
"pro-725","Neityu","1|0.5|-3|0|0|4|0","2","1440","3","1","1","1","0","0","0","1"
"pro-725","Neityu","1|0.5|-3|0|0|4|0","2","2160","4","2","2","1","0","0","0","1"
"pro-726","NEKIZ","1|1|-4|0|0|4|0","1","720","1","1","0","1","0","0","0","1"
"pro-726","NEKIZ","1|1|-4|0|0|4|0","1","768","1","1","0","1","0","0","0","1"
"pro-726","NEKIZ","1|1|-4|0|0|4|0","1","960","2","2","1","1","1","1","1","0"
"pro-726","NEKIZ","1|1|-4|0|0|4|0","1","1024","2","2","1","1","1","1","1","0"
"pro-726","NEKIZ","1|1|-4|0|0|4|0","1","1080","2","2","1","1","1","1","1","1"
"pro-726","NEKIZ","1|1|-4|0|0|4|0","1","1440","3","3","1","1","1","0","0","1"
"pro-726","NEKIZ","1|1|-4|0|0|4|0","1","2160","4","4","2","1","0","0","0","1"
"pro-727","nEMANHA","1|1|-4|0|0|4|0","1","720","1","1","0","1","0","0","0","1"
"pro-727","nEMANHA","1|1|-4|0|0|4|0","1","768","1","1","0","1","0","0","0","1"
"pro-727","nEMANHA","1|1|-4|0|0|4|0","1","960","2","2","1","1","1","1","1","0"
"pro-727","nEMANHA","1|1|-4|0|0|4|0","1","1024","2","2","1","1","1","1","1","0"
"pro-727","nEMANHA","1|1|-4|0|0|4|0","1","1080","2","2","1","1","1","1","1","1"
"pro-727","nEMANHA","1|1|-4|0|0|4|0","1","1440","3","3","1","1","1","0","0","1"
"pro-727","nEMANHA","1|1|-4|0|0|4|0","1","2160","4","4","2","1","0","0","0","1"
"pro-728","neo","2|1|-3.5|0|0|4|0","4","720","3","1","0","1","0","0","0","0"
"pro-728","neo","2|1|-3.5|0|0|4|0","4","768","3","1","0","1","0","0","0","0"
"pro-728","neo","2|1|-3.5|0|0|4|0","4","960","4","2","1","1","1","1","1","1"
"pro-728","neo","2|1|-3.5|0|0|4|0","4","1024","4","2","1","1","1","1","1","1"
"pro-728","neo","2|1|-3.5|0|0|4|0","4","1080","4","2","1","1","0","1","1","1"
"pro-728","neo","2|1|-3.5|0|0|4|0","4","1440","6","3","1","1","1","0","0","1"
"pro-728","neo","2|1|-3.5|0|0|4|0","4","2160","9","4","2","1","0","0","0","1"
"pro-729","NEOFRAG","1|1|-4|0|0|4|0","1","720","1","1","0","1","0","0","0","1"
"pro-729","NEOFRAG","1|1|-4|0|0|4|0","1","768","1","1","0","1","0","0","0","1"
"pro-729","NEOFRAG","1|1|-4|0|0|4|0","1","960","2","2","1","1","1","1","1","0"
"pro-729","NEOFRAG","1|1|-4|0|0|4|0","1","1024","2","2","1","1","1","1","1","0"
"pro-729","NEOFRAG","1|1|-4|0|0|4|0","1","1080","2","2","1","1","1","1","1","1"
"pro-729","NEOFRAG","1|1|-4|0|0|4|0","1","1440","3","3","1","1","1","0","0","1"
"pro-729","NEOFRAG","1|1|-4|0|0|4|0","1","2160","4","4","2","1","0","0","0","1"
"pro-730","NertZ","1|1|-4|0|0|4|0","1","720","1","1","0","1","0","0","0","1"
"pro-730","NertZ","1|1|-4|0|0|4|0","1","768","1","1","0","1","0","0","0","1"
"pro-730","NertZ","1|1|-4|0|0|4|0","1","960","2","2","1","1","1","1","1","0"
"pro-730","NertZ","1|1|-4|0|0|4|0","1","1024","2","2","1","1","1","1","1","0"
"pro-730","NertZ","1|1|-4|0|0|4|0","1","1080","2","2","1","1","1","1","1","1"
"pro-730","NertZ","1|1|-4|0|0|4|0","1","1440","3","3","1","1","1","0","0","1"
"pro-730","NertZ","1|1|-4|0|0|4|0","1","2160","4","4","2","1","0","0","0","1"
"pro-731","nettik","1|1|-4|0|0|4|0","1","720","1","1","0","1","0","0","0","1"
"pro-731","nettik","1|1|-4|0|0|4|0","1","768","1","1","0","1","0","0","0","1"
"pro-731","nettik","1|1|-4|0|0|4|0","1","960","2","2","1","1","1","1","1","0"
"pro-731","nettik","1|1|-4|0|0|4|0","1","1024","2","2","1","1","1","1","1","0"
"pro-731","nettik","1|1|-4|0|0|4|0","1","1080","2","2","1","1","1","1","1","1"
"pro-731","nettik","1|1|-4|0|0|4|0","1","1440","3","3","1","1","1","0","0","1"
"pro-731","nettik","1|1|-4|0|0|4|0","1","2160","4","4","2","1","0","0","0","1"
"pro-732","NEUZ","1|1|-4|0|0|4|0","1","720","1","1","0","1","0","0","0","1"
"pro-732","NEUZ","1|1|-4|0|0|4|0","1","768","1","1","0","1","0","0","0","1"
"pro-732","NEUZ","1|1|-4|0|0|4|0","1","960","2","2","1","1","1","1","1","0"
"pro-732","NEUZ","1|1|-4|0|0|4|0","1","1024","2","2","1","1","1","1","1","0"
"pro-732","NEUZ","1|1|-4|0|0|4|0","1","1080","2","2","1","1","1","1","1","1"
"pro-732","NEUZ","1|1|-4|0|0|4|0","1","1440","3","3","1","1","1","0","0","1"
"pro-732","NEUZ","1|1|-4|0|0|4|0","1","2160","4","4","2","1","0","0","0","1"
"pro-733","nexa","1|0|-2|0|0|4|0","3","720","1","1","2","1","0","0","0","1"
"pro-733","nexa","1|0|-2|0|0|4|0","3","768","1","1","2","1","0","0","0","1"
"pro-733","nexa","1|0|-2|0|0|4|0","3","960","2","1","2","1","1","1","0","1"
"pro-733","nexa","1|0|-2|0|0|4|0","3","1024","2","1","2","1","1","1","0","1"
"pro-733","nexa","1|0|-2|0|0|4|0","3","1080","2","1","2","1","1","1","0","1"
"pro-733","nexa","1|0|-2|0|0|4|0","3","1440","3","1","2","1","1","0","0","1"
"pro-733","nexa","1|0|-2|0|0|4|0","3","2160","4","1","2","1","0","0","0","1"
"pro-734","Nexius","1.5|0.1|-2.2|0|0|4|0","0","720","2","1","1","1","1","0","0","1"
"pro-734","Nexius","1.5|0.1|-2.2|0|0|4|0","0","768","2","1","1","1","1","0","0","1"
"pro-734","Nexius","1.5|0.1|-2.2|0|0|4|0","0","960","3","1","1","1","1","1","0","1"
"pro-734","Nexius","1.5|0.1|-2.2|0|0|4|0","0","1024","3","1","1","1","1","1","0","1"
"pro-734","Nexius","1.5|0.1|-2.2|0|0|4|0","0","1080","3","1","1","1","1","1","0","1"
"pro-734","Nexius","1.5|0.1|-2.2|0|0|4|0","0","1440","4","1","1","1","0","0","0","1"
"pro-734","Nexius","1.5|0.1|-2.2|0|0|4|0","0","2160","6","1","1","1","0","0","0","1"
"pro-735","next","1|1.5|-4|0|0|4|0","3","720","1","2","1","1","0","0","0","1"
"pro-735","next","1|1.5|-4|0|0|4|0","3","768","1","2","1","1","0","0","0","1"
"pro-735","next","1|1.5|-4|0|0|4|0","3","960","2","3","1","1","1","1","1","1"
"pro-735","next","1|1.5|-4|0|0|4|0","3","1024","2","3","1","1","1","1","1","1"
"pro-735","next","1|1.5|-4|0|0|4|0","3","1080","2","3","1","1","1","1","1","1"
"pro-735","next","1|1.5|-4|0|0|4|0","3","1440","3","4","2","1","0","0","0","1"
"pro-735","next","1|1.5|-4|0|0|4|0","3","2160","4","6","3","1","0","0","0","1"
"pro-736","NickelBack","3|1|-3|0|0|4|0","0","720","4","1","1","1","0","0","0","1"
"pro-736","NickelBack","3|1|-3|0|0|4|0","0","768","4","1","1","1","0","0","0","1"
"pro-736","NickelBack","3|1|-3|0|0|4|0","0","960","6","2","2","1","1","1","0","0"
"pro-736","NickelBack","3|1|-3|0|0|4|0","0","1024","6","2","2","1","1","1","0","0"
"pro-736","NickelBack","3|1|-3|0|0|4|0","0","1080","6","2","2","1","0","1","0","1"
"pro-736","NickelBack","3|1|-3|0|0|4|0","0","1440","9","3","2","1","1","0","0","1"
"pro-736","NickelBack","3|1|-3|0|0|4|0","0","2160","13","4","3","1","0","0","0","1"
"pro-737","nicks","1|1|-4|0|0|4|0","1","720","1","1","0","1","0","0","0","1"
"pro-737","nicks","1|1|-4|0|0|4|0","1","768","1","1","0","1","0","0","0","1"
"pro-737","nicks","1|1|-4|0|0|4|0","1","960","2","2","1","1","1","1","1","0"
"pro-737","nicks","1|1|-4|0|0|4|0","1","1024","2","2","1","1","1","1","1","0"
"pro-737","nicks","1|1|-4|0|0|4|0","1","1080","2","2","1","1","1","1","1","1"
"pro-737","nicks","1|1|-4|0|0|4|0","1","1440","3","3","1","1","1","0","0","1"
"pro-737","nicks","1|1|-4|0|0|4|0","1","2160","4","4","2","1","0","0","0","1"
"pro-738","NickyB","1|1|-4|0|0|4|0","1","720","1","1","0","1","0","0","0","1"
"pro-738","NickyB","1|1|-4|0|0|4|0","1","768","1","1","0","1","0","0","0","1"
"pro-738","NickyB","1|1|-4|0|0|4|0","1","960","2","2","1","1","1","1","1","0"
"pro-738","NickyB","1|1|-4|0|0|4|0","1","1024","2","2","1","1","1","1","1","0"
"pro-738","NickyB","1|1|-4|0|0|4|0","1","1080","2","2","1","1","1","1","1","1"
"pro-738","NickyB","1|1|-4|0|0|4|0","1","1440","3","3","1","1","1","0","0","1"
"pro-738","NickyB","1|1|-4|0|0|4|0","1","2160","4","4","2","1","0","0","0","1"
"pro-739","nicoodoz","1|1|-4|0|0|4|0","1","720","1","1","0","1","0","0","0","1"
"pro-739","nicoodoz","1|1|-4|0|0|4|0","1","768","1","1","0","1","0","0","0","1"
"pro-739","nicoodoz","1|1|-4|0|0|4|0","1","960","2","2","1","1","1","1","1","0"
"pro-739","nicoodoz","1|1|-4|0|0|4|0","1","1024","2","2","1","1","1","1","1","0"
"pro-739","nicoodoz","1|1|-4|0|0|4|0","1","1080","2","2","1","1","1","1","1","1"
"pro-739","nicoodoz","1|1|-4|0|0|4|0","1","1440","3","3","1","1","1","0","0","1"
"pro-739","nicoodoz","1|1|-4|0|0|4|0","1","2160","4","4","2","1","0","0","0","1"
"pro-740","nicx","1|1|-4|0|0|4|0","1","720","1","1","0","1","0","0","0","1"
"pro-740","nicx","1|1|-4|0|0|4|0","1","768","1","1","0","1","0","0","0","1"
"pro-740","nicx","1|1|-4|0|0|4|0","1","960","2","2","1","1","1","1","1","0"
"pro-740","nicx","1|1|-4|0|0|4|0","1","1024","2","2","1","1","1","1","1","0"
"pro-740","nicx","1|1|-4|0|0|4|0","1","1080","2","2","1","1","1","1","1","1"
"pro-740","nicx","1|1|-4|0|0|4|0","1","1440","3","3","1","1","1","0","0","1"
"pro-740","nicx","1|1|-4|0|0|4|0","1","2160","4","4","2","1","0","0","0","1"
"pro-741","nifee","1.7|0.3|-3.3|1|0|4|0","0","720","2","1","0","1","0","0","0","1"
"pro-741","nifee","1.7|0.3|-3.3|1|0|4|0","0","768","2","1","0","1","0","0","0","1"
"pro-741","nifee","1.7|0.3|-3.3|1|0|4|0","0","960","3","1","0","1","1","1","0","1"
"pro-741","nifee","1.7|0.3|-3.3|1|0|4|0","0","1024","3","1","0","1","0","1","0","1"
"pro-741","nifee","1.7|0.3|-3.3|1|0|4|0","0","1080","3","1","0","1","0","1","0","1"
"pro-741","nifee","1.7|0.3|-3.3|1|0|4|0","0","1440","5","1","0","1","1","0","0","0"
"pro-741","nifee","1.7|0.3|-3.3|1|0|4|0","0","2160","7","1","0","1","0","0","0","0"
"pro-742","niko","1|1|-4.1|0|0|4|0","0","720","1","1","0","1","0","0","0","1"
"pro-742","niko","1|1|-4.1|0|0|4|0","0","768","1","1","0","1","0","0","0","1"
"pro-742","niko","1|1|-4.1|0|0|4|0","0","960","2","2","1","1","1","1","1","0"
"pro-742","niko","1|1|-4.1|0|0|4|0","0","1024","2","2","1","1","1","1","1","0"
"pro-742","niko","1|1|-4.1|0|0|4|0","0","1080","2","2","1","1","1","1","1","0"
"pro-742","niko","1|1|-4.1|0|0|4|0","0","1440","3","3","1","1","1","0","0","1"
"pro-742","niko","1|1|-4.1|0|0|4|0","0","2160","4","4","2","1","0","0","0","1"
"pro-743","nilo","1|1|-4|0|0|4|0","1","720","1","1","0","1","0","0","0","1"
"pro-743","nilo","1|1|-4|0|0|4|0","1","768","1","1","0","1","0","0","0","1"
"pro-743","nilo","1|1|-4|0|0|4|0","1","960","2","2","1","1","1","1","1","0"
"pro-743","nilo","1|1|-4|0|0|4|0","1","1024","2","2","1","1","1","1","1","0"
"pro-743","nilo","1|1|-4|0|0|4|0","1","1080","2","2","1","1","1","1","1","1"
"pro-743","nilo","1|1|-4|0|0|4|0","1","1440","3","3","1","1","1","0","0","1"
"pro-743","nilo","1|1|-4|0|0|4|0","1","2160","4","4","2","1","0","0","0","1"
"pro-744","nin9","1.5|1|-2.5|0|0|4|0","4","720","2","1","1","1","0","0","0","0"
"pro-744","nin9","1.5|1|-2.5|0|0|4|0","4","768","2","1","1","1","0","0","0","0"
"pro-744","nin9","1.5|1|-2.5|0|0|4|0","4","960","3","2","2","1","1","1","0","1"
"pro-744","nin9","1.5|1|-2.5|0|0|4|0","4","1024","3","2","2","1","1","1","0","1"
"pro-744","nin9","1.5|1|-2.5|0|0|4|0","4","1080","3","2","2","1","1","1","0","1"
"pro-744","nin9","1.5|1|-2.5|0|0|4|0","4","1440","4","3","2","1","0","0","0","1"
"pro-744","nin9","1.5|1|-2.5|0|0|4|0","4","2160","6","4","3","1","0","0","0","1"
"pro-745","ninjaZ","1|0|-3|0|0|4|0","2","720","1","1","1","1","0","0","0","1"
"pro-745","ninjaZ","1|0|-3|0|0|4|0","2","768","1","1","1","1","0","0","0","1"
"pro-745","ninjaZ","1|0|-3|0|0|4|0","2","960","2","1","1","1","1","1","0","1"
"pro-745","ninjaZ","1|0|-3|0|0|4|0","2","1024","2","1","1","1","1","1","0","1"
"pro-745","ninjaZ","1|0|-3|0|0|4|0","2","1080","2","1","1","1","1","1","0","1"
"pro-745","ninjaZ","1|0|-3|0|0|4|0","2","1440","3","1","1","1","1","0","0","1"
"pro-745","ninjaZ","1|0|-3|0|0|4|0","2","2160","4","1","1","1","0","0","0","1"
"pro-746","nitr0","1|1|-4|0|0|4|0","1","720","1","1","0","1","0","0","0","1"
"pro-746","nitr0","1|1|-4|0|0|4|0","1","768","1","1","0","1","0","0","0","1"
"pro-746","nitr0","1|1|-4|0|0|4|0","1","960","2","2","1","1","1","1","1","0"
"pro-746","nitr0","1|1|-4|0|0|4|0","1","1024","2","2","1","1","1","1","1","0"
"pro-746","nitr0","1|1|-4|0|0|4|0","1","1080","2","2","1","1","1","1","1","1"
"pro-746","nitr0","1|1|-4|0|0|4|0","1","1440","3","3","1","1","1","0","0","1"
"pro-746","nitr0","1|1|-4|0|0|4|0","1","2160","4","4","2","1","0","0","0","1"
"pro-747","Nivera","1.5|0|-3|0|0|4|0","0","720","2","1","1","1","1","0","0","1"
"pro-747","Nivera","1.5|0|-3|0|0|4|0","0","768","2","1","1","1","1","0","0","1"
"pro-747","Nivera","1.5|0|-3|0|0|4|0","0","960","3","1","1","1","1","1","0","1"
"pro-747","Nivera","1.5|0|-3|0|0|4|0","0","1024","3","1","1","1","1","1","0","1"
"pro-747","Nivera","1.5|0|-3|0|0|4|0","0","1080","3","1","1","1","1","1","0","1"
"pro-747","Nivera","1.5|0|-3|0|0|4|0","0","1440","4","1","1","1","0","0","0","1"
"pro-747","Nivera","1.5|0|-3|0|0|4|0","0","2160","6","1","1","1","0","0","0","1"
"pro-748","njuKI","2.6|0|-0.3|0|0|4|0","4","720","3","1","3","1","0","0","0","0"
"pro-748","njuKI","2.6|0|-0.3|0|0|4|0","4","768","4","1","3","1","1","0","0","1"
"pro-748","njuKI","2.6|0|-0.3|0|0|4|0","4","960","5","1","3","1","1","1","0","1"
"pro-748","njuKI","2.6|0|-0.3|0|0|4|0","4","1024","5","1","3","1","0","1","0","1"
"pro-748","njuKI","2.6|0|-0.3|0|0|4|0","4","1080","5","1","3","1","0","1","0","0"
"pro-748","njuKI","2.6|0|-0.3|0|0|4|0","4","1440","7","1","3","1","0","0","0","0"
"pro-748","njuKI","2.6|0|-0.3|0|0|4|0","4","2160","11","1","3","1","0","0","0","0"
"pro-749","Nodios","3|0|-3|0|0|4|0","0","720","4","1","1","1","0","0","0","1"
"pro-749","Nodios","3|0|-3|0|0|4|0","0","768","4","1","1","1","0","0","0","1"
"pro-749","Nodios","3|0|-3|0|0|4|0","0","960","6","1","1","1","1","1","0","1"
"pro-749","Nodios","3|0|-3|0|0|4|0","0","1024","6","1","1","1","1","1","0","1"
"pro-749","Nodios","3|0|-3|0|0|4|0","0","1080","6","1","1","1","0","1","0","1"
"pro-749","Nodios","3|0|-3|0|0|4|0","0","1440","9","1","1","1","1","0","0","1"
"pro-749","Nodios","3|0|-3|0|0|4|0","0","2160","13","1","1","1","0","0","0","1"
"pro-750","Noktse","1|2|-6|0|0|4|0","1","720","1","3","-1","1","0","0","0","0"
"pro-750","Noktse","1|2|-6|0|0|4|0","1","768","1","3","-1","1","0","0","0","1"
"pro-750","Noktse","1|2|-6|0|0|4|0","1","960","2","4","0","1","1","1","1","0"
"pro-750","Noktse","1|2|-6|0|0|4|0","1","1024","2","4","0","1","1","1","1","0"
"pro-750","Noktse","1|2|-6|0|0|4|0","1","1080","2","4","0","1","0","1","1","1"
"pro-750","Noktse","1|2|-6|0|0|4|0","1","1440","3","6","1","1","1","0","0","0"
"pro-750","Noktse","1|2|-6|0|0|4|0","1","2160","4","9","2","1","0","0","0","0"
"pro-751","nooz","1|0|-4|0|0|4|0","3","720","1","1","0","1","0","0","0","1"
"pro-751","nooz","1|0|-4|0|0|4|0","3","768","1","1","0","1","0","0","0","1"
"pro-751","nooz","1|0|-4|0|0|4|0","3","960","2","1","0","1","1","1","0","1"
"pro-751","nooz","1|0|-4|0|0|4|0","3","1024","2","1","0","1","1","1","0","1"
"pro-751","nooz","1|0|-4|0|0|4|0","3","1080","2","1","0","1","1","1","0","1"
"pro-751","nooz","1|0|-4|0|0|4|0","3","1440","3","1","0","1","1","0","0","1"
"pro-751","nooz","1|0|-4|0|0|4|0","3","2160","4","1","0","1","0","0","0","1"
"pro-752","NOPEEj","2|0|-3|0|0|4|0","3","720","3","1","1","1","1","0","0","1"
"pro-752","NOPEEj","2|0|-3|0|0|4|0","3","768","3","1","1","1","1","0","0","1"
"pro-752","NOPEEj","2|0|-3|0|0|4|0","3","960","4","1","1","1","1","1","0","1"
"pro-752","NOPEEj","2|0|-3|0|0|4|0","3","1024","4","1","1","1","1","1","0","1"
"pro-752","NOPEEj","2|0|-3|0|0|4|0","3","1080","4","1","1","1","0","1","0","1"
"pro-752","NOPEEj","2|0|-3|0|0|4|0","3","1440","6","1","1","1","1","0","0","1"
"pro-752","NOPEEj","2|0|-3|0|0|4|0","3","2160","9","1","1","1","1","0","0","1"
"pro-753","nopzy","1.1|0.1|-2.3|0|0|4|0","2","720","1","1","1","1","0","0","0","1"
"pro-753","nopzy","1.1|0.1|-2.3|0|0|4|0","2","768","1","1","1","1","0","0","0","1"
"pro-753","nopzy","1.1|0.1|-2.3|0|0|4|0","2","960","2","1","1","1","1","1","0","1"
"pro-753","nopzy","1.1|0.1|-2.3|0|0|4|0","2","1024","2","1","1","1","1","1","0","1"
"pro-753","nopzy","1.1|0.1|-2.3|0|0|4|0","2","1080","2","1","1","1","1","1","0","1"
"pro-753","nopzy","1.1|0.1|-2.3|0|0|4|0","2","1440","3","1","1","1","1","0","0","1"
"pro-753","nopzy","1.1|0.1|-2.3|0|0|4|0","2","2160","4","1","1","1","0","0","0","0"
"pro-754","Norwi","3.5|1|-3|0|0|4|0","0","720","5","1","1","1","0","0","0","1"
"pro-754","Norwi","3.5|1|-3|0|0|4|0","0","768","5","1","1","1","0","0","0","1"
"pro-754","Norwi","3.5|1|-3|0|0|4|0","0","960","7","2","2","1","1","1","1","0"
"pro-754","Norwi","3.5|1|-3|0|0|4|0","0","1024","7","2","2","1","1","1","1","0"
"pro-754","Norwi","3.5|1|-3|0|0|4|0","0","1080","7","2","2","1","0","1","1","1"
"pro-754","Norwi","3.5|1|-3|0|0|4|0","0","1440","10","3","2","1","0","0","0","1"
"pro-754","Norwi","3.5|1|-3|0|0|4|0","0","2160","15","4","3","1","0","0","0","1"
"pro-755","nosraC","2|0.6|-3|0|0|4|0","0","720","3","1","1","1","1","0","0","1"
"pro-755","nosraC","2|0.6|-3|0|0|4|0","0","768","3","1","1","1","1","0","0","1"
"pro-755","nosraC","2|0.6|-3|0|0|4|0","0","960","4","1","1","1","1","1","0","1"
"pro-755","nosraC","2|0.6|-3|0|0|4|0","0","1024","4","1","1","1","1","1","0","1"
"pro-755","nosraC","2|0.6|-3|0|0|4|0","0","1080","4","1","1","1","0","1","0","1"
"pro-755","nosraC","2|0.6|-3|0|0|4|0","0","1440","6","1","1","1","0","0","0","0"
"pro-755","nosraC","2|0.6|-3|0|0|4|0","0","2160","9","2","2","1","0","0","0","1"
"pro-756","nota","1|1|-3|0|0|4|0","1","720","1","1","1","1","0","0","0","1"
"pro-756","nota","1|1|-3|0|0|4|0","1","768","1","1","1","1","0","0","0","1"
"pro-756","nota","1|1|-3|0|0|4|0","1","960","2","2","2","1","1","1","1","0"
"pro-756","nota","1|1|-3|0|0|4|0","1","1024","2","2","2","1","1","1","1","0"
"pro-756","nota","1|1|-3|0|0|4|0","1","1080","2","2","2","1","1","1","1","0"
"pro-756","nota","1|1|-3|0|0|4|0","1","1440","3","3","2","1","1","0","0","1"
"pro-756","nota","1|1|-3|0|0|4|0","1","2160","4","4","3","1","0","0","0","1"
"pro-757","notineki","2|0|-3|0|0|4|0","3","720","3","1","1","1","1","0","0","1"
"pro-757","notineki","2|0|-3|0|0|4|0","3","768","3","1","1","1","1","0","0","1"
"pro-757","notineki","2|0|-3|0|0|4|0","3","960","4","1","1","1","1","1","0","1"
"pro-757","notineki","2|0|-3|0|0|4|0","3","1024","4","1","1","1","1","1","0","1"
"pro-757","notineki","2|0|-3|0|0|4|0","3","1080","4","1","1","1","0","1","0","1"
"pro-757","notineki","2|0|-3|0|0|4|0","3","1440","6","1","1","1","1","0","0","1"
"pro-757","notineki","2|0|-3|0|0|4|0","3","2160","9","1","1","1","1","0","0","1"
"pro-758","noway","2.4|0.3|-2.7|0|0|4|0","4","720","3","1","1","1","0","0","0","1"
"pro-758","noway","2.4|0.3|-2.7|0|0|4|0","4","768","3","1","1","1","0","0","0","1"
"pro-758","noway","2.4|0.3|-2.7|0|0|4|0","4","960","4","1","1","1","0","1","0","1"
"pro-758","noway","2.4|0.3|-2.7|0|0|4|0","4","1024","5","1","1","1","1","0","0","1"
"pro-758","noway","2.4|0.3|-2.7|0|0|4|0","4","1080","5","1","1","1","1","0","0","1"
"pro-758","noway","2.4|0.3|-2.7|0|0|4|0","4","1440","7","1","1","1","1","0","0","1"
"pro-758","noway","2.4|0.3|-2.7|0|0|4|0","4","2160","10","1","1","1","0","0","0","1"
"pro-759","nqz","1|1|-4|0|0|4|0","1","720","1","1","0","1","0","0","0","1"
"pro-759","nqz","1|1|-4|0|0|4|0","1","768","1","1","0","1","0","0","0","1"
"pro-759","nqz","1|1|-4|0|0|4|0","1","960","2","2","1","1","1","1","1","0"
"pro-759","nqz","1|1|-4|0|0|4|0","1","1024","2","2","1","1","1","1","1","0"
"pro-759","nqz","1|1|-4|0|0|4|0","1","1080","2","2","1","1","1","1","1","1"
"pro-759","nqz","1|1|-4|0|0|4|0","1","1440","3","3","1","1","1","0","0","1"
"pro-759","nqz","1|1|-4|0|0|4|0","1","2160","4","4","2","1","0","0","0","1"
"pro-760","NucleonZ","1.1|0.1|-3.4|0|0|4|0","0","720","1","1","0","1","0","0","0","1"
"pro-760","NucleonZ","1.1|0.1|-3.4|0|0|4|0","0","768","1","1","0","1","0","0","0","1"
"pro-760","NucleonZ","1.1|0.1|-3.4|0|0|4|0","0","960","2","1","0","1","1","1","0","1"
"pro-760","NucleonZ","1.1|0.1|-3.4|0|0|4|0","0","1024","2","1","0","1","1","1","0","1"
"pro-760","NucleonZ","1.1|0.1|-3.4|0|0|4|0","0","1080","2","1","0","1","1","1","0","1"
"pro-760","NucleonZ","1.1|0.1|-3.4|0|0|4|0","0","1440","3","1","0","1","1","0","0","1"
"pro-760","NucleonZ","1.1|0.1|-3.4|0|0|4|0","0","2160","4","1","0","1","0","0","0","0"
"pro-761","nut nut","2|0|-3|0|0|4|0","3","720","3","1","1","1","1","0","0","1"
"pro-761","nut nut","2|0|-3|0|0|4|0","3","768","3","1","1","1","1","0","0","1"
"pro-761","nut nut","2|0|-3|0|0|4|0","3","960","4","1","1","1","1","1","0","1"
"pro-761","nut nut","2|0|-3|0|0|4|0","3","1024","4","1","1","1","1","1","0","1"
"pro-761","nut nut","2|0|-3|0|0|4|0","3","1080","4","1","1","1","0","1","0","1"
"pro-761","nut nut","2|0|-3|0|0|4|0","3","1440","6","1","1","1","1","0","0","1"
"pro-761","nut nut","2|0|-3|0|0|4|0","3","2160","9","1","1","1","1","0","0","1"
"pro-762","nyezin","1|1|-4|0|0|4|0","1","720","1","1","0","1","0","0","0","1"
"pro-762","nyezin","1|1|-4|0|0|4|0","1","768","1","1","0","1","0","0","0","1"
"pro-762","nyezin","1|1|-4|0|0|4|0","1","960","2","2","1","1","1","1","1","0"
"pro-762","nyezin","1|1|-4|0|0|4|0","1","1024","2","2","1","1","1","1","1","0"
"pro-762","nyezin","1|1|-4|0|0|4|0","1","1080","2","2","1","1","1","1","1","1"
"pro-762","nyezin","1|1|-4|0|0|4|0","1","1440","3","3","1","1","1","0","0","1"
"pro-762","nyezin","1|1|-4|0|0|4|0","1","2160","4","4","2","1","0","0","0","1"
"pro-763","nython","1.5|1|-3|0|0|4|0","1","720","2","1","1","1","0","0","0","1"
"pro-763","nython","1.5|1|-3|0|0|4|0","1","768","2","1","1","1","0","0","0","1"
"pro-763","nython","1.5|1|-3|0|0|4|0","1","960","3","2","2","1","1","1","0","0"
"pro-763","nython","1.5|1|-3|0|0|4|0","1","1024","3","2","2","1","1","1","0","0"
"pro-763","nython","1.5|1|-3|0|0|4|0","1","1080","3","2","2","1","1","1","0","1"
"pro-763","nython","1.5|1|-3|0|0|4|0","1","1440","4","3","2","1","0","0","0","1"
"pro-763","nython","1.5|1|-3|0|0|4|0","1","2160","6","4","3","1","0","0","0","1"
"pro-764","ogwizard","1.2|0.9|-3.8|0|0|4|0","3","720","1","1","0","1","0","0","0","1"
"pro-764","ogwizard","1.2|0.9|-3.8|0|0|4|0","3","768","1","1","0","1","0","0","0","0"
"pro-764","ogwizard","1.2|0.9|-3.8|0|0|4|0","3","960","2","1","0","1","0","1","0","0"
"pro-764","ogwizard","1.2|0.9|-3.8|0|0|4|0","3","1024","2","1","0","1","0","1","0","0"
"pro-764","ogwizard","1.2|0.9|-3.8|0|0|4|0","3","1080","2","2","1","1","0","0","0","1"
"pro-764","ogwizard","1.2|0.9|-3.8|0|0|4|0","3","1440","3","2","1","1","0","0","0","1"
"pro-764","ogwizard","1.2|0.9|-3.8|0|0|4|0","3","2160","5","4","2","1","1","0","0","1"
"pro-765","olimp","1|1|-4|0|0|4|0","1","720","1","1","0","1","0","0","0","1"
"pro-765","olimp","1|1|-4|0|0|4|0","1","768","1","1","0","1","0","0","0","1"
"pro-765","olimp","1|1|-4|0|0|4|0","1","960","2","2","1","1","1","1","1","0"
"pro-765","olimp","1|1|-4|0|0|4|0","1","1024","2","2","1","1","1","1","1","0"
"pro-765","olimp","1|1|-4|0|0|4|0","1","1080","2","2","1","1","1","1","1","1"
"pro-765","olimp","1|1|-4|0|0|4|0","1","1440","3","3","1","1","1","0","0","1"
"pro-765","olimp","1|1|-4|0|0|4|0","1","2160","4","4","2","1","0","0","0","1"
"pro-766","onic","1|1|-4|0|0|4|0","1","720","1","1","0","1","0","0","0","1"
"pro-766","onic","1|1|-4|0|0|4|0","1","768","1","1","0","1","0","0","0","1"
"pro-766","onic","1|1|-4|0|0|4|0","1","960","2","2","1","1","1","1","1","0"
"pro-766","onic","1|1|-4|0|0|4|0","1","1024","2","2","1","1","1","1","1","0"
"pro-766","onic","1|1|-4|0|0|4|0","1","1080","2","2","1","1","1","1","1","1"
"pro-766","onic","1|1|-4|0|0|4|0","1","1440","3","3","1","1","1","0","0","1"
"pro-766","onic","1|1|-4|0|0|4|0","1","2160","4","4","2","1","0","0","0","1"
"pro-767","Orbit","1.5|0|-3|0|0|4|0","0","720","2","1","1","1","1","0","0","1"
"pro-767","Orbit","1.5|0|-3|0|0|4|0","0","768","2","1","1","1","1","0","0","1"
"pro-767","Orbit","1.5|0|-3|0|0|4|0","0","960","3","1","1","1","1","1","0","1"
"pro-767","Orbit","1.5|0|-3|0|0|4|0","0","1024","3","1","1","1","1","1","0","1"
"pro-767","Orbit","1.5|0|-3|0|0|4|0","0","1080","3","1","1","1","1","1","0","1"
"pro-767","Orbit","1.5|0|-3|0|0|4|0","0","1440","4","1","1","1","0","0","0","1"
"pro-767","Orbit","1.5|0|-3|0|0|4|0","0","2160","6","1","1","1","0","0","0","1"
"pro-768","oSee","1|0|-5|1|0|4|0","3","720","1","1","-1","1","0","0","0","1"
"pro-768","oSee","1|0|-5|1|0|4|0","3","768","1","1","-1","1","0","0","0","1"
"pro-768","oSee","1|0|-5|1|0|4|0","3","960","2","1","-1","1","1","1","0","1"
"pro-768","oSee","1|0|-5|1|0|4|0","3","1024","2","1","-1","1","1","1","0","1"
"pro-768","oSee","1|0|-5|1|0|4|0","3","1080","2","1","-1","1","1","1","0","1"
"pro-768","oSee","1|0|-5|1|0|4|0","3","1440","3","1","-1","1","1","0","0","1"
"pro-768","oSee","1|0|-5|1|0|4|0","3","2160","4","1","-1","1","0","0","0","1"
"pro-770","ottob","1|1|-4|0|0|4|0","1","720","1","1","0","1","0","0","0","1"
"pro-770","ottob","1|1|-4|0|0|4|0","1","768","1","1","0","1","0","0","0","1"
"pro-770","ottob","1|1|-4|0|0|4|0","1","960","2","2","1","1","1","1","1","0"
"pro-770","ottob","1|1|-4|0|0|4|0","1","1024","2","2","1","1","1","1","1","0"
"pro-770","ottob","1|1|-4|0|0|4|0","1","1080","2","2","1","1","1","1","1","1"
"pro-770","ottob","1|1|-4|0|0|4|0","1","1440","3","3","1","1","1","0","0","1"
"pro-770","ottob","1|1|-4|0|0|4|0","1","2160","4","4","2","1","0","0","0","1"
"pro-771","OwensinhoM","1|1|-4|0|0|4|0","1","720","1","1","0","1","0","0","0","1"
"pro-771","OwensinhoM","1|1|-4|0|0|4|0","1","768","1","1","0","1","0","0","0","1"
"pro-771","OwensinhoM","1|1|-4|0|0|4|0","1","960","2","2","1","1","1","1","1","0"
"pro-771","OwensinhoM","1|1|-4|0|0|4|0","1","1024","2","2","1","1","1","1","1","0"
"pro-771","OwensinhoM","1|1|-4|0|0|4|0","1","1080","2","2","1","1","1","1","1","1"
"pro-771","OwensinhoM","1|1|-4|0|0|4|0","1","1440","3","3","1","1","1","0","0","1"
"pro-771","OwensinhoM","1|1|-4|0|0|4|0","1","2160","4","4","2","1","0","0","0","1"
"pro-772","OWNER","1|1.3|-4|0|0|4|0","3","720","1","1","0","1","0","0","0","0"
"pro-772","OWNER","1|1.3|-4|0|0|4|0","3","768","1","2","1","1","0","0","0","0"
"pro-772","OWNER","1|1.3|-4|0|0|4|0","3","960","2","2","1","1","0","1","0","1"
"pro-772","OWNER","1|1.3|-4|0|0|4|0","3","1024","2","2","1","1","0","1","0","1"
"pro-772","OWNER","1|1.3|-4|0|0|4|0","3","1080","2","2","1","1","0","1","0","0"
"pro-772","OWNER","1|1.3|-4|0|0|4|0","3","1440","3","3","1","1","0","0","0","1"
"pro-772","OWNER","1|1.3|-4|0|0|4|0","3","2160","4","5","2","1","0","0","0","1"
"pro-773","oxygeN","1.5|0|-3.9|0|0|4|0","2","720","2","1","0","1","1","0","0","1"
"pro-773","oxygeN","1.5|0|-3.9|0|0|4|0","2","768","2","1","0","1","1","0","0","1"
"pro-773","oxygeN","1.5|0|-3.9|0|0|4|0","2","960","3","1","0","1","1","1","0","1"
"pro-773","oxygeN","1.5|0|-3.9|0|0|4|0","2","1024","3","1","0","1","1","1","0","1"
"pro-773","oxygeN","1.5|0|-3.9|0|0|4|0","2","1080","3","1","0","1","1","1","0","1"
"pro-773","oxygeN","1.5|0|-3.9|0|0|4|0","2","1440","4","1","0","1","0","0","0","1"
"pro-773","oxygeN","1.5|0|-3.9|0|0|4|0","2","2160","6","1","0","1","0","0","0","1"
"pro-774","p12","0.5|1|-1|0|0|4|0","1","720","0","1","3","1","0","0","0","1"
"pro-774","p12","0.5|1|-1|0|0|4|0","1","768","0","1","3","1","0","0","0","1"
"pro-774","p12","0.5|1|-1|0|0|4|0","1","960","1","2","4","1","1","1","0","0"
"pro-774","p12","0.5|1|-1|0|0|4|0","1","1024","1","2","4","1","1","1","0","0"
"pro-774","p12","0.5|1|-1|0|0|4|0","1","1080","1","2","4","1","1","1","0","0"
"pro-774","p12","0.5|1|-1|0|0|4|0","1","1440","1","3","4","1","0","0","0","1"
"pro-774","p12","0.5|1|-1|0|0|4|0","1","2160","2","4","5","1","0","0","0","1"
"pro-775","p3kko","1|1|-4|0|0|4|0","1","720","1","1","0","1","0","0","0","1"
"pro-775","p3kko","1|1|-4|0|0|4|0","1","768","1","1","0","1","0","0","0","1"
"pro-775","p3kko","1|1|-4|0|0|4|0","1","960","2","2","1","1","1","1","1","0"
"pro-775","p3kko","1|1|-4|0|0|4|0","1","1024","2","2","1","1","1","1","1","0"
"pro-775","p3kko","1|1|-4|0|0|4|0","1","1080","2","2","1","1","1","1","1","1"
"pro-775","p3kko","1|1|-4|0|0|4|0","1","1440","3","3","1","1","1","0","0","1"
"pro-775","p3kko","1|1|-4|0|0|4|0","1","2160","4","4","2","1","0","0","0","1"
"pro-777","pain","1|1|-4|0|0|4|0","1","720","1","1","0","1","0","0","0","1"
"pro-777","pain","1|1|-4|0|0|4|0","1","768","1","1","0","1","0","0","0","1"
"pro-777","pain","1|1|-4|0|0|4|0","1","960","2","2","1","1","1","1","1","0"
"pro-777","pain","1|1|-4|0|0|4|0","1","1024","2","2","1","1","1","1","1","0"
"pro-777","pain","1|1|-4|0|0|4|0","1","1080","2","2","1","1","1","1","1","1"
"pro-777","pain","1|1|-4|0|0|4|0","1","1440","3","3","1","1","1","0","0","1"
"pro-777","pain","1|1|-4|0|0|4|0","1","2160","4","4","2","1","0","0","0","1"
"pro-778","pancc","1|1|-4|0|0|4|0","1","720","1","1","0","1","0","0","0","1"
"pro-778","pancc","1|1|-4|0|0|4|0","1","768","1","1","0","1","0","0","0","1"
"pro-778","pancc","1|1|-4|0|0|4|0","1","960","2","2","1","1","1","1","1","0"
"pro-778","pancc","1|1|-4|0|0|4|0","1","1024","2","2","1","1","1","1","1","0"
"pro-778","pancc","1|1|-4|0|0|4|0","1","1080","2","2","1","1","1","1","1","1"
"pro-778","pancc","1|1|-4|0|0|4|0","1","1440","3","3","1","1","1","0","0","1"
"pro-778","pancc","1|1|-4|0|0|4|0","1","2160","4","4","2","1","0","0","0","1"
"pro-779","Patsi","1.5|0|-4|0|0|4|0","1","720","2","1","0","1","1","0","0","1"
"pro-779","Patsi","1.5|0|-4|0|0|4|0","1","768","2","1","0","1","1","0","0","1"
"pro-779","Patsi","1.5|0|-4|0|0|4|0","1","960","3","1","0","1","1","1","0","1"
"pro-779","Patsi","1.5|0|-4|0|0|4|0","1","1024","3","1","0","1","1","1","0","1"
"pro-779","Patsi","1.5|0|-4|0|0|4|0","1","1080","3","1","0","1","1","1","0","1"
"pro-779","Patsi","1.5|0|-4|0|0|4|0","1","1440","4","1","0","1","0","0","0","1"
"pro-779","Patsi","1.5|0|-4|0|0|4|0","1","2160","6","1","0","1","0","0","0","1"
"pro-780","Patti","1.5|0|-3|0|0|4|0","0","720","2","1","1","1","1","0","0","1"
"pro-780","Patti","1.5|0|-3|0|0|4|0","0","768","2","1","1","1","1","0","0","1"
"pro-780","Patti","1.5|0|-3|0|0|4|0","0","960","3","1","1","1","1","1","0","1"
"pro-780","Patti","1.5|0|-3|0|0|4|0","0","1024","3","1","1","1","1","1","0","1"
"pro-780","Patti","1.5|0|-3|0|0|4|0","0","1080","3","1","1","1","1","1","0","1"
"pro-780","Patti","1.5|0|-3|0|0|4|0","0","1440","4","1","1","1","0","0","0","1"
"pro-780","Patti","1.5|0|-3|0|0|4|0","0","2160","6","1","1","1","0","0","0","1"
"pro-781","Peeping","1|1|-4|0|0|4|0","1","720","1","1","0","1","0","0","0","1"
"pro-781","Peeping","1|1|-4|0|0|4|0","1","768","1","1","0","1","0","0","0","1"
"pro-781","Peeping","1|1|-4|0|0|4|0","1","960","2","2","1","1","1","1","1","0"
"pro-781","Peeping","1|1|-4|0|0|4|0","1","1024","2","2","1","1","1","1","1","0"
"pro-781","Peeping","1|1|-4|0|0|4|0","1","1080","2","2","1","1","1","1","1","1"
"pro-781","Peeping","1|1|-4|0|0|4|0","1","1440","3","3","1","1","1","0","0","1"
"pro-781","Peeping","1|1|-4|0|0|4|0","1","2160","4","4","2","1","0","0","0","1"
"pro-782","pepe","1|0.9|-4|0|0|4|0","1","720","1","1","0","1","0","0","0","1"
"pro-782","pepe","1|0.9|-4|0|0|4|0","1","768","1","1","0","1","0","0","0","1"
"pro-782","pepe","1|0.9|-4|0|0|4|0","1","960","2","1","0","1","0","1","0","0"
"pro-782","pepe","1|0.9|-4|0|0|4|0","1","1024","2","1","0","1","0","1","0","0"
"pro-782","pepe","1|0.9|-4|0|0|4|0","1","1080","2","2","1","1","1","0","0","0"
"pro-782","pepe","1|0.9|-4|0|0|4|0","1","1440","3","2","1","1","0","0","0","1"
"pro-782","pepe","1|0.9|-4|0|0|4|0","1","2160","4","4","2","1","0","0","0","1"
"pro-783","Pepo","1|1|-4|0|0|4|0","1","720","1","1","0","1","0","0","0","1"
"pro-783","Pepo","1|1|-4|0|0|4|0","1","768","1","1","0","1","0","0","0","1"
"pro-783","Pepo","1|1|-4|0|0|4|0","1","960","2","2","1","1","1","1","1","0"
"pro-783","Pepo","1|1|-4|0|0|4|0","1","1024","2","2","1","1","1","1","1","0"
"pro-783","Pepo","1|1|-4|0|0|4|0","1","1080","2","2","1","1","1","1","1","1"
"pro-783","Pepo","1|1|-4|0|0|4|0","1","1440","3","3","1","1","1","0","0","1"
"pro-783","Pepo","1|1|-4|0|0|4|0","1","2160","4","4","2","1","0","0","0","1"
"pro-784","Perfecto","0.8|0.7|-3.8|0|0|4|0","2","720","1","1","0","1","1","1","0","1"
"pro-784","Perfecto","0.8|0.7|-3.8|0|0|4|0","2","768","1","1","0","1","1","1","0","1"
"pro-784","Perfecto","0.8|0.7|-3.8|0|0|4|0","2","960","1","1","0","1","0","1","0","1"
"pro-784","Perfecto","0.8|0.7|-3.8|0|0|4|0","2","1024","1","1","0","1","0","1","0","1"
"pro-784","Perfecto","0.8|0.7|-3.8|0|0|4|0","2","1080","1","1","0","1","0","1","0","1"
"pro-784","Perfecto","0.8|0.7|-3.8|0|0|4|0","2","1440","2","2","1","1","1","0","0","1"
"pro-784","Perfecto","0.8|0.7|-3.8|0|0|4|0","2","2160","3","3","1","1","0","0","0","1"
"pro-785","pesadelo","1|1|-4|0|0|4|0","1","720","1","1","0","1","0","0","0","1"
"pro-785","pesadelo","1|1|-4|0|0|4|0","1","768","1","1","0","1","0","0","0","1"
"pro-785","pesadelo","1|1|-4|0|0|4|0","1","960","2","2","1","1","1","1","1","0"
"pro-785","pesadelo","1|1|-4|0|0|4|0","1","1024","2","2","1","1","1","1","1","0"
"pro-785","pesadelo","1|1|-4|0|0|4|0","1","1080","2","2","1","1","1","1","1","1"
"pro-785","pesadelo","1|1|-4|0|0|4|0","1","1440","3","3","1","1","1","0","0","1"
"pro-785","pesadelo","1|1|-4|0|0|4|0","1","2160","4","4","2","1","0","0","0","1"
"pro-786","phzy","1.5|0.1|-2.9|0|0|4|0","1","720","2","1","1","1","1","0","0","0"
"pro-786","phzy","1.5|0.1|-2.9|0|0|4|0","1","768","2","1","1","1","1","0","0","0"
"pro-786","phzy","1.5|0.1|-2.9|0|0|4|0","1","960","3","1","1","1","1","1","0","1"
"pro-786","phzy","1.5|0.1|-2.9|0|0|4|0","1","1024","3","1","1","1","1","1","0","1"
"pro-786","phzy","1.5|0.1|-2.9|0|0|4|0","1","1080","3","1","1","1","1","1","0","1"
"pro-786","phzy","1.5|0.1|-2.9|0|0|4|0","1","1440","4","1","1","1","0","0","0","1"
"pro-786","phzy","1.5|0.1|-2.9|0|0|4|0","1","2160","6","1","1","1","0","0","0","1"
"pro-787","Pipw","1.5|0|-4|0|0|4|0","1","720","2","1","0","1","1","0","0","1"
"pro-787","Pipw","1.5|0|-4|0|0|4|0","1","768","2","1","0","1","1","0","0","1"
"pro-787","Pipw","1.5|0|-4|0|0|4|0","1","960","3","1","0","1","1","1","0","1"
"pro-787","Pipw","1.5|0|-4|0|0|4|0","1","1024","3","1","0","1","1","1","0","1"
"pro-787","Pipw","1.5|0|-4|0|0|4|0","1","1080","3","1","0","1","1","1","0","1"
"pro-787","Pipw","1.5|0|-4|0|0|4|0","1","1440","4","1","0","1","0","0","0","1"
"pro-787","Pipw","1.5|0|-4|0|0|4|0","1","2160","6","1","0","1","0","0","0","1"
"pro-788","piriajr","1|1|-4|0|0|4|0","1","720","1","1","0","1","0","0","0","1"
"pro-788","piriajr","1|1|-4|0|0|4|0","1","768","1","1","0","1","0","0","0","1"
"pro-788","piriajr","1|1|-4|0|0|4|0","1","960","2","2","1","1","1","1","1","0"
"pro-788","piriajr","1|1|-4|0|0|4|0","1","1024","2","2","1","1","1","1","1","0"
"pro-788","piriajr","1|1|-4|0|0|4|0","1","1080","2","2","1","1","1","1","1","1"
"pro-788","piriajr","1|1|-4|0|0|4|0","1","1440","3","3","1","1","1","0","0","1"
"pro-788","piriajr","1|1|-4|0|0|4|0","1","2160","4","4","2","1","0","0","0","1"
"pro-789","PKL","1.5|0.1|-2.6|0|0|4|0","0","720","2","1","1","1","1","0","0","1"
"pro-789","PKL","1.5|0.1|-2.6|0|0|4|0","0","768","2","1","1","1","1","0","0","1"
"pro-789","PKL","1.5|0.1|-2.6|0|0|4|0","0","960","3","1","1","1","1","1","0","1"
"pro-789","PKL","1.5|0.1|-2.6|0|0|4|0","0","1024","3","1","1","1","1","1","0","1"
"pro-789","PKL","1.5|0.1|-2.6|0|0|4|0","0","1080","3","1","1","1","1","1","0","1"
"pro-789","PKL","1.5|0.1|-2.6|0|0|4|0","0","1440","4","1","1","1","0","0","0","1"
"pro-789","PKL","1.5|0.1|-2.6|0|0|4|0","0","2160","6","1","1","1","0","0","0","1"
"pro-790","PlesseN","1|1|-4|0|0|4|0","1","720","1","1","0","1","0","0","0","1"
"pro-790","PlesseN","1|1|-4|0|0|4|0","1","768","1","1","0","1","0","0","0","1"
"pro-790","PlesseN","1|1|-4|0|0|4|0","1","960","2","2","1","1","1","1","1","0"
"pro-790","PlesseN","1|1|-4|0|0|4|0","1","1024","2","2","1","1","1","1","1","0"
"pro-790","PlesseN","1|1|-4|0|0|4|0","1","1080","2","2","1","1","1","1","1","1"
"pro-790","PlesseN","1|1|-4|0|0|4|0","1","1440","3","3","1","1","1","0","0","1"
"pro-790","PlesseN","1|1|-4|0|0|4|0","1","2160","4","4","2","1","0","0","0","1"
"pro-791","Plopski","1.5|0|-3|0|0|4|0","0","720","2","1","1","1","1","0","0","1"
"pro-791","Plopski","1.5|0|-3|0|0|4|0","0","768","2","1","1","1","1","0","0","1"
"pro-791","Plopski","1.5|0|-3|0|0|4|0","0","960","3","1","1","1","1","1","0","1"
"pro-791","Plopski","1.5|0|-3|0|0|4|0","0","1024","3","1","1","1","1","1","0","1"
"pro-791","Plopski","1.5|0|-3|0|0|4|0","0","1080","3","1","1","1","1","1","0","1"
"pro-791","Plopski","1.5|0|-3|0|0|4|0","0","1440","4","1","1","1","0","0","0","1"
"pro-791","Plopski","1.5|0|-3|0|0|4|0","0","2160","6","1","1","1","0","0","0","1"
"pro-792","podi","1|1|-4|0|0|4|0","1","720","1","1","0","1","0","0","0","1"
"pro-792","podi","1|1|-4|0|0|4|0","1","768","1","1","0","1","0","0","0","1"
"pro-792","podi","1|1|-4|0|0|4|0","1","960","2","2","1","1","1","1","1","0"
"pro-792","podi","1|1|-4|0|0|4|0","1","1024","2","2","1","1","1","1","1","0"
"pro-792","podi","1|1|-4|0|0|4|0","1","1080","2","2","1","1","1","1","1","1"
"pro-792","podi","1|1|-4|0|0|4|0","1","1440","3","3","1","1","1","0","0","1"
"pro-792","podi","1|1|-4|0|0|4|0","1","2160","4","4","2","1","0","0","0","1"
"pro-793","Polbandana","1|1|-4|0|0|4|0","1","720","1","1","0","1","0","0","0","1"
"pro-793","Polbandana","1|1|-4|0|0|4|0","1","768","1","1","0","1","0","0","0","1"
"pro-793","Polbandana","1|1|-4|0|0|4|0","1","960","2","2","1","1","1","1","1","0"
"pro-793","Polbandana","1|1|-4|0|0|4|0","1","1024","2","2","1","1","1","1","1","0"
"pro-793","Polbandana","1|1|-4|0|0|4|0","1","1080","2","2","1","1","1","1","1","1"
"pro-793","Polbandana","1|1|-4|0|0|4|0","1","1440","3","3","1","1","1","0","0","1"
"pro-793","Polbandana","1|1|-4|0|0|4|0","1","2160","4","4","2","1","0","0","0","1"
"pro-794","polo","2.5|0|-2|0|0|4|0","3","720","3","1","2","1","0","0","0","1"
"pro-794","polo","2.5|0|-2|0|0|4|0","3","768","4","1","2","1","1","0","0","1"
"pro-794","polo","2.5|0|-2|0|0|4|0","3","960","5","1","2","1","1","1","0","1"
"pro-794","polo","2.5|0|-2|0|0|4|0","3","1024","5","1","2","1","1","1","0","1"
"pro-794","polo","2.5|0|-2|0|0|4|0","3","1080","5","1","2","1","0","1","0","1"
"pro-794","polo","2.5|0|-2|0|0|4|0","3","1440","7","1","2","1","0","0","0","1"
"pro-794","polo","2.5|0|-2|0|0|4|0","3","2160","11","1","2","1","1","0","0","1"
"pro-795","Polt","1|0|-3|0|0|4|0","2","720","1","1","1","1","0","0","0","1"
"pro-795","Polt","1|0|-3|0|0|4|0","2","768","1","1","1","1","0","0","0","1"
"pro-795","Polt","1|0|-3|0|0|4|0","2","960","2","1","1","1","1","1","0","1"
"pro-795","Polt","1|0|-3|0|0|4|0","2","1024","2","1","1","1","1","1","0","1"
"pro-795","Polt","1|0|-3|0|0|4|0","2","1080","2","1","1","1","1","1","0","1"
"pro-795","Polt","1|0|-3|0|0|4|0","2","1440","3","1","1","1","1","0","0","1"
"pro-795","Polt","1|0|-3|0|0|4|0","2","2160","4","1","1","1","0","0","0","1"
"pro-796","ponter","2|0|-3|0|0|4|0","3","720","3","1","1","1","1","0","0","1"
"pro-796","ponter","2|0|-3|0|0|4|0","3","768","3","1","1","1","1","0","0","1"
"pro-796","ponter","2|0|-3|0|0|4|0","3","960","4","1","1","1","1","1","0","1"
"pro-796","ponter","2|0|-3|0|0|4|0","3","1024","4","1","1","1","1","1","0","1"
"pro-796","ponter","2|0|-3|0|0|4|0","3","1080","4","1","1","1","0","1","0","1"
"pro-796","ponter","2|0|-3|0|0|4|0","3","1440","6","1","1","1","1","0","0","1"
"pro-796","ponter","2|0|-3|0|0|4|0","3","2160","9","1","1","1","1","0","0","1"
"pro-797","Porya","0.6|1|-5|0|0|4|0","2","720","0","1","-1","1","0","0","0","0"
"pro-797","Porya","0.6|1|-5|0|0|4|0","2","768","0","1","-1","1","0","0","0","0"
"pro-797","Porya","0.6|1|-5|0|0|4|0","2","960","1","2","0","1","1","1","0","0"
"pro-797","Porya","0.6|1|-5|0|0|4|0","2","1024","1","2","0","1","1","1","0","1"
"pro-797","Porya","0.6|1|-5|0|0|4|0","2","1080","1","2","0","1","1","1","0","1"
"pro-797","Porya","0.6|1|-5|0|0|4|0","2","1440","1","3","0","1","0","0","0","1"
"pro-797","Porya","0.6|1|-5|0|0|4|0","2","2160","2","4","1","1","0","0","0","1"
"pro-798","PR","1|1|-4|0|0|4|0","1","720","1","1","0","1","0","0","0","1"
"pro-798","PR","1|1|-4|0|0|4|0","1","768","1","1","0","1","0","0","0","1"
"pro-798","PR","1|1|-4|0|0|4|0","1","960","2","2","1","1","1","1","1","0"
"pro-798","PR","1|1|-4|0|0|4|0","1","1024","2","2","1","1","1","1","1","0"
"pro-798","PR","1|1|-4|0|0|4|0","1","1080","2","2","1","1","1","1","1","1"
"pro-798","PR","1|1|-4|0|0|4|0","1","1440","3","3","1","1","1","0","0","1"
"pro-798","PR","1|1|-4|0|0|4|0","1","2160","4","4","2","1","0","0","0","1"
"pro-799","pr","2|0|-3|0|0|4|0","3","720","3","1","1","1","1","0","0","1"
"pro-799","pr","2|0|-3|0|0|4|0","3","768","3","1","1","1","1","0","0","1"
"pro-799","pr","2|0|-3|0|0|4|0","3","960","4","1","1","1","1","1","0","1"
"pro-799","pr","2|0|-3|0|0|4|0","3","1024","4","1","1","1","1","1","0","1"
"pro-799","pr","2|0|-3|0|0|4|0","3","1080","4","1","1","1","0","1","0","1"
"pro-799","pr","2|0|-3|0|0|4|0","3","1440","6","1","1","1","1","0","0","1"
"pro-799","pr","2|0|-3|0|0|4|0","3","2160","9","1","1","1","1","0","0","1"
"pro-800","pr1metapz","1|1|-4|0|0|4|0","1","720","1","1","0","1","0","0","0","1"
"pro-800","pr1metapz","1|1|-4|0|0|4|0","1","768","1","1","0","1","0","0","0","1"
"pro-800","pr1metapz","1|1|-4|0|0|4|0","1","960","2","2","1","1","1","1","1","0"
"pro-800","pr1metapz","1|1|-4|0|0|4|0","1","1024","2","2","1","1","1","1","1","0"
"pro-800","pr1metapz","1|1|-4|0|0|4|0","1","1080","2","2","1","1","1","1","1","1"
"pro-800","pr1metapz","1|1|-4|0|0|4|0","1","1440","3","3","1","1","1","0","0","1"
"pro-800","pr1metapz","1|1|-4|0|0|4|0","1","2160","4","4","2","1","0","0","0","1"
"pro-801","Prism","1|1|-4|0|0|4|0","1","720","1","1","0","1","0","0","0","1"
"pro-801","Prism","1|1|-4|0|0|4|0","1","768","1","1","0","1","0","0","0","1"
"pro-801","Prism","1|1|-4|0|0|4|0","1","960","2","2","1","1","1","1","1","0"
"pro-801","Prism","1|1|-4|0|0|4|0","1","1024","2","2","1","1","1","1","1","0"
"pro-801","Prism","1|1|-4|0|0|4|0","1","1080","2","2","1","1","1","1","1","1"
"pro-801","Prism","1|1|-4|0|0|4|0","1","1440","3","3","1","1","1","0","0","1"
"pro-801","Prism","1|1|-4|0|0|4|0","1","2160","4","4","2","1","0","0","0","1"
"pro-802","ProbLeM","0.5|0.9|-4|1|0|4|0","0","720","0","1","0","1","0","0","0","1"
"pro-802","ProbLeM","0.5|0.9|-4|1|0|4|0","0","768","0","1","0","1","0","0","0","1"
"pro-802","ProbLeM","0.5|0.9|-4|1|0|4|0","0","960","1","1","0","1","0","1","0","0"
"pro-802","ProbLeM","0.5|0.9|-4|1|0|4|0","0","1024","1","1","0","1","0","1","0","0"
"pro-802","ProbLeM","0.5|0.9|-4|1|0|4|0","0","1080","1","2","1","1","1","0","0","0"
"pro-802","ProbLeM","0.5|0.9|-4|1|0|4|0","0","1440","1","2","1","1","0","0","0","1"
"pro-802","ProbLeM","0.5|0.9|-4|1|0|4|0","0","2160","2","4","2","1","1","0","0","1"
"pro-803","proSHOW","3|1|-2|0|0|4|0","1","720","4","1","2","1","0","0","0","1"
"pro-803","proSHOW","3|1|-2|0|0|4|0","1","768","4","1","2","1","0","0","0","1"
"pro-803","proSHOW","3|1|-2|0|0|4|0","1","960","6","2","3","1","1","1","0","0"
"pro-803","proSHOW","3|1|-2|0|0|4|0","1","1024","6","2","3","1","1","1","0","0"
"pro-803","proSHOW","3|1|-2|0|0|4|0","1","1080","6","2","3","1","0","1","0","1"
"pro-803","proSHOW","3|1|-2|0|0|4|0","1","1440","9","3","3","1","1","0","0","1"
"pro-803","proSHOW","3|1|-2|0|0|4|0","1","2160","13","4","4","1","0","0","0","1"
"pro-804","prosus","1|0|-4|0|0|4|0","3","720","1","1","0","1","0","0","0","1"
"pro-804","prosus","1|0|-4|0|0|4|0","3","768","1","1","0","1","0","0","0","1"
"pro-804","prosus","1|0|-4|0|0|4|0","3","960","2","1","0","1","1","1","0","1"
"pro-804","prosus","1|0|-4|0|0|4|0","3","1024","2","1","0","1","1","1","0","1"
"pro-804","prosus","1|0|-4|0|0|4|0","3","1080","2","1","0","1","1","1","0","1"
"pro-804","prosus","1|0|-4|0|0|4|0","3","1440","3","1","0","1","1","0","0","1"
"pro-804","prosus","1|0|-4|0|0|4|0","3","2160","4","1","0","1","0","0","0","1"
"pro-805","prt","1|1|-4|0|0|4|0","1","720","1","1","0","1","0","0","0","1"
"pro-805","prt","1|1|-4|0|0|4|0","1","768","1","1","0","1","0","0","0","1"
"pro-805","prt","1|1|-4|0|0|4|0","1","960","2","2","1","1","1","1","1","0"
"pro-805","prt","1|1|-4|0|0|4|0","1","1024","2","2","1","1","1","1","1","0"
"pro-805","prt","1|1|-4|0|0|4|0","1","1080","2","2","1","1","1","1","1","1"
"pro-805","prt","1|1|-4|0|0|4|0","1","1440","3","3","1","1","1","0","0","1"
"pro-805","prt","1|1|-4|0|0|4|0","1","2160","4","4","2","1","0","0","0","1"
"pro-806","Pump","1|0.8|-3.7|0|0|4|0","3","720","1","1","0","1","0","0","0","1"
"pro-806","Pump","1|0.8|-3.7|0|0|4|0","3","768","1","1","0","1","0","0","0","1"
"pro-806","Pump","1|0.8|-3.7|0|0|4|0","3","960","2","1","0","1","0","1","0","1"
"pro-806","Pump","1|0.8|-3.7|0|0|4|0","3","1024","2","1","0","1","0","1","0","0"
"pro-806","Pump","1|0.8|-3.7|0|0|4|0","3","1080","2","1","0","1","0","1","0","0"
"pro-806","Pump","1|0.8|-3.7|0|0|4|0","3","1440","3","2","1","1","1","0","0","1"
"pro-806","Pump","1|0.8|-3.7|0|0|4|0","3","2160","4","3","1","1","0","0","0","0"
"pro-807","puni","2|0.5|-3|0|0|4|0","1","720","3","1","1","1","1","0","0","1"
"pro-807","puni","2|0.5|-3|0|0|4|0","1","768","3","1","1","1","1","0","0","1"
"pro-807","puni","2|0.5|-3|0|0|4|0","1","960","4","1","1","1","1","1","1","1"
"pro-807","puni","2|0.5|-3|0|0|4|0","1","1024","4","1","1","1","1","1","1","1"
"pro-807","puni","2|0.5|-3|0|0|4|0","1","1080","4","1","1","1","0","1","1","1"
"pro-807","puni","2|0.5|-3|0|0|4|0","1","1440","6","1","1","1","0","0","0","1"
"pro-807","puni","2|0.5|-3|0|0|4|0","1","2160","9","2","2","1","1","0","0","1"
"pro-808","puuha","1|0.5|-4|0|0|4|0","2","720","1","1","0","1","0","0","0","1"
"pro-808","puuha","1|0.5|-4|0|0|4|0","2","768","1","1","0","1","0","0","0","1"
"pro-808","puuha","1|0.5|-4|0|0|4|0","2","960","2","1","0","1","1","1","1","1"
"pro-808","puuha","1|0.5|-4|0|0|4|0","2","1024","2","1","0","1","1","1","1","1"
"pro-808","puuha","1|0.5|-4|0|0|4|0","2","1080","2","1","0","1","1","1","1","1"
"pro-808","puuha","1|0.5|-4|0|0|4|0","2","1440","3","1","0","1","0","0","0","1"
"pro-808","puuha","1|0.5|-4|0|0|4|0","2","2160","4","2","1","1","0","0","0","1"
"pro-809","PwnAlone","2|1|-7|1|0|4|0","1","720","3","1","-3","1","0","0","0","1"
"pro-809","PwnAlone","2|1|-7|1|0|4|0","1","768","3","1","-3","1","0","0","0","1"
"pro-809","PwnAlone","2|1|-7|1|0|4|0","1","960","4","2","-2","1","1","1","1","1"
"pro-809","PwnAlone","2|1|-7|1|0|4|0","1","1024","4","2","-2","1","1","1","1","1"
"pro-809","PwnAlone","2|1|-7|1|0|4|0","1","1080","4","2","-2","1","0","1","1","1"
"pro-809","PwnAlone","2|1|-7|1|0|4|0","1","1440","6","3","-2","1","1","0","0","1"
"pro-809","PwnAlone","2|1|-7|1|0|4|0","1","2160","9","4","-1","1","0","0","0","1"
"pro-810","PYREXX","1|1|-3.4|0|0|4|0","4","720","1","1","0","1","0","0","0","0"
"pro-810","PYREXX","1|1|-3.4|0|0|4|0","4","768","1","1","0","1","0","0","0","0"
"pro-810","PYREXX","1|1|-3.4|0|0|4|0","4","960","2","2","1","1","1","1","1","1"
"pro-810","PYREXX","1|1|-3.4|0|0|4|0","4","1024","2","2","1","1","1","1","1","1"
"pro-810","PYREXX","1|1|-3.4|0|0|4|0","4","1080","2","2","1","1","1","1","1","1"
"pro-810","PYREXX","1|1|-3.4|0|0|4|0","4","1440","3","3","1","1","1","0","0","0"
"pro-810","PYREXX","1|1|-3.4|0|0|4|0","4","2160","4","4","2","1","0","0","0","1"
"pro-811","pz","2|0|-3|0|0|4|0","3","720","3","1","1","1","1","0","0","1"
"pro-811","pz","2|0|-3|0|0|4|0","3","768","3","1","1","1","1","0","0","1"
"pro-811","pz","2|0|-3|0|0|4|0","3","960","4","1","1","1","1","1","0","1"
"pro-811","pz","2|0|-3|0|0|4|0","3","1024","4","1","1","1","1","1","0","1"
"pro-811","pz","2|0|-3|0|0|4|0","3","1080","4","1","1","1","0","1","0","1"
"pro-811","pz","2|0|-3|0|0|4|0","3","1440","6","1","1","1","1","0","0","1"
"pro-811","pz","2|0|-3|0|0|4|0","3","2160","9","1","1","1","1","0","0","1"
"pro-812","Q-Q","1.1|0.8|-3.2|0|0|4|0","3","720","1","1","0","1","0","0","0","0"
"pro-812","Q-Q","1.1|0.8|-3.2|0|0|4|0","3","768","1","1","0","1","0","0","0","0"
"pro-812","Q-Q","1.1|0.8|-3.2|0|0|4|0","3","960","2","1","0","1","0","1","0","0"
"pro-812","Q-Q","1.1|0.8|-3.2|0|0|4|0","3","1024","2","1","0","1","0","1","0","0"
"pro-812","Q-Q","1.1|0.8|-3.2|0|0|4|0","3","1080","2","1","0","1","0","1","0","0"
"pro-812","Q-Q","1.1|0.8|-3.2|0|0|4|0","3","1440","3","2","1","1","1","0","0","1"
"pro-812","Q-Q","1.1|0.8|-3.2|0|0|4|0","3","2160","4","3","1","1","0","0","0","0"
"pro-813","Qikert","1.5|0.5|-4|0|0|4|0","4","720","2","1","0","1","1","0","1","1"
"pro-813","Qikert","1.5|0.5|-4|0|0|4|0","4","768","2","1","0","1","1","0","1","1"
"pro-813","Qikert","1.5|0.5|-4|0|0|4|0","4","960","3","1","0","1","1","1","0","1"
"pro-813","Qikert","1.5|0.5|-4|0|0|4|0","4","1024","3","1","0","1","1","1","0","1"
"pro-813","Qikert","1.5|0.5|-4|0|0|4|0","4","1080","3","1","0","1","1","1","0","1"
"pro-813","Qikert","1.5|0.5|-4|0|0|4|0","4","1440","4","1","0","1","0","0","0","1"
"pro-813","Qikert","1.5|0.5|-4|0|0|4|0","4","2160","6","2","1","1","0","0","0","1"
"pro-814","Qlocuu","1|0|-4|0|0|4|0","3","720","1","1","0","1","0","0","0","1"
"pro-814","Qlocuu","1|0|-4|0|0|4|0","3","768","1","1","0","1","0","0","0","1"
"pro-814","Qlocuu","1|0|-4|0|0|4|0","3","960","2","1","0","1","1","1","0","1"
"pro-814","Qlocuu","1|0|-4|0|0|4|0","3","1024","2","1","0","1","1","1","0","1"
"pro-814","Qlocuu","1|0|-4|0|0|4|0","3","1080","2","1","0","1","1","1","0","1"
"pro-814","Qlocuu","1|0|-4|0|0|4|0","3","1440","3","1","0","1","1","0","0","1"
"pro-814","Qlocuu","1|0|-4|0|0|4|0","3","2160","4","1","0","1","0","0","0","1"
"pro-815","Queenix","1.9|0.1|-2|0|0|4|0","4","720","2","1","2","1","0","0","0","0"
"pro-815","Queenix","1.9|0.1|-2|0|0|4|0","4","768","3","1","2","1","1","1","0","0"
"pro-815","Queenix","1.9|0.1|-2|0|0|4|0","4","960","3","1","2","1","0","1","0","0"
"pro-815","Queenix","1.9|0.1|-2|0|0|4|0","4","1024","4","1","2","1","1","0","0","0"
"pro-815","Queenix","1.9|0.1|-2|0|0|4|0","4","1080","4","1","2","1","1","0","0","0"
"pro-815","Queenix","1.9|0.1|-2|0|0|4|0","4","1440","5","1","2","1","0","0","0","0"
"pro-815","Queenix","1.9|0.1|-2|0|0|4|0","4","2160","8","1","2","1","0","0","0","1"
"pro-816","qw1nk1","1.1|0.1|-2.7|1|0|4|0","3","720","1","1","1","1","0","0","0","1"
"pro-816","qw1nk1","1.1|0.1|-2.7|1|0|4|0","3","768","1","1","1","1","0","0","0","1"
"pro-816","qw1nk1","1.1|0.1|-2.7|1|0|4|0","3","960","2","1","1","1","1","1","0","1"
"pro-816","qw1nk1","1.1|0.1|-2.7|1|0|4|0","3","1024","2","1","1","1","1","1","0","1"
"pro-816","qw1nk1","1.1|0.1|-2.7|1|0|4|0","3","1080","2","1","1","1","1","1","0","1"
"pro-816","qw1nk1","1.1|0.1|-2.7|1|0|4|0","3","1440","3","1","1","1","1","0","0","1"
"pro-816","qw1nk1","1.1|0.1|-2.7|1|0|4|0","3","2160","4","1","1","1","0","0","0","0"
"pro-817","qx","1|0.6|-2.4|0|0|4|0","3","720","1","1","1","1","0","0","0","1"
"pro-817","qx","1|0.6|-2.4|0|0|4|0","3","768","1","1","1","1","0","0","0","1"
"pro-817","qx","1|0.6|-2.4|0|0|4|0","3","960","2","1","1","1","1","1","0","0"
"pro-817","qx","1|0.6|-2.4|0|0|4|0","3","1024","2","1","1","1","1","1","0","0"
"pro-817","qx","1|0.6|-2.4|0|0|4|0","3","1080","2","1","1","1","1","1","0","0"
"pro-817","qx","1|0.6|-2.4|0|0|4|0","3","1440","3","1","1","1","0","0","0","0"
"pro-817","qx","1|0.6|-2.4|0|0|4|0","3","2160","4","2","2","1","0","0","0","1"
"pro-818","r1nkle","0.8|0|-3.6|0|0|4|0","1","720","1","1","0","1","1","1","0","1"
"pro-818","r1nkle","0.8|0|-3.6|0|0|4|0","1","768","1","1","0","1","1","1","0","1"
"pro-818","r1nkle","0.8|0|-3.6|0|0|4|0","1","960","1","1","0","1","0","1","0","1"
"pro-818","r1nkle","0.8|0|-3.6|0|0|4|0","1","1024","1","1","0","1","0","1","0","1"
"pro-818","r1nkle","0.8|0|-3.6|0|0|4|0","1","1080","1","1","0","1","0","1","0","1"
"pro-818","r1nkle","0.8|0|-3.6|0|0|4|0","1","1440","2","1","0","1","1","0","0","1"
"pro-818","r1nkle","0.8|0|-3.6|0|0|4|0","1","2160","3","1","0","1","0","0","0","1"
"pro-819","r3salt","3|0.5|0|0|0|4|0","3","720","4","1","4","1","0","0","0","1"
"pro-819","r3salt","3|0.5|0|0|0|4|0","3","768","4","1","4","1","0","0","0","1"
"pro-819","r3salt","3|0.5|0|0|0|4|0","3","960","6","1","4","1","1","1","0","1"
"pro-819","r3salt","3|0.5|0|0|0|4|0","3","1024","6","1","4","1","1","1","0","1"
"pro-819","r3salt","3|0.5|0|0|0|4|0","3","1080","6","1","4","1","0","1","0","1"
"pro-819","r3salt","3|0.5|0|0|0|4|0","3","1440","9","1","4","1","0","0","0","1"
"pro-819","r3salt","3|0.5|0|0|0|4|0","3","2160","13","2","5","1","0","0","0","1"
"pro-820","raalz","1|0.5|-4|0|0|4|0","2","720","1","1","0","1","0","0","0","1"
"pro-820","raalz","1|0.5|-4|0|0|4|0","2","768","1","1","0","1","0","0","0","1"
"pro-820","raalz","1|0.5|-4|0|0|4|0","2","960","2","1","0","1","1","1","1","1"
"pro-820","raalz","1|0.5|-4|0|0|4|0","2","1024","2","1","0","1","1","1","1","1"
"pro-820","raalz","1|0.5|-4|0|0|4|0","2","1080","2","1","0","1","1","1","1","1"
"pro-820","raalz","1|0.5|-4|0|0|4|0","2","1440","3","1","0","1","0","0","0","1"
"pro-820","raalz","1|0.5|-4|0|0|4|0","2","2160","4","2","1","1","0","0","0","1"
"pro-821","rafaxF","2.9|1|-0.9|0|0|4|0","2","720","4","1","3","1","0","0","0","1"
"pro-821","rafaxF","2.9|1|-0.9|0|0|4|0","2","768","4","1","3","1","0","0","0","1"
"pro-821","rafaxF","2.9|1|-0.9|0|0|4|0","2","960","5","2","4","1","0","1","0","0"
"pro-821","rafaxF","2.9|1|-0.9|0|0|4|0","2","1024","6","2","4","1","1","0","0","0"
"pro-821","rafaxF","2.9|1|-0.9|0|0|4|0","2","1080","6","2","4","1","0","0","0","1"
"pro-821","rafaxF","2.9|1|-0.9|0|0|4|0","2","1440","8","3","4","1","0","0","0","1"
"pro-821","rafaxF","2.9|1|-0.9|0|0|4|0","2","2160","13","4","5","1","0","0","0","1"
"pro-822","rafity","1|0.1|-3.1|0|0|4|0","3","720","1","1","0","1","0","0","0","1"
"pro-822","rafity","1|0.1|-3.1|0|0|4|0","3","768","1","1","0","1","0","0","0","1"
"pro-822","rafity","1|0.1|-3.1|0|0|4|0","3","960","2","1","0","1","1","1","0","1"
"pro-822","rafity","1|0.1|-3.1|0|0|4|0","3","1024","2","1","0","1","1","1","0","1"
"pro-822","rafity","1|0.1|-3.1|0|0|4|0","3","1080","2","1","0","1","1","1","0","1"
"pro-822","rafity","1|0.1|-3.1|0|0|4|0","3","1440","3","1","0","1","1","0","0","1"
"pro-822","rafity","1|0.1|-3.1|0|0|4|0","3","2160","4","1","0","1","0","0","0","1"
"pro-823","rage","1|1|-5|1|0|4|0","2","720","1","1","-1","1","0","0","0","1"
"pro-823","rage","1|1|-5|1|0|4|0","2","768","1","1","-1","1","0","0","0","1"
"pro-823","rage","1|1|-5|1|0|4|0","2","960","2","2","0","1","1","1","1","0"
"pro-823","rage","1|1|-5|1|0|4|0","2","1024","2","2","0","1","1","1","1","1"
"pro-823","rage","1|1|-5|1|0|4|0","2","1080","2","2","0","1","1","1","1","1"
"pro-823","rage","1|1|-5|1|0|4|0","2","1440","3","3","0","1","1","0","0","1"
"pro-823","rage","1|1|-5|1|0|4|0","2","2160","4","4","1","1","0","0","0","1"
"pro-824","ragga","2|1|-4|0|0|4|0","3","720","3","1","0","1","0","0","0","1"
"pro-824","ragga","2|1|-4|0|0|4|0","3","768","3","1","0","1","0","0","0","1"
"pro-824","ragga","2|1|-4|0|0|4|0","3","960","4","2","1","1","1","1","1","0"
"pro-824","ragga","2|1|-4|0|0|4|0","3","1024","4","2","1","1","1","1","1","1"
"pro-824","ragga","2|1|-4|0|0|4|0","3","1080","4","2","1","1","0","1","1","1"
"pro-824","ragga","2|1|-4|0|0|4|0","3","1440","6","3","1","1","1","0","0","1"
"pro-824","ragga","2|1|-4|0|0|4|0","3","2160","9","4","2","1","0","0","0","1"
"pro-825","Raijin","1|1|-5|0|0|4|0","4","720","1","1","-1","1","0","0","0","1"
"pro-825","Raijin","1|1|-5|0|0|4|0","4","768","1","1","-1","1","0","0","0","1"
"pro-825","Raijin","1|1|-5|0|0|4|0","4","960","2","2","0","1","1","1","1","0"
"pro-825","Raijin","1|1|-5|0|0|4|0","4","1024","2","2","0","1","1","1","1","1"
"pro-825","Raijin","1|1|-5|0|0|4|0","4","1080","2","2","0","1","1","1","1","1"
"pro-825","Raijin","1|1|-5|0|0|4|0","4","1440","3","3","0","1","1","0","0","1"
"pro-825","Raijin","1|1|-5|0|0|4|0","4","2160","4","4","1","1","0","0","0","1"
"pro-826","rain","1|1|-4|0|0|4|0","1","720","1","1","0","1","0","0","0","1"
"pro-826","rain","1|1|-4|0|0|4|0","1","768","1","1","0","1","0","0","0","1"
"pro-826","rain","1|1|-4|0|0|4|0","1","960","2","2","1","1","1","1","1","0"
"pro-826","rain","1|1|-4|0|0|4|0","1","1024","2","2","1","1","1","1","1","0"
"pro-826","rain","1|1|-4|0|0|4|0","1","1080","2","2","1","1","1","1","1","1"
"pro-826","rain","1|1|-4|0|0|4|0","1","1440","3","3","1","1","1","0","0","1"
"pro-826","rain","1|1|-4|0|0|4|0","1","2160","4","4","2","1","0","0","0","1"
"pro-827","rainny","0|0|-3|1|0|4|0","2","720","0","1","1","1","1","1","0","1"
"pro-827","rainny","0|0|-3|1|0|4|0","2","768","0","1","1","1","1","1","0","1"
"pro-827","rainny","0|0|-3|1|0|4|0","2","960","0","1","1","1","1","1","0","1"
"pro-827","rainny","0|0|-3|1|0|4|0","2","1024","0","1","1","1","1","1","0","1"
"pro-827","rainny","0|0|-3|1|0|4|0","2","1080","0","1","1","1","1","1","0","1"
"pro-827","rainny","0|0|-3|1|0|4|0","2","1440","0","1","1","1","1","1","0","1"
"pro-827","rainny","0|0|-3|1|0|4|0","2","2160","0","1","1","1","1","1","0","1"
"pro-828","Rainwaker","1|1|-4|0|0|4|0","1","720","1","1","0","1","0","0","0","1"
"pro-828","Rainwaker","1|1|-4|0|0|4|0","1","768","1","1","0","1","0","0","0","1"
"pro-828","Rainwaker","1|1|-4|0|0|4|0","1","960","2","2","1","1","1","1","1","0"
"pro-828","Rainwaker","1|1|-4|0|0|4|0","1","1024","2","2","1","1","1","1","1","0"
"pro-828","Rainwaker","1|1|-4|0|0|4|0","1","1080","2","2","1","1","1","1","1","1"
"pro-828","Rainwaker","1|1|-4|0|0|4|0","1","1440","3","3","1","1","1","0","0","1"
"pro-828","Rainwaker","1|1|-4|0|0|4|0","1","2160","4","4","2","1","0","0","0","1"
"pro-829","Rajmex","1|1|-4|0|0|4|0","1","720","1","1","0","1","0","0","0","1"
"pro-829","Rajmex","1|1|-4|0|0|4|0","1","768","1","1","0","1","0","0","0","1"
"pro-829","Rajmex","1|1|-4|0|0|4|0","1","960","2","2","1","1","1","1","1","0"
"pro-829","Rajmex","1|1|-4|0|0|4|0","1","1024","2","2","1","1","1","1","1","0"
"pro-829","Rajmex","1|1|-4|0|0|4|0","1","1080","2","2","1","1","1","1","1","1"
"pro-829","Rajmex","1|1|-4|0|0|4|0","1","1440","3","3","1","1","1","0","0","1"
"pro-829","Rajmex","1|1|-4|0|0|4|0","1","2160","4","4","2","1","0","0","0","1"
"pro-830","rallen","0|0.9|-4.1|1|0|4|0","3","720","0","1","0","1","1","1","0","1"
"pro-830","rallen","0|0.9|-4.1|1|0|4|0","3","768","0","1","0","1","1","1","0","1"
"pro-830","rallen","0|0.9|-4.1|1|0|4|0","3","960","0","1","0","1","0","1","0","0"
"pro-830","rallen","0|0.9|-4.1|1|0|4|0","3","1024","0","1","0","1","0","1","0","0"
"pro-830","rallen","0|0.9|-4.1|1|0|4|0","3","1080","0","2","1","1","1","0","0","0"
"pro-830","rallen","0|0.9|-4.1|1|0|4|0","3","1440","0","2","1","1","0","0","0","1"
"pro-830","rallen","0|0.9|-4.1|1|0|4|0","3","2160","0","4","2","1","1","0","0","0"
"pro-831","RCF","1|1|-4|0|0|4|0","1","720","1","1","0","1","0","0","0","1"
"pro-831","RCF","1|1|-4|0|0|4|0","1","768","1","1","0","1","0","0","0","1"
"pro-831","RCF","1|1|-4|0|0|4|0","1","960","2","2","1","1","1","1","1","0"
"pro-831","RCF","1|1|-4|0|0|4|0","1","1024","2","2","1","1","1","1","1","0"
"pro-831","RCF","1|1|-4|0|0|4|0","1","1080","2","2","1","1","1","1","1","1"
"pro-831","RCF","1|1|-4|0|0|4|0","1","1440","3","3","1","1","1","0","0","1"
"pro-831","RCF","1|1|-4|0|0|4|0","1","2160","4","4","2","1","0","0","0","1"
"pro-832","rdnzao","1|1|-4|0|0|4|0","1","720","1","1","0","1","0","0","0","1"
"pro-832","rdnzao","1|1|-4|0|0|4|0","1","768","1","1","0","1","0","0","0","1"
"pro-832","rdnzao","1|1|-4|0|0|4|0","1","960","2","2","1","1","1","1","1","0"
"pro-832","rdnzao","1|1|-4|0|0|4|0","1","1024","2","2","1","1","1","1","1","0"
"pro-832","rdnzao","1|1|-4|0|0|4|0","1","1080","2","2","1","1","1","1","1","1"
"pro-832","rdnzao","1|1|-4|0|0|4|0","1","1440","3","3","1","1","1","0","0","1"
"pro-832","rdnzao","1|1|-4|0|0|4|0","1","2160","4","4","2","1","0","0","0","1"
"pro-833","Re1GN","2|0|-3|0|0|4|0","3","720","3","1","1","1","1","0","0","1"
"pro-833","Re1GN","2|0|-3|0|0|4|0","3","768","3","1","1","1","1","0","0","1"
"pro-833","Re1GN","2|0|-3|0|0|4|0","3","960","4","1","1","1","1","1","0","1"
"pro-833","Re1GN","2|0|-3|0|0|4|0","3","1024","4","1","1","1","1","1","0","1"
"pro-833","Re1GN","2|0|-3|0|0|4|0","3","1080","4","1","1","1","0","1","0","1"
"pro-833","Re1GN","2|0|-3|0|0|4|0","3","1440","6","1","1","1","1","0","0","1"
"pro-833","Re1GN","2|0|-3|0|0|4|0","3","2160","9","1","1","1","1","0","0","1"
"pro-834","reck","1|1|-4|0|0|4|0","1","720","1","1","0","1","0","0","0","1"
"pro-834","reck","1|1|-4|0|0|4|0","1","768","1","1","0","1","0","0","0","1"
"pro-834","reck","1|1|-4|0|0|4|0","1","960","2","2","1","1","1","1","1","0"
"pro-834","reck","1|1|-4|0|0|4|0","1","1024","2","2","1","1","1","1","1","0"
"pro-834","reck","1|1|-4|0|0|4|0","1","1080","2","2","1","1","1","1","1","1"
"pro-834","reck","1|1|-4|0|0|4|0","1","1440","3","3","1","1","1","0","0","1"
"pro-834","reck","1|1|-4|0|0|4|0","1","2160","4","4","2","1","0","0","0","1"
"pro-835","REDSTAR","1.5|0|-5|0|0|4|0","2","720","2","1","-1","1","1","0","0","1"
"pro-835","REDSTAR","1.5|0|-5|0|0|4|0","2","768","2","1","-1","1","1","0","0","1"
"pro-835","REDSTAR","1.5|0|-5|0|0|4|0","2","960","3","1","-1","1","1","1","0","1"
"pro-835","REDSTAR","1.5|0|-5|0|0|4|0","2","1024","3","1","-1","1","1","1","0","1"
"pro-835","REDSTAR","1.5|0|-5|0|0|4|0","2","1080","3","1","-1","1","1","1","0","1"
"pro-835","REDSTAR","1.5|0|-5|0|0|4|0","2","1440","4","1","-1","1","0","0","0","1"
"pro-835","REDSTAR","1.5|0|-5|0|0|4|0","2","2160","6","1","-1","1","0","0","0","1"
"pro-836","ReFuZR","2|1|-3|0|0|4|0","3","720","3","1","1","1","0","0","0","1"
"pro-836","ReFuZR","2|1|-3|0|0|4|0","3","768","3","1","1","1","0","0","0","1"
"pro-836","ReFuZR","2|1|-3|0|0|4|0","3","960","4","2","2","1","1","1","1","0"
"pro-836","ReFuZR","2|1|-3|0|0|4|0","3","1024","4","2","2","1","1","1","1","0"
"pro-836","ReFuZR","2|1|-3|0|0|4|0","3","1080","4","2","2","1","0","1","1","1"
"pro-836","ReFuZR","2|1|-3|0|0|4|0","3","1440","6","3","2","1","1","0","0","1"
"pro-836","ReFuZR","2|1|-3|0|0|4|0","3","2160","9","4","3","1","0","0","0","1"
"pro-837","regali","1|1|-4|0|0|4|0","1","720","1","1","0","1","0","0","0","1"
"pro-837","regali","1|1|-4|0|0|4|0","1","768","1","1","0","1","0","0","0","1"
"pro-837","regali","1|1|-4|0|0|4|0","1","960","2","2","1","1","1","1","1","0"
"pro-837","regali","1|1|-4|0|0|4|0","1","1024","2","2","1","1","1","1","1","0"
"pro-837","regali","1|1|-4|0|0|4|0","1","1080","2","2","1","1","1","1","1","1"
"pro-837","regali","1|1|-4|0|0|4|0","1","1440","3","3","1","1","1","0","0","1"
"pro-837","regali","1|1|-4|0|0|4|0","1","2160","4","4","2","1","0","0","0","1"
"pro-838","reiko","1|1|-4|0|0|4|0","1","720","1","1","0","1","0","0","0","1"
"pro-838","reiko","1|1|-4|0|0|4|0","1","768","1","1","0","1","0","0","0","1"
"pro-838","reiko","1|1|-4|0|0|4|0","1","960","2","2","1","1","1","1","1","0"
"pro-838","reiko","1|1|-4|0|0|4|0","1","1024","2","2","1","1","1","1","1","0"
"pro-838","reiko","1|1|-4|0|0|4|0","1","1080","2","2","1","1","1","1","1","1"
"pro-838","reiko","1|1|-4|0|0|4|0","1","1440","3","3","1","1","1","0","0","1"
"pro-838","reiko","1|1|-4|0|0|4|0","1","2160","4","4","2","1","0","0","0","1"
"pro-839","Reix","2|1|-2|0|0|4|0","0","720","3","1","2","1","0","0","0","1"
"pro-839","Reix","2|1|-2|0|0|4|0","0","768","3","1","2","1","0","0","0","1"
"pro-839","Reix","2|1|-2|0|0|4|0","0","960","4","2","3","1","1","1","1","0"
"pro-839","Reix","2|1|-2|0|0|4|0","0","1024","4","2","3","1","1","1","1","0"
"pro-839","Reix","2|1|-2|0|0|4|0","0","1080","4","2","3","1","0","1","1","0"
"pro-839","Reix","2|1|-2|0|0|4|0","0","1440","6","3","3","1","1","0","0","1"
"pro-839","Reix","2|1|-2|0|0|4|0","0","2160","9","4","4","1","0","0","0","1"
"pro-840","reNTU","1|1|-4|0|0|4|0","1","720","1","1","0","1","0","0","0","1"
"pro-840","reNTU","1|1|-4|0|0|4|0","1","768","1","1","0","1","0","0","0","1"
"pro-840","reNTU","1|1|-4|0|0|4|0","1","960","2","2","1","1","1","1","1","0"
"pro-840","reNTU","1|1|-4|0|0|4|0","1","1024","2","2","1","1","1","1","1","0"
"pro-840","reNTU","1|1|-4|0|0|4|0","1","1080","2","2","1","1","1","1","1","1"
"pro-840","reNTU","1|1|-4|0|0|4|0","1","1440","3","3","1","1","1","0","0","1"
"pro-840","reNTU","1|1|-4|0|0|4|0","1","2160","4","4","2","1","0","0","0","1"
"pro-841","retchy","2|0.6|-3|0|0|4|0","0","720","3","1","1","1","1","0","0","1"
"pro-841","retchy","2|0.6|-3|0|0|4|0","0","768","3","1","1","1","1","0","0","1"
"pro-841","retchy","2|0.6|-3|0|0|4|0","0","960","4","1","1","1","1","1","0","1"
"pro-841","retchy","2|0.6|-3|0|0|4|0","0","1024","4","1","1","1","1","1","0","1"
"pro-841","retchy","2|0.6|-3|0|0|4|0","0","1080","4","1","1","1","0","1","0","1"
"pro-841","retchy","2|0.6|-3|0|0|4|0","0","1440","6","1","1","1","0","0","0","0"
"pro-841","retchy","2|0.6|-3|0|0|4|0","0","2160","9","2","2","1","0","0","0","1"
"pro-842","reversive","3|0|-2|0|0|4|0","0","720","4","1","2","1","0","0","0","1"
"pro-842","reversive","3|0|-2|0|0|4|0","0","768","4","1","2","1","0","0","0","1"
"pro-842","reversive","3|0|-2|0|0|4|0","0","960","6","1","2","1","1","1","0","1"
"pro-842","reversive","3|0|-2|0|0|4|0","0","1024","6","1","2","1","1","1","0","1"
"pro-842","reversive","3|0|-2|0|0|4|0","0","1080","6","1","2","1","0","1","0","1"
"pro-842","reversive","3|0|-2|0|0|4|0","0","1440","9","1","2","1","1","0","0","1"
"pro-842","reversive","3|0|-2|0|0|4|0","0","2160","13","1","2","1","0","0","0","1"
"pro-843","revoltz","0.5|0.1|-4.1|1|0|4|0","1","720","0","1","0","1","0","0","0","0"
"pro-843","revoltz","0.5|0.1|-4.1|1|0|4|0","1","768","0","1","0","1","0","0","0","0"
"pro-843","revoltz","0.5|0.1|-4.1|1|0|4|0","1","960","1","1","0","1","1","1","0","0"
"pro-843","revoltz","0.5|0.1|-4.1|1|0|4|0","1","1024","1","1","0","1","1","1","0","0"
"pro-843","revoltz","0.5|0.1|-4.1|1|0|4|0","1","1080","1","1","0","1","1","1","0","0"
"pro-843","revoltz","0.5|0.1|-4.1|1|0|4|0","1","1440","1","1","0","1","0","1","0","0"
"pro-843","revoltz","0.5|0.1|-4.1|1|0|4|0","1","2160","2","1","0","1","1","0","0","0"
"pro-844","REZ","1|1|-4|0|0|4|0","1","720","1","1","0","1","0","0","0","1"
"pro-844","REZ","1|1|-4|0|0|4|0","1","768","1","1","0","1","0","0","0","1"
"pro-844","REZ","1|1|-4|0|0|4|0","1","960","2","2","1","1","1","1","1","0"
"pro-844","REZ","1|1|-4|0|0|4|0","1","1024","2","2","1","1","1","1","1","0"
"pro-844","REZ","1|1|-4|0|0|4|0","1","1080","2","2","1","1","1","1","1","1"
"pro-844","REZ","1|1|-4|0|0|4|0","1","1440","3","3","1","1","1","0","0","1"
"pro-844","REZ","1|1|-4|0|0|4|0","1","2160","4","4","2","1","0","0","0","1"
"pro-845","RICIOLI","1|1|-4|0|0|4|0","1","720","1","1","0","1","0","0","0","1"
"pro-845","RICIOLI","1|1|-4|0|0|4|0","1","768","1","1","0","1","0","0","0","1"
"pro-845","RICIOLI","1|1|-4|0|0|4|0","1","960","2","2","1","1","1","1","1","0"
"pro-845","RICIOLI","1|1|-4|0|0|4|0","1","1024","2","2","1","1","1","1","1","0"
"pro-845","RICIOLI","1|1|-4|0|0|4|0","1","1080","2","2","1","1","1","1","1","1"
"pro-845","RICIOLI","1|1|-4|0|0|4|0","1","1440","3","3","1","1","1","0","0","1"
"pro-845","RICIOLI","1|1|-4|0|0|4|0","1","2160","4","4","2","1","0","0","0","1"
"pro-846","rigoN","1|1|-4|0|0|4|0","1","720","1","1","0","1","0","0","0","1"
"pro-846","rigoN","1|1|-4|0|0|4|0","1","768","1","1","0","1","0","0","0","1"
"pro-846","rigoN","1|1|-4|0|0|4|0","1","960","2","2","1","1","1","1","1","0"
"pro-846","rigoN","1|1|-4|0|0|4|0","1","1024","2","2","1","1","1","1","1","0"
"pro-846","rigoN","1|1|-4|0|0|4|0","1","1080","2","2","1","1","1","1","1","1"
"pro-846","rigoN","1|1|-4|0|0|4|0","1","1440","3","3","1","1","1","0","0","1"
"pro-846","rigoN","1|1|-4|0|0|4|0","1","2160","4","4","2","1","0","0","0","1"
"pro-847","rikz","2|0|-2|0|0|4|0","4","720","3","1","2","1","1","0","0","1"
"pro-847","rikz","2|0|-2|0|0|4|0","4","768","3","1","2","1","1","0","0","1"
"pro-847","rikz","2|0|-2|0|0|4|0","4","960","4","1","2","1","1","1","0","1"
"pro-847","rikz","2|0|-2|0|0|4|0","4","1024","4","1","2","1","1","1","0","1"
"pro-847","rikz","2|0|-2|0|0|4|0","4","1080","4","1","2","1","0","1","0","1"
"pro-847","rikz","2|0|-2|0|0|4|0","4","1440","6","1","2","1","1","0","0","1"
"pro-847","rikz","2|0|-2|0|0|4|0","4","2160","9","1","2","1","1","0","0","1"
"pro-848","riskyb0b","1|1|-4|0|0|4|0","1","720","1","1","0","1","0","0","0","1"
"pro-848","riskyb0b","1|1|-4|0|0|4|0","1","768","1","1","0","1","0","0","0","1"
"pro-848","riskyb0b","1|1|-4|0|0|4|0","1","960","2","2","1","1","1","1","1","0"
"pro-848","riskyb0b","1|1|-4|0|0|4|0","1","1024","2","2","1","1","1","1","1","0"
"pro-848","riskyb0b","1|1|-4|0|0|4|0","1","1080","2","2","1","1","1","1","1","1"
"pro-848","riskyb0b","1|1|-4|0|0|4|0","1","1440","3","3","1","1","1","0","0","1"
"pro-848","riskyb0b","1|1|-4|0|0|4|0","1","2160","4","4","2","1","0","0","0","1"
"pro-849","RMN","1.5|0.5|-3|0|0|4|0","4","720","2","1","1","1","1","0","1","1"
"pro-849","RMN","1.5|0.5|-3|0|0|4|0","4","768","2","1","1","1","1","0","1","1"
"pro-849","RMN","1.5|0.5|-3|0|0|4|0","4","960","3","1","1","1","1","1","0","1"
"pro-849","RMN","1.5|0.5|-3|0|0|4|0","4","1024","3","1","1","1","1","1","0","1"
"pro-849","RMN","1.5|0.5|-3|0|0|4|0","4","1080","3","1","1","1","1","1","0","1"
"pro-849","RMN","1.5|0.5|-3|0|0|4|0","4","1440","4","1","1","1","0","0","0","1"
"pro-849","RMN","1.5|0.5|-3|0|0|4|0","4","2160","6","2","2","1","0","0","0","1"
"pro-851","RoberttMP","1|1|-4|0|0|4|0","1","720","1","1","0","1","0","0","0","1"
"pro-851","RoberttMP","1|1|-4|0|0|4|0","1","768","1","1","0","1","0","0","0","1"
"pro-851","RoberttMP","1|1|-4|0|0|4|0","1","960","2","2","1","1","1","1","1","0"
"pro-851","RoberttMP","1|1|-4|0|0|4|0","1","1024","2","2","1","1","1","1","1","0"
"pro-851","RoberttMP","1|1|-4|0|0|4|0","1","1080","2","2","1","1","1","1","1","1"
"pro-851","RoberttMP","1|1|-4|0|0|4|0","1","1440","3","3","1","1","1","0","0","1"
"pro-851","RoberttMP","1|1|-4|0|0|4|0","1","2160","4","4","2","1","0","0","0","1"
"pro-852","robiin","0|0|-3|1|0|4|0","2","720","0","1","1","1","1","1","0","1"
"pro-852","robiin","0|0|-3|1|0|4|0","2","768","0","1","1","1","1","1","0","1"
"pro-852","robiin","0|0|-3|1|0|4|0","2","960","0","1","1","1","1","1","0","1"
"pro-852","robiin","0|0|-3|1|0|4|0","2","1024","0","1","1","1","1","1","0","1"
"pro-852","robiin","0|0|-3|1|0|4|0","2","1080","0","1","1","1","1","1","0","1"
"pro-852","robiin","0|0|-3|1|0|4|0","2","1440","0","1","1","1","1","1","0","1"
"pro-852","robiin","0|0|-3|1|0|4|0","2","2160","0","1","1","1","1","1","0","1"
"pro-853","Roninbaby","1.5|0|-4|1|0|4|0","1","720","2","1","0","1","1","0","0","1"
"pro-853","Roninbaby","1.5|0|-4|1|0|4|0","1","768","2","1","0","1","1","0","0","1"
"pro-853","Roninbaby","1.5|0|-4|1|0|4|0","1","960","3","1","0","1","1","1","0","1"
"pro-853","Roninbaby","1.5|0|-4|1|0|4|0","1","1024","3","1","0","1","1","1","0","1"
"pro-853","Roninbaby","1.5|0|-4|1|0|4|0","1","1080","3","1","0","1","1","1","0","1"
"pro-853","Roninbaby","1.5|0|-4|1|0|4|0","1","1440","4","1","0","1","0","0","0","1"
"pro-853","Roninbaby","1.5|0|-4|1|0|4|0","1","2160","6","1","0","1","0","0","0","1"
"pro-854","Rossi","1.5|1|-4|0|0|4|0","4","720","2","1","0","1","0","0","0","1"
"pro-854","Rossi","1.5|1|-4|0|0|4|0","4","768","2","1","0","1","0","0","0","1"
"pro-854","Rossi","1.5|1|-4|0|0|4|0","4","960","3","2","1","1","1","1","0","0"
"pro-854","Rossi","1.5|1|-4|0|0|4|0","4","1024","3","2","1","1","1","1","0","1"
"pro-854","Rossi","1.5|1|-4|0|0|4|0","4","1080","3","2","1","1","1","1","0","1"
"pro-854","Rossi","1.5|1|-4|0|0|4|0","4","1440","4","3","1","1","0","0","0","1"
"pro-854","Rossi","1.5|1|-4|0|0|4|0","4","2160","6","4","2","1","0","0","0","1"
"pro-855","ROUX","3|0|0|0|0|4|0","1","720","4","1","4","1","0","0","0","1"
"pro-855","ROUX","3|0|0|0|0|4|0","1","768","4","1","4","1","0","0","0","1"
"pro-855","ROUX","3|0|0|0|0|4|0","1","960","6","1","4","1","1","1","0","1"
"pro-855","ROUX","3|0|0|0|0|4|0","1","1024","6","1","4","1","1","1","0","1"
"pro-855","ROUX","3|0|0|0|0|4|0","1","1080","6","1","4","1","0","1","0","1"
"pro-855","ROUX","3|0|0|0|0|4|0","1","1440","9","1","4","1","1","0","0","1"
"pro-855","ROUX","3|0|0|0|0|4|0","1","2160","13","1","4","1","0","0","0","1"
"pro-856","ruggah","2.5|1.5|-3|0|0|4|0","2","720","3","2","2","1","0","0","0","1"
"pro-856","ruggah","2.5|1.5|-3|0|0|4|0","2","768","4","2","2","1","1","0","0","1"
"pro-856","ruggah","2.5|1.5|-3|0|0|4|0","2","960","5","3","2","1","1","1","0","1"
"pro-856","ruggah","2.5|1.5|-3|0|0|4|0","2","1024","5","3","2","1","1","1","0","1"
"pro-856","ruggah","2.5|1.5|-3|0|0|4|0","2","1080","5","3","2","1","0","1","0","1"
"pro-856","ruggah","2.5|1.5|-3|0|0|4|0","2","1440","7","4","3","1","0","0","0","1"
"pro-856","ruggah","2.5|1.5|-3|0|0|4|0","2","2160","11","6","4","1","0","0","0","1"
"pro-857","RUSH","1|1|-3|0|0|4|0","1","720","1","1","1","1","0","0","0","1"
"pro-857","RUSH","1|1|-3|0|0|4|0","1","768","1","1","1","1","0","0","0","1"
"pro-857","RUSH","1|1|-3|0|0|4|0","1","960","2","2","2","1","1","1","1","0"
"pro-857","RUSH","1|1|-3|0|0|4|0","1","1024","2","2","2","1","1","1","1","0"
"pro-857","RUSH","1|1|-3|0|0|4|0","1","1080","2","2","2","1","1","1","1","0"
"pro-857","RUSH","1|1|-3|0|0|4|0","1","1440","3","3","2","1","1","0","0","1"
"pro-857","RUSH","1|1|-3|0|0|4|0","1","2160","4","4","3","1","0","0","0","1"
"pro-858","ryu","2|0|-3|0|0|4|0","3","720","3","1","1","1","1","0","0","1"
"pro-858","ryu","2|0|-3|0|0|4|0","3","768","3","1","1","1","1","0","0","1"
"pro-858","ryu","2|0|-3|0|0|4|0","3","960","4","1","1","1","1","1","0","1"
"pro-858","ryu","2|0|-3|0|0|4|0","3","1024","4","1","1","1","1","1","0","1"
"pro-858","ryu","2|0|-3|0|0|4|0","3","1080","4","1","1","1","0","1","0","1"
"pro-858","ryu","2|0|-3|0|0|4|0","3","1440","6","1","1","1","1","0","0","1"
"pro-858","ryu","2|0|-3|0|0|4|0","3","2160","9","1","1","1","1","0","0","1"
"pro-859","Ryujin","1|1|-4|0|0|4|0","1","720","1","1","0","1","0","0","0","1"
"pro-859","Ryujin","1|1|-4|0|0|4|0","1","768","1","1","0","1","0","0","0","1"
"pro-859","Ryujin","1|1|-4|0|0|4|0","1","960","2","2","1","1","1","1","1","0"
"pro-859","Ryujin","1|1|-4|0|0|4|0","1","1024","2","2","1","1","1","1","1","0"
"pro-859","Ryujin","1|1|-4|0|0|4|0","1","1080","2","2","1","1","1","1","1","1"
"pro-859","Ryujin","1|1|-4|0|0|4|0","1","1440","3","3","1","1","1","0","0","1"
"pro-859","Ryujin","1|1|-4|0|0|4|0","1","2160","4","4","2","1","0","0","0","1"
"pro-860","rzk","1|1|-3.3|0|0|4|0","3","720","1","1","0","1","0","0","0","0"
"pro-860","rzk","1|1|-3.3|0|0|4|0","3","768","1","1","0","1","0","0","0","0"
"pro-860","rzk","1|1|-3.3|0|0|4|0","3","960","2","2","1","1","1","1","1","1"
"pro-860","rzk","1|1|-3.3|0|0|4|0","3","1024","2","2","1","1","1","1","1","1"
"pro-860","rzk","1|1|-3.3|0|0|4|0","3","1080","2","2","1","1","1","1","1","1"
"pro-860","rzk","1|1|-3.3|0|0|4|0","3","1440","3","3","1","1","1","0","0","0"
"pro-860","rzk","1|1|-3.3|0|0|4|0","3","2160","4","4","2","1","0","0","0","1"
"pro-861","s0und","1|1|-4|0|0|4|0","1","720","1","1","0","1","0","0","0","1"
"pro-861","s0und","1|1|-4|0|0|4|0","1","768","1","1","0","1","0","0","0","1"
"pro-861","s0und","1|1|-4|0|0|4|0","1","960","2","2","1","1","1","1","1","0"
"pro-861","s0und","1|1|-4|0|0|4|0","1","1024","2","2","1","1","1","1","1","0"
"pro-861","s0und","1|1|-4|0|0|4|0","1","1080","2","2","1","1","1","1","1","1"
"pro-861","s0und","1|1|-4|0|0|4|0","1","1440","3","3","1","1","1","0","0","1"
"pro-861","s0und","1|1|-4|0|0|4|0","1","2160","4","4","2","1","0","0","0","1"
"pro-862","s1n","1|1|-4|0|0|4|0","1","720","1","1","0","1","0","0","0","1"
"pro-862","s1n","1|1|-4|0|0|4|0","1","768","1","1","0","1","0","0","0","1"
"pro-862","s1n","1|1|-4|0|0|4|0","1","960","2","2","1","1","1","1","1","0"
"pro-862","s1n","1|1|-4|0|0|4|0","1","1024","2","2","1","1","1","1","1","0"
"pro-862","s1n","1|1|-4|0|0|4|0","1","1080","2","2","1","1","1","1","1","1"
"pro-862","s1n","1|1|-4|0|0|4|0","1","1440","3","3","1","1","1","0","0","1"
"pro-862","s1n","1|1|-4|0|0|4|0","1","2160","4","4","2","1","0","0","0","1"
"pro-863","S1ren","1|1|-4|0|0|4|0","1","720","1","1","0","1","0","0","0","1"
"pro-863","S1ren","1|1|-4|0|0|4|0","1","768","1","1","0","1","0","0","0","1"
"pro-863","S1ren","1|1|-4|0|0|4|0","1","960","2","2","1","1","1","1","1","0"
"pro-863","S1ren","1|1|-4|0|0|4|0","1","1024","2","2","1","1","1","1","1","0"
"pro-863","S1ren","1|1|-4|0|0|4|0","1","1080","2","2","1","1","1","1","1","1"
"pro-863","S1ren","1|1|-4|0|0|4|0","1","1440","3","3","1","1","1","0","0","1"
"pro-863","S1ren","1|1|-4|0|0|4|0","1","2160","4","4","2","1","0","0","0","1"
"pro-864","s1zzi","1.1|1.1|-3.1|0|0|4|0","0","720","1","1","0","1","0","0","0","0"
"pro-864","s1zzi","1.1|1.1|-3.1|0|0|4|0","0","768","1","1","0","1","0","0","0","0"
"pro-864","s1zzi","1.1|1.1|-3.1|0|0|4|0","0","960","2","2","1","1","1","1","0","1"
"pro-864","s1zzi","1.1|1.1|-3.1|0|0|4|0","0","1024","2","2","1","1","1","1","0","1"
"pro-864","s1zzi","1.1|1.1|-3.1|0|0|4|0","0","1080","2","2","1","1","1","1","0","0"
"pro-864","s1zzi","1.1|1.1|-3.1|0|0|4|0","0","1440","3","3","1","1","1","0","0","0"
"pro-864","s1zzi","1.1|1.1|-3.1|0|0|4|0","0","2160","4","4","2","1","0","0","0","0"
"pro-865","s4ltovsk1yy","1|0|-3|1|0|4|0","2","720","1","1","1","1","0","0","0","1"
"pro-865","s4ltovsk1yy","1|0|-3|1|0|4|0","2","768","1","1","1","1","0","0","0","1"
"pro-865","s4ltovsk1yy","1|0|-3|1|0|4|0","2","960","2","1","1","1","1","1","0","1"
"pro-865","s4ltovsk1yy","1|0|-3|1|0|4|0","2","1024","2","1","1","1","1","1","0","1"
"pro-865","s4ltovsk1yy","1|0|-3|1|0|4|0","2","1080","2","1","1","1","1","1","0","1"
"pro-865","s4ltovsk1yy","1|0|-3|1|0|4|0","2","1440","3","1","1","1","1","0","0","1"
"pro-865","s4ltovsk1yy","1|0|-3|1|0|4|0","2","2160","4","1","1","1","0","0","0","1"
"pro-866","saadzin","1|1|-4|0|0|4|0","1","720","1","1","0","1","0","0","0","1"
"pro-866","saadzin","1|1|-4|0|0|4|0","1","768","1","1","0","1","0","0","0","1"
"pro-866","saadzin","1|1|-4|0|0|4|0","1","960","2","2","1","1","1","1","1","0"
"pro-866","saadzin","1|1|-4|0|0|4|0","1","1024","2","2","1","1","1","1","1","0"
"pro-866","saadzin","1|1|-4|0|0|4|0","1","1080","2","2","1","1","1","1","1","1"
"pro-866","saadzin","1|1|-4|0|0|4|0","1","1440","3","3","1","1","1","0","0","1"
"pro-866","saadzin","1|1|-4|0|0|4|0","1","2160","4","4","2","1","0","0","0","1"
"pro-867","sad","1.1|0.5|-1.4|1|0|4|0","4","720","1","1","2","1","0","0","0","1"
"pro-867","sad","1.1|0.5|-1.4|1|0|4|0","4","768","1","1","2","1","0","0","0","1"
"pro-867","sad","1.1|0.5|-1.4|1|0|4|0","4","960","2","1","2","1","1","1","1","1"
"pro-867","sad","1.1|0.5|-1.4|1|0|4|0","4","1024","2","1","2","1","1","1","1","1"
"pro-867","sad","1.1|0.5|-1.4|1|0|4|0","4","1080","2","1","2","1","1","1","1","1"
"pro-867","sad","1.1|0.5|-1.4|1|0|4|0","4","1440","3","1","2","1","0","0","0","0"
"pro-867","sad","1.1|0.5|-1.4|1|0|4|0","4","2160","4","2","3","1","0","0","0","0"
"pro-868","saddamy","1.5|0.5|-3|0|0|4|0","4","720","2","1","1","1","1","0","1","1"
"pro-868","saddamy","1.5|0.5|-3|0|0|4|0","4","768","2","1","1","1","1","0","1","1"
"pro-868","saddamy","1.5|0.5|-3|0|0|4|0","4","960","3","1","1","1","1","1","0","1"
"pro-868","saddamy","1.5|0.5|-3|0|0|4|0","4","1024","3","1","1","1","1","1","0","1"
"pro-868","saddamy","1.5|0.5|-3|0|0|4|0","4","1080","3","1","1","1","1","1","0","1"
"pro-868","saddamy","1.5|0.5|-3|0|0|4|0","4","1440","4","1","1","1","0","0","0","1"
"pro-868","saddamy","1.5|0.5|-3|0|0|4|0","4","2160","6","2","2","1","0","0","0","1"
"pro-869","saffee","2|1|-2|0|0|4|0","0","720","3","1","2","1","0","0","0","1"
"pro-869","saffee","2|1|-2|0|0|4|0","0","768","3","1","2","1","0","0","0","1"
"pro-869","saffee","2|1|-2|0|0|4|0","0","960","4","2","3","1","1","1","1","0"
"pro-869","saffee","2|1|-2|0|0|4|0","0","1024","4","2","3","1","1","1","1","0"
"pro-869","saffee","2|1|-2|0|0|4|0","0","1080","4","2","3","1","0","1","1","0"
"pro-869","saffee","2|1|-2|0|0|4|0","0","1440","6","3","3","1","1","0","0","1"
"pro-869","saffee","2|1|-2|0|0|4|0","0","2160","9","4","4","1","0","0","0","1"
"pro-870","Salazar","2|0|-3|0|0|4|0","3","720","3","1","1","1","1","0","0","1"
"pro-870","Salazar","2|0|-3|0|0|4|0","3","768","3","1","1","1","1","0","0","1"
"pro-870","Salazar","2|0|-3|0|0|4|0","3","960","4","1","1","1","1","1","0","1"
"pro-870","Salazar","2|0|-3|0|0|4|0","3","1024","4","1","1","1","1","1","0","1"
"pro-870","Salazar","2|0|-3|0|0|4|0","3","1080","4","1","1","1","0","1","0","1"
"pro-870","Salazar","2|0|-3|0|0|4|0","3","1440","6","1","1","1","1","0","0","1"
"pro-870","Salazar","2|0|-3|0|0|4|0","3","2160","9","1","1","1","1","0","0","1"
"pro-871","SaMey","1|1|-4|0|0|4|0","1","720","1","1","0","1","0","0","0","1"
"pro-871","SaMey","1|1|-4|0|0|4|0","1","768","1","1","0","1","0","0","0","1"
"pro-871","SaMey","1|1|-4|0|0|4|0","1","960","2","2","1","1","1","1","1","0"
"pro-871","SaMey","1|1|-4|0|0|4|0","1","1024","2","2","1","1","1","1","1","0"
"pro-871","SaMey","1|1|-4|0|0|4|0","1","1080","2","2","1","1","1","1","1","1"
"pro-871","SaMey","1|1|-4|0|0|4|0","1","1440","3","3","1","1","1","0","0","1"
"pro-871","SaMey","1|1|-4|0|0|4|0","1","2160","4","4","2","1","0","0","0","1"
"pro-872","Samuukxs","2|0|-3|0|0|4|0","3","720","3","1","1","1","1","0","0","1"
"pro-872","Samuukxs","2|0|-3|0|0|4|0","3","768","3","1","1","1","1","0","0","1"
"pro-872","Samuukxs","2|0|-3|0|0|4|0","3","960","4","1","1","1","1","1","0","1"
"pro-872","Samuukxs","2|0|-3|0|0|4|0","3","1024","4","1","1","1","1","1","0","1"
"pro-872","Samuukxs","2|0|-3|0|0|4|0","3","1080","4","1","1","1","0","1","0","1"
"pro-872","Samuukxs","2|0|-3|0|0|4|0","3","1440","6","1","1","1","1","0","0","1"
"pro-872","Samuukxs","2|0|-3|0|0|4|0","3","2160","9","1","1","1","1","0","0","1"
"pro-873","sanc","1|1|-4|0|0|4|0","1","720","1","1","0","1","0","0","0","1"
"pro-873","sanc","1|1|-4|0|0|4|0","1","768","1","1","0","1","0","0","0","1"
"pro-873","sanc","1|1|-4|0|0|4|0","1","960","2","2","1","1","1","1","1","0"
"pro-873","sanc","1|1|-4|0|0|4|0","1","1024","2","2","1","1","1","1","1","0"
"pro-873","sanc","1|1|-4|0|0|4|0","1","1080","2","2","1","1","1","1","1","1"
"pro-873","sanc","1|1|-4|0|0|4|0","1","1440","3","3","1","1","1","0","0","1"
"pro-873","sanc","1|1|-4|0|0|4|0","1","2160","4","4","2","1","0","0","0","1"
"pro-874","Sange","1|1|-3.2|0|0|4|0","0","720","1","1","0","1","0","0","0","0"
"pro-874","Sange","1|1|-3.2|0|0|4|0","0","768","1","1","0","1","0","0","0","0"
"pro-874","Sange","1|1|-3.2|0|0|4|0","0","960","2","2","1","1","1","1","1","1"
"pro-874","Sange","1|1|-3.2|0|0|4|0","0","1024","2","2","1","1","1","1","1","1"
"pro-874","Sange","1|1|-3.2|0|0|4|0","0","1080","2","2","1","1","1","1","1","1"
"pro-874","Sange","1|1|-3.2|0|0|4|0","0","1440","3","3","1","1","1","0","0","0"
"pro-874","Sange","1|1|-3.2|0|0|4|0","0","2160","4","4","2","1","0","0","0","0"
"pro-875","Sapec","2.5|1|-3|0|0|4|0","2","720","3","1","1","1","0","0","0","1"
"pro-875","Sapec","2.5|1|-3|0|0|4|0","2","768","4","1","1","1","0","0","0","1"
"pro-875","Sapec","2.5|1|-3|0|0|4|0","2","960","5","2","2","1","1","1","0","0"
"pro-875","Sapec","2.5|1|-3|0|0|4|0","2","1024","5","2","2","1","1","1","0","0"
"pro-875","Sapec","2.5|1|-3|0|0|4|0","2","1080","5","2","2","1","0","1","0","1"
"pro-875","Sapec","2.5|1|-3|0|0|4|0","2","1440","7","3","2","1","0","0","0","1"
"pro-875","Sapec","2.5|1|-3|0|0|4|0","2","2160","11","4","3","1","0","0","0","1"
"pro-876","sausol","1.5|0|-4|0|0|4|0","1","720","2","1","0","1","1","0","0","1"
"pro-876","sausol","1.5|0|-4|0|0|4|0","1","768","2","1","0","1","1","0","0","1"
"pro-876","sausol","1.5|0|-4|0|0|4|0","1","960","3","1","0","1","1","1","0","1"
"pro-876","sausol","1.5|0|-4|0|0|4|0","1","1024","3","1","0","1","1","1","0","1"
"pro-876","sausol","1.5|0|-4|0|0|4|0","1","1080","3","1","0","1","1","1","0","1"
"pro-876","sausol","1.5|0|-4|0|0|4|0","1","1440","4","1","0","1","0","0","0","1"
"pro-876","sausol","1.5|0|-4|0|0|4|0","1","2160","6","1","0","1","0","0","0","1"
"pro-877","savage","1|1|-4|0|0|4|0","1","720","1","1","0","1","0","0","0","1"
"pro-877","savage","1|1|-4|0|0|4|0","1","768","1","1","0","1","0","0","0","1"
"pro-877","savage","1|1|-4|0|0|4|0","1","960","2","2","1","1","1","1","1","0"
"pro-877","savage","1|1|-4|0|0|4|0","1","1024","2","2","1","1","1","1","1","0"
"pro-877","savage","1|1|-4|0|0|4|0","1","1080","2","2","1","1","1","1","1","1"
"pro-877","savage","1|1|-4|0|0|4|0","1","1440","3","3","1","1","1","0","0","1"
"pro-877","savage","1|1|-4|0|0|4|0","1","2160","4","4","2","1","0","0","0","1"
"pro-878","sAw","1|1|-4|0|0|4|0","1","720","1","1","0","1","0","0","0","1"
"pro-878","sAw","1|1|-4|0|0|4|0","1","768","1","1","0","1","0","0","0","1"
"pro-878","sAw","1|1|-4|0|0|4|0","1","960","2","2","1","1","1","1","1","0"
"pro-878","sAw","1|1|-4|0|0|4|0","1","1024","2","2","1","1","1","1","1","0"
"pro-878","sAw","1|1|-4|0|0|4|0","1","1080","2","2","1","1","1","1","1","1"
"pro-878","sAw","1|1|-4|0|0|4|0","1","1440","3","3","1","1","1","0","0","1"
"pro-878","sAw","1|1|-4|0|0|4|0","1","2160","4","4","2","1","0","0","0","1"
"pro-879","SBT","1|1|-4|0|0|4|0","1","720","1","1","0","1","0","0","0","1"
"pro-879","SBT","1|1|-4|0|0|4|0","1","768","1","1","0","1","0","0","0","1"
"pro-879","SBT","1|1|-4|0|0|4|0","1","960","2","2","1","1","1","1","1","0"
"pro-879","SBT","1|1|-4|0|0|4|0","1","1024","2","2","1","1","1","1","1","0"
"pro-879","SBT","1|1|-4|0|0|4|0","1","1080","2","2","1","1","1","1","1","1"
"pro-879","SBT","1|1|-4|0|0|4|0","1","1440","3","3","1","1","1","0","0","1"
"pro-879","SBT","1|1|-4|0|0|4|0","1","2160","4","4","2","1","0","0","0","1"
"pro-880","Scr0b","1.9|0.1|-2.1|0|0|4|0","3","720","2","1","1","1","0","0","0","1"
"pro-880","Scr0b","1.9|0.1|-2.1|0|0|4|0","3","768","3","1","1","1","1","1","0","1"
"pro-880","Scr0b","1.9|0.1|-2.1|0|0|4|0","3","960","3","1","1","1","0","1","0","1"
"pro-880","Scr0b","1.9|0.1|-2.1|0|0|4|0","3","1024","4","1","1","1","1","0","0","1"
"pro-880","Scr0b","1.9|0.1|-2.1|0|0|4|0","3","1080","4","1","1","1","1","0","0","1"
"pro-880","Scr0b","1.9|0.1|-2.1|0|0|4|0","3","1440","5","1","1","1","0","0","0","1"
"pro-880","Scr0b","1.9|0.1|-2.1|0|0|4|0","3","2160","8","1","1","1","0","0","0","0"
"pro-882","sdy","1|1|-4|0|0|4|0","1","720","1","1","0","1","0","0","0","1"
"pro-882","sdy","1|1|-4|0|0|4|0","1","768","1","1","0","1","0","0","0","1"
"pro-882","sdy","1|1|-4|0|0|4|0","1","960","2","2","1","1","1","1","1","0"
"pro-882","sdy","1|1|-4|0|0|4|0","1","1024","2","2","1","1","1","1","1","0"
"pro-882","sdy","1|1|-4|0|0|4|0","1","1080","2","2","1","1","1","1","1","1"
"pro-882","sdy","1|1|-4|0|0|4|0","1","1440","3","3","1","1","1","0","0","1"
"pro-882","sdy","1|1|-4|0|0|4|0","1","2160","4","4","2","1","0","0","0","1"
"pro-883","segukawa","1|1|-4|0|0|4|0","1","720","1","1","0","1","0","0","0","1"
"pro-883","segukawa","1|1|-4|0|0|4|0","1","768","1","1","0","1","0","0","0","1"
"pro-883","segukawa","1|1|-4|0|0|4|0","1","960","2","2","1","1","1","1","1","0"
"pro-883","segukawa","1|1|-4|0|0|4|0","1","1024","2","2","1","1","1","1","1","0"
"pro-883","segukawa","1|1|-4|0|0|4|0","1","1080","2","2","1","1","1","1","1","1"
"pro-883","segukawa","1|1|-4|0|0|4|0","1","1440","3","3","1","1","1","0","0","1"
"pro-883","segukawa","1|1|-4|0|0|4|0","1","2160","4","4","2","1","0","0","0","1"
"pro-884","SELLTER","2|0|-3|0|0|4|0","3","720","3","1","1","1","1","0","0","1"
"pro-884","SELLTER","2|0|-3|0|0|4|0","3","768","3","1","1","1","1","0","0","1"
"pro-884","SELLTER","2|0|-3|0|0|4|0","3","960","4","1","1","1","1","1","0","1"
"pro-884","SELLTER","2|0|-3|0|0|4|0","3","1024","4","1","1","1","1","1","0","1"
"pro-884","SELLTER","2|0|-3|0|0|4|0","3","1080","4","1","1","1","0","1","0","1"
"pro-884","SELLTER","2|0|-3|0|0|4|0","3","1440","6","1","1","1","1","0","0","1"
"pro-884","SELLTER","2|0|-3|0|0|4|0","3","2160","9","1","1","1","1","0","0","1"
"pro-885","SENER1","2.3|1|-3|0|0|4|0","0","720","3","1","1","1","0","0","0","1"
"pro-885","SENER1","2.3|1|-3|0|0|4|0","0","768","3","1","1","1","0","0","0","1"
"pro-885","SENER1","2.3|1|-3|0|0|4|0","0","960","4","2","2","1","0","1","1","0"
"pro-885","SENER1","2.3|1|-3|0|0|4|0","0","1024","4","2","2","1","0","1","1","0"
"pro-885","SENER1","2.3|1|-3|0|0|4|0","0","1080","5","2","2","1","1","0","0","1"
"pro-885","SENER1","2.3|1|-3|0|0|4|0","0","1440","6","3","2","1","0","0","0","0"
"pro-885","SENER1","2.3|1|-3|0|0|4|0","0","2160","10","4","3","1","0","0","0","1"
"pro-886","senka","1|1|-5|0|0|4|0","4","720","1","1","-1","1","0","0","0","1"
"pro-886","senka","1|1|-5|0|0|4|0","4","768","1","1","-1","1","0","0","0","1"
"pro-886","senka","1|1|-5|0|0|4|0","4","960","2","2","0","1","1","1","1","0"
"pro-886","senka","1|1|-5|0|0|4|0","4","1024","2","2","0","1","1","1","1","1"
"pro-886","senka","1|1|-5|0|0|4|0","4","1080","2","2","0","1","1","1","1","1"
"pro-886","senka","1|1|-5|0|0|4|0","4","1440","3","3","0","1","1","0","0","1"
"pro-886","senka","1|1|-5|0|0|4|0","4","2160","4","4","1","1","0","0","0","1"
"pro-887","sense","2|0.6|-3|0|0|4|0","0","720","3","1","1","1","1","0","0","1"
"pro-887","sense","2|0.6|-3|0|0|4|0","0","768","3","1","1","1","1","0","0","1"
"pro-887","sense","2|0.6|-3|0|0|4|0","0","960","4","1","1","1","1","1","0","1"
"pro-887","sense","2|0.6|-3|0|0|4|0","0","1024","4","1","1","1","1","1","0","1"
"pro-887","sense","2|0.6|-3|0|0|4|0","0","1080","4","1","1","1","0","1","0","1"
"pro-887","sense","2|0.6|-3|0|0|4|0","0","1440","6","1","1","1","0","0","0","0"
"pro-887","sense","2|0.6|-3|0|0|4|0","0","2160","9","2","2","1","0","0","0","1"
"pro-888","Senzu","2|0|-3|0|0|4|0","3","720","3","1","1","1","1","0","0","1"
"pro-888","Senzu","2|0|-3|0|0|4|0","3","768","3","1","1","1","1","0","0","1"
"pro-888","Senzu","2|0|-3|0|0|4|0","3","960","4","1","1","1","1","1","0","1"
"pro-888","Senzu","2|0|-3|0|0|4|0","3","1024","4","1","1","1","1","1","0","1"
"pro-888","Senzu","2|0|-3|0|0|4|0","3","1080","4","1","1","1","0","1","0","1"
"pro-888","Senzu","2|0|-3|0|0|4|0","3","1440","6","1","1","1","1","0","0","1"
"pro-888","Senzu","2|0|-3|0|0|4|0","3","2160","9","1","1","1","1","0","0","1"
"pro-889","sh1geo","1|1.1|-4|0|0|4|0","3","720","1","1","0","1","0","0","0","1"
"pro-889","sh1geo","1|1.1|-4|0|0|4|0","3","768","1","1","0","1","0","0","0","0"
"pro-889","sh1geo","1|1.1|-4|0|0|4|0","3","960","2","2","1","1","1","1","0","1"
"pro-889","sh1geo","1|1.1|-4|0|0|4|0","3","1024","2","2","1","1","1","1","0","1"
"pro-889","sh1geo","1|1.1|-4|0|0|4|0","3","1080","2","2","1","1","1","1","0","1"
"pro-889","sh1geo","1|1.1|-4|0|0|4|0","3","1440","3","3","1","1","1","0","0","1"
"pro-889","sh1geo","1|1.1|-4|0|0|4|0","3","2160","4","4","2","1","0","0","0","1"
"pro-890","sh1nejezzz","1|1|-4|0|0|4|0","1","720","1","1","0","1","0","0","0","1"
"pro-890","sh1nejezzz","1|1|-4|0|0|4|0","1","768","1","1","0","1","0","0","0","1"
"pro-890","sh1nejezzz","1|1|-4|0|0|4|0","1","960","2","2","1","1","1","1","1","0"
"pro-890","sh1nejezzz","1|1|-4|0|0|4|0","1","1024","2","2","1","1","1","1","1","0"
"pro-890","sh1nejezzz","1|1|-4|0|0|4|0","1","1080","2","2","1","1","1","1","1","1"
"pro-890","sh1nejezzz","1|1|-4|0|0|4|0","1","1440","3","3","1","1","1","0","0","1"
"pro-890","sh1nejezzz","1|1|-4|0|0|4|0","1","2160","4","4","2","1","0","0","0","1"
"pro-891","shadiy","0.5|1|-4|1|0|4|0","0","720","0","1","0","1","0","0","0","1"
"pro-891","shadiy","0.5|1|-4|1|0|4|0","0","768","0","1","0","1","0","0","0","1"
"pro-891","shadiy","0.5|1|-4|1|0|4|0","0","960","1","2","1","1","1","1","0","0"
"pro-891","shadiy","0.5|1|-4|1|0|4|0","0","1024","1","2","1","1","1","1","0","0"
"pro-891","shadiy","0.5|1|-4|1|0|4|0","0","1080","1","2","1","1","1","1","0","1"
"pro-891","shadiy","0.5|1|-4|1|0|4|0","0","1440","1","3","1","1","0","0","0","1"
"pro-891","shadiy","0.5|1|-4|1|0|4|0","0","2160","2","4","2","1","0","0","0","1"
"pro-892","shady","1|1|-4|0|0|4|0","1","720","1","1","0","1","0","0","0","1"
"pro-892","shady","1|1|-4|0|0|4|0","1","768","1","1","0","1","0","0","0","1"
"pro-892","shady","1|1|-4|0|0|4|0","1","960","2","2","1","1","1","1","1","0"
"pro-892","shady","1|1|-4|0|0|4|0","1","1024","2","2","1","1","1","1","1","0"
"pro-892","shady","1|1|-4|0|0|4|0","1","1080","2","2","1","1","1","1","1","1"
"pro-892","shady","1|1|-4|0|0|4|0","1","1440","3","3","1","1","1","0","0","1"
"pro-892","shady","1|1|-4|0|0|4|0","1","2160","4","4","2","1","0","0","0","1"
"pro-893","shaiK","1.5|1|-4|0|0|4|0","4","720","2","1","0","1","0","0","0","1"
"pro-893","shaiK","1.5|1|-4|0|0|4|0","4","768","2","1","0","1","0","0","0","1"
"pro-893","shaiK","1.5|1|-4|0|0|4|0","4","960","3","2","1","1","1","1","0","0"
"pro-893","shaiK","1.5|1|-4|0|0|4|0","4","1024","3","2","1","1","1","1","0","1"
"pro-893","shaiK","1.5|1|-4|0|0|4|0","4","1080","3","2","1","1","1","1","0","1"
"pro-893","shaiK","1.5|1|-4|0|0|4|0","4","1440","4","3","1","1","0","0","0","1"
"pro-893","shaiK","1.5|1|-4|0|0|4|0","4","2160","6","4","2","1","0","0","0","1"
"pro-894","shalfey","1|0|0|0|0|4|0","1","720","1","1","4","1","0","0","0","1"
"pro-894","shalfey","1|0|0|0|0|4|0","1","768","1","1","4","1","0","0","0","1"
"pro-894","shalfey","1|0|0|0|0|4|0","1","960","2","1","4","1","1","1","0","1"
"pro-894","shalfey","1|0|0|0|0|4|0","1","1024","2","1","4","1","1","1","0","1"
"pro-894","shalfey","1|0|0|0|0|4|0","1","1080","2","1","4","1","1","1","0","1"
"pro-894","shalfey","1|0|0|0|0|4|0","1","1440","3","1","4","1","1","0","0","1"
"pro-894","shalfey","1|0|0|0|0|4|0","1","2160","4","1","4","1","0","0","0","1"
"pro-895","Shane","1|1|-4|0|0|4|0","1","720","1","1","0","1","0","0","0","1"
"pro-895","Shane","1|1|-4|0|0|4|0","1","768","1","1","0","1","0","0","0","1"
"pro-895","Shane","1|1|-4|0|0|4|0","1","960","2","2","1","1","1","1","1","0"
"pro-895","Shane","1|1|-4|0|0|4|0","1","1024","2","2","1","1","1","1","1","0"
"pro-895","Shane","1|1|-4|0|0|4|0","1","1080","2","2","1","1","1","1","1","1"
"pro-895","Shane","1|1|-4|0|0|4|0","1","1440","3","3","1","1","1","0","0","1"
"pro-895","Shane","1|1|-4|0|0|4|0","1","2160","4","4","2","1","0","0","0","1"
"pro-896","shg","2|0|-3|0|0|4|0","3","720","3","1","1","1","1","0","0","1"
"pro-896","shg","2|0|-3|0|0|4|0","3","768","3","1","1","1","1","0","0","1"
"pro-896","shg","2|0|-3|0|0|4|0","3","960","4","1","1","1","1","1","0","1"
"pro-896","shg","2|0|-3|0|0|4|0","3","1024","4","1","1","1","1","1","0","1"
"pro-896","shg","2|0|-3|0|0|4|0","3","1080","4","1","1","1","0","1","0","1"
"pro-896","shg","2|0|-3|0|0|4|0","3","1440","6","1","1","1","1","0","0","1"
"pro-896","shg","2|0|-3|0|0|4|0","3","2160","9","1","1","1","1","0","0","1"
"pro-897","shield","1|1|-4|0|0|4|0","1","720","1","1","0","1","0","0","0","1"
"pro-897","shield","1|1|-4|0|0|4|0","1","768","1","1","0","1","0","0","0","1"
"pro-897","shield","1|1|-4|0|0|4|0","1","960","2","2","1","1","1","1","1","0"
"pro-897","shield","1|1|-4|0|0|4|0","1","1024","2","2","1","1","1","1","1","0"
"pro-897","shield","1|1|-4|0|0|4|0","1","1080","2","2","1","1","1","1","1","1"
"pro-897","shield","1|1|-4|0|0|4|0","1","1440","3","3","1","1","1","0","0","1"
"pro-897","shield","1|1|-4|0|0|4|0","1","2160","4","4","2","1","0","0","0","1"
"pro-898","SHiNE","2.5|0|-3|0|0|4|0","3","720","3","1","1","1","0","0","0","1"
"pro-898","SHiNE","2.5|0|-3|0|0|4|0","3","768","4","1","1","1","1","0","0","1"
"pro-898","SHiNE","2.5|0|-3|0|0|4|0","3","960","5","1","1","1","1","1","0","1"
"pro-898","SHiNE","2.5|0|-3|0|0|4|0","3","1024","5","1","1","1","1","1","0","1"
"pro-898","SHiNE","2.5|0|-3|0|0|4|0","3","1080","5","1","1","1","0","1","0","1"
"pro-898","SHiNE","2.5|0|-3|0|0|4|0","3","1440","7","1","1","1","0","0","0","1"
"pro-898","SHiNE","2.5|0|-3|0|0|4|0","3","2160","11","1","1","1","1","0","0","1"
"pro-900","SHOCK","1.5|1|-2.5|0|0|4|0","4","720","2","1","1","1","0","0","0","0"
"pro-900","SHOCK","1.5|1|-2.5|0|0|4|0","4","768","2","1","1","1","0","0","0","0"
"pro-900","SHOCK","1.5|1|-2.5|0|0|4|0","4","960","3","2","2","1","1","1","0","1"
"pro-900","SHOCK","1.5|1|-2.5|0|0|4|0","4","1024","3","2","2","1","1","1","0","1"
"pro-900","SHOCK","1.5|1|-2.5|0|0|4|0","4","1080","3","2","2","1","1","1","0","1"
"pro-900","SHOCK","1.5|1|-2.5|0|0|4|0","4","1440","4","3","2","1","0","0","0","1"
"pro-900","SHOCK","1.5|1|-2.5|0|0|4|0","4","2160","6","4","3","1","0","0","0","1"
"pro-902","Shr","1|1|-4|0|0|4|0","1","720","1","1","0","1","0","0","0","1"
"pro-902","Shr","1|1|-4|0|0|4|0","1","768","1","1","0","1","0","0","0","1"
"pro-902","Shr","1|1|-4|0|0|4|0","1","960","2","2","1","1","1","1","1","0"
"pro-902","Shr","1|1|-4|0|0|4|0","1","1024","2","2","1","1","1","1","1","0"
"pro-902","Shr","1|1|-4|0|0|4|0","1","1080","2","2","1","1","1","1","1","1"
"pro-902","Shr","1|1|-4|0|0|4|0","1","1440","3","3","1","1","1","0","0","1"
"pro-902","Shr","1|1|-4|0|0|4|0","1","2160","4","4","2","1","0","0","0","1"
"pro-903","shz","1|0|-3|0|0|4|0","2","720","1","1","1","1","0","0","0","1"
"pro-903","shz","1|0|-3|0|0|4|0","2","768","1","1","1","1","0","0","0","1"
"pro-903","shz","1|0|-3|0|0|4|0","2","960","2","1","1","1","1","1","0","1"
"pro-903","shz","1|0|-3|0|0|4|0","2","1024","2","1","1","1","1","1","0","1"
"pro-903","shz","1|0|-3|0|0|4|0","2","1080","2","1","1","1","1","1","0","1"
"pro-903","shz","1|0|-3|0|0|4|0","2","1440","3","1","1","1","1","0","0","1"
"pro-903","shz","1|0|-3|0|0|4|0","2","2160","4","1","1","1","0","0","0","1"
"pro-904","Signal","2|0|-3|0|0|4|0","3","720","3","1","1","1","1","0","0","1"
"pro-904","Signal","2|0|-3|0|0|4|0","3","768","3","1","1","1","1","0","0","1"
"pro-904","Signal","2|0|-3|0|0|4|0","3","960","4","1","1","1","1","1","0","1"
"pro-904","Signal","2|0|-3|0|0|4|0","3","1024","4","1","1","1","1","1","0","1"
"pro-904","Signal","2|0|-3|0|0|4|0","3","1080","4","1","1","1","0","1","0","1"
"pro-904","Signal","2|0|-3|0|0|4|0","3","1440","6","1","1","1","1","0","0","1"
"pro-904","Signal","2|0|-3|0|0|4|0","3","2160","9","1","1","1","1","0","0","1"
"pro-905","Silence","2|0|-3|0|0|4|0","3","720","3","1","1","1","1","0","0","1"
"pro-905","Silence","2|0|-3|0|0|4|0","3","768","3","1","1","1","1","0","0","1"
"pro-905","Silence","2|0|-3|0|0|4|0","3","960","4","1","1","1","1","1","0","1"
"pro-905","Silence","2|0|-3|0|0|4|0","3","1024","4","1","1","1","1","1","0","1"
"pro-905","Silence","2|0|-3|0|0|4|0","3","1080","4","1","1","1","0","1","0","1"
"pro-905","Silence","2|0|-3|0|0|4|0","3","1440","6","1","1","1","1","0","0","1"
"pro-905","Silence","2|0|-3|0|0|4|0","3","2160","9","1","1","1","1","0","0","1"
"pro-907","sinnopsyy","1|1|-4|0|0|4|0","1","720","1","1","0","1","0","0","0","1"
"pro-907","sinnopsyy","1|1|-4|0|0|4|0","1","768","1","1","0","1","0","0","0","1"
"pro-907","sinnopsyy","1|1|-4|0|0|4|0","1","960","2","2","1","1","1","1","1","0"
"pro-907","sinnopsyy","1|1|-4|0|0|4|0","1","1024","2","2","1","1","1","1","1","0"
"pro-907","sinnopsyy","1|1|-4|0|0|4|0","1","1080","2","2","1","1","1","1","1","1"
"pro-907","sinnopsyy","1|1|-4|0|0|4|0","1","1440","3","3","1","1","1","0","0","1"
"pro-907","sinnopsyy","1|1|-4|0|0|4|0","1","2160","4","4","2","1","0","0","0","1"
"pro-908","sirah","1|1|-4|1|0|4|0","1","720","1","1","0","1","0","0","0","1"
"pro-908","sirah","1|1|-4|1|0|4|0","1","768","1","1","0","1","0","0","0","1"
"pro-908","sirah","1|1|-4|1|0|4|0","1","960","2","2","1","1","1","1","1","0"
"pro-908","sirah","1|1|-4|1|0|4|0","1","1024","2","2","1","1","1","1","1","0"
"pro-908","sirah","1|1|-4|1|0|4|0","1","1080","2","2","1","1","1","1","1","1"
"pro-908","sirah","1|1|-4|1|0|4|0","1","1440","3","3","1","1","1","0","0","1"
"pro-908","sirah","1|1|-4|1|0|4|0","1","2160","4","4","2","1","0","0","0","1"
"pro-909","siuhy","2|0|-3|0|0|4|0","3","720","3","1","1","1","1","0","0","1"
"pro-909","siuhy","2|0|-3|0|0|4|0","3","768","3","1","1","1","1","0","0","1"
"pro-909","siuhy","2|0|-3|0|0|4|0","3","960","4","1","1","1","1","1","0","1"
"pro-909","siuhy","2|0|-3|0|0|4|0","3","1024","4","1","1","1","1","1","0","1"
"pro-909","siuhy","2|0|-3|0|0|4|0","3","1080","4","1","1","1","0","1","0","1"
"pro-909","siuhy","2|0|-3|0|0|4|0","3","1440","6","1","1","1","1","0","0","1"
"pro-909","siuhy","2|0|-3|0|0|4|0","3","2160","9","1","1","1","1","0","0","1"
"pro-910","sjuush","1|1|-4|0|0|4|0","1","720","1","1","0","1","0","0","0","1"
"pro-910","sjuush","1|1|-4|0|0|4|0","1","768","1","1","0","1","0","0","0","1"
"pro-910","sjuush","1|1|-4|0|0|4|0","1","960","2","2","1","1","1","1","1","0"
"pro-910","sjuush","1|1|-4|0|0|4|0","1","1024","2","2","1","1","1","1","1","0"
"pro-910","sjuush","1|1|-4|0|0|4|0","1","1080","2","2","1","1","1","1","1","1"
"pro-910","sjuush","1|1|-4|0|0|4|0","1","1440","3","3","1","1","1","0","0","1"
"pro-910","sjuush","1|1|-4|0|0|4|0","1","2160","4","4","2","1","0","0","0","1"
"pro-911","sk0R","1|0|-3|1|0|4|0","2","720","1","1","1","1","0","0","0","1"
"pro-911","sk0R","1|0|-3|1|0|4|0","2","768","1","1","1","1","0","0","0","1"
"pro-911","sk0R","1|0|-3|1|0|4|0","2","960","2","1","1","1","1","1","0","1"
"pro-911","sk0R","1|0|-3|1|0|4|0","2","1024","2","1","1","1","1","1","0","1"
"pro-911","sk0R","1|0|-3|1|0|4|0","2","1080","2","1","1","1","1","1","0","1"
"pro-911","sk0R","1|0|-3|1|0|4|0","2","1440","3","1","1","1","1","0","0","1"
"pro-911","sk0R","1|0|-3|1|0|4|0","2","2160","4","1","1","1","0","0","0","1"
"pro-912","sk1tt","1|1|-4|0|0|4|0","1","720","1","1","0","1","0","0","0","1"
"pro-912","sk1tt","1|1|-4|0|0|4|0","1","768","1","1","0","1","0","0","0","1"
"pro-912","sk1tt","1|1|-4|0|0|4|0","1","960","2","2","1","1","1","1","1","0"
"pro-912","sk1tt","1|1|-4|0|0|4|0","1","1024","2","2","1","1","1","1","1","0"
"pro-912","sk1tt","1|1|-4|0|0|4|0","1","1080","2","2","1","1","1","1","1","1"
"pro-912","sk1tt","1|1|-4|0|0|4|0","1","1440","3","3","1","1","1","0","0","1"
"pro-912","sk1tt","1|1|-4|0|0|4|0","1","2160","4","4","2","1","0","0","0","1"
"pro-913","Skrimo","1|1|-4|0|0|4|0","1","720","1","1","0","1","0","0","0","1"
"pro-913","Skrimo","1|1|-4|0|0|4|0","1","768","1","1","0","1","0","0","0","1"
"pro-913","Skrimo","1|1|-4|0|0|4|0","1","960","2","2","1","1","1","1","1","0"
"pro-913","Skrimo","1|1|-4|0|0|4|0","1","1024","2","2","1","1","1","1","1","0"
"pro-913","Skrimo","1|1|-4|0|0|4|0","1","1080","2","2","1","1","1","1","1","1"
"pro-913","Skrimo","1|1|-4|0|0|4|0","1","1440","3","3","1","1","1","0","0","1"
"pro-913","Skrimo","1|1|-4|0|0|4|0","1","2160","4","4","2","1","0","0","0","1"
"pro-914","skullz","2|0|-3|0|0|4|0","3","720","3","1","1","1","1","0","0","1"
"pro-914","skullz","2|0|-3|0|0|4|0","3","768","3","1","1","1","1","0","0","1"
"pro-914","skullz","2|0|-3|0|0|4|0","3","960","4","1","1","1","1","1","0","1"
"pro-914","skullz","2|0|-3|0|0|4|0","3","1024","4","1","1","1","1","1","0","1"
"pro-914","skullz","2|0|-3|0|0|4|0","3","1080","4","1","1","1","0","1","0","1"
"pro-914","skullz","2|0|-3|0|0|4|0","3","1440","6","1","1","1","1","0","0","1"
"pro-914","skullz","2|0|-3|0|0|4|0","3","2160","9","1","1","1","1","0","0","1"
"pro-915","skyye","1|0|-3|1|0|4|0","2","720","1","1","1","1","0","0","0","1"
"pro-915","skyye","1|0|-3|1|0|4|0","2","768","1","1","1","1","0","0","0","1"
"pro-915","skyye","1|0|-3|1|0|4|0","2","960","2","1","1","1","1","1","0","1"
"pro-915","skyye","1|0|-3|1|0|4|0","2","1024","2","1","1","1","1","1","0","1"
"pro-915","skyye","1|0|-3|1|0|4|0","2","1080","2","1","1","1","1","1","0","1"
"pro-915","skyye","1|0|-3|1|0|4|0","2","1440","3","1","1","1","1","0","0","1"
"pro-915","skyye","1|0|-3|1|0|4|0","2","2160","4","1","1","1","0","0","0","1"
"pro-916","sL1m3","1|1|-5|0|0|4|0","4","720","1","1","-1","1","0","0","0","1"
"pro-916","sL1m3","1|1|-5|0|0|4|0","4","768","1","1","-1","1","0","0","0","1"
"pro-916","sL1m3","1|1|-5|0|0|4|0","4","960","2","2","0","1","1","1","1","0"
"pro-916","sL1m3","1|1|-5|0|0|4|0","4","1024","2","2","0","1","1","1","1","1"
"pro-916","sL1m3","1|1|-5|0|0|4|0","4","1080","2","2","0","1","1","1","1","1"
"pro-916","sL1m3","1|1|-5|0|0|4|0","4","1440","3","3","0","1","1","0","0","1"
"pro-916","sL1m3","1|1|-5|0|0|4|0","4","2160","4","4","1","1","0","0","0","1"
"pro-917","sl3nd","1|1|-4|0|0|4|0","1","720","1","1","0","1","0","0","0","1"
"pro-917","sl3nd","1|1|-4|0|0|4|0","1","768","1","1","0","1","0","0","0","1"
"pro-917","sl3nd","1|1|-4|0|0|4|0","1","960","2","2","1","1","1","1","1","0"
"pro-917","sl3nd","1|1|-4|0|0|4|0","1","1024","2","2","1","1","1","1","1","0"
"pro-917","sl3nd","1|1|-4|0|0|4|0","1","1080","2","2","1","1","1","1","1","1"
"pro-917","sl3nd","1|1|-4|0|0|4|0","1","1440","3","3","1","1","1","0","0","1"
"pro-917","sl3nd","1|1|-4|0|0|4|0","1","2160","4","4","2","1","0","0","0","1"
"pro-918","slashzz","2|0|-3|0|0|4|0","3","720","3","1","1","1","1","0","0","1"
"pro-918","slashzz","2|0|-3|0|0|4|0","3","768","3","1","1","1","1","0","0","1"
"pro-918","slashzz","2|0|-3|0|0|4|0","3","960","4","1","1","1","1","1","0","1"
"pro-918","slashzz","2|0|-3|0|0|4|0","3","1024","4","1","1","1","1","1","0","1"
"pro-918","slashzz","2|0|-3|0|0|4|0","3","1080","4","1","1","1","0","1","0","1"
"pro-918","slashzz","2|0|-3|0|0|4|0","3","1440","6","1","1","1","1","0","0","1"
"pro-918","slashzz","2|0|-3|0|0|4|0","3","2160","9","1","1","1","1","0","0","1"
"pro-919","slaxejezzz","0.9|0.9|-4.2|0|0|4|0","0","720","1","1","0","1","1","1","0","1"
"pro-919","slaxejezzz","0.9|0.9|-4.2|0|0|4|0","0","768","1","1","0","1","1","1","0","1"
"pro-919","slaxejezzz","0.9|0.9|-4.2|0|0|4|0","0","960","1","1","0","1","0","1","0","0"
"pro-919","slaxejezzz","0.9|0.9|-4.2|0|0|4|0","0","1024","1","1","0","1","0","1","0","0"
"pro-919","slaxejezzz","0.9|0.9|-4.2|0|0|4|0","0","1080","2","2","1","1","1","0","0","0"
"pro-919","slaxejezzz","0.9|0.9|-4.2|0|0|4|0","0","1440","2","2","1","1","0","0","0","1"
"pro-919","slaxejezzz","0.9|0.9|-4.2|0|0|4|0","0","2160","4","4","2","1","1","0","0","0"
"pro-920","Slaxx","2|0|-3|0|0|4|0","3","720","3","1","1","1","1","0","0","1"
"pro-920","Slaxx","2|0|-3|0|0|4|0","3","768","3","1","1","1","1","0","0","1"
"pro-920","Slaxx","2|0|-3|0|0|4|0","3","960","4","1","1","1","1","1","0","1"
"pro-920","Slaxx","2|0|-3|0|0|4|0","3","1024","4","1","1","1","1","1","0","1"
"pro-920","Slaxx","2|0|-3|0|0|4|0","3","1080","4","1","1","1","0","1","0","1"
"pro-920","Slaxx","2|0|-3|0|0|4|0","3","1440","6","1","1","1","1","0","0","1"
"pro-920","Slaxx","2|0|-3|0|0|4|0","3","2160","9","1","1","1","1","0","0","1"
"pro-921","slaxz-","1|1|-4|0|0|4|0","1","720","1","1","0","1","0","0","0","1"
"pro-921","slaxz-","1|1|-4|0|0|4|0","1","768","1","1","0","1","0","0","0","1"
"pro-921","slaxz-","1|1|-4|0|0|4|0","1","960","2","2","1","1","1","1","1","0"
"pro-921","slaxz-","1|1|-4|0|0|4|0","1","1024","2","2","1","1","1","1","1","0"
"pro-921","slaxz-","1|1|-4|0|0|4|0","1","1080","2","2","1","1","1","1","1","1"
"pro-921","slaxz-","1|1|-4|0|0|4|0","1","1440","3","3","1","1","1","0","0","1"
"pro-921","slaxz-","1|1|-4|0|0|4|0","1","2160","4","4","2","1","0","0","0","1"
"pro-922","SLIGHT","1|1|-4|0|0|4|0","1","720","1","1","0","1","0","0","0","1"
"pro-922","SLIGHT","1|1|-4|0|0|4|0","1","768","1","1","0","1","0","0","0","1"
"pro-922","SLIGHT","1|1|-4|0|0|4|0","1","960","2","2","1","1","1","1","1","0"
"pro-922","SLIGHT","1|1|-4|0|0|4|0","1","1024","2","2","1","1","1","1","1","0"
"pro-922","SLIGHT","1|1|-4|0|0|4|0","1","1080","2","2","1","1","1","1","1","1"
"pro-922","SLIGHT","1|1|-4|0|0|4|0","1","1440","3","3","1","1","1","0","0","1"
"pro-922","SLIGHT","1|1|-4|0|0|4|0","1","2160","4","4","2","1","0","0","0","1"
"pro-923","sliimey","1|0.1|-4|0|0|4|0","3","720","1","1","0","1","0","0","0","0"
"pro-923","sliimey","1|0.1|-4|0|0|4|0","3","768","1","1","0","1","0","0","0","0"
"pro-923","sliimey","1|0.1|-4|0|0|4|0","3","960","2","1","0","1","1","1","0","0"
"pro-923","sliimey","1|0.1|-4|0|0|4|0","3","1024","2","1","0","1","1","1","0","0"
"pro-923","sliimey","1|0.1|-4|0|0|4|0","3","1080","2","1","0","1","1","1","0","0"
"pro-923","sliimey","1|0.1|-4|0|0|4|0","3","1440","3","1","0","1","1","0","0","1"
"pro-923","sliimey","1|0.1|-4|0|0|4|0","3","2160","4","1","0","1","0","0","0","1"
"pro-924","slump","1|1|-4|0|0|4|0","1","720","1","1","0","1","0","0","0","1"
"pro-924","slump","1|1|-4|0|0|4|0","1","768","1","1","0","1","0","0","0","1"
"pro-924","slump","1|1|-4|0|0|4|0","1","960","2","2","1","1","1","1","1","0"
"pro-924","slump","1|1|-4|0|0|4|0","1","1024","2","2","1","1","1","1","1","0"
"pro-924","slump","1|1|-4|0|0|4|0","1","1080","2","2","1","1","1","1","1","1"
"pro-924","slump","1|1|-4|0|0|4|0","1","1440","3","3","1","1","1","0","0","1"
"pro-924","slump","1|1|-4|0|0|4|0","1","2160","4","4","2","1","0","0","0","1"
"pro-925","Sm1llee","1|0.1|-4|0|0|4|0","3","720","1","1","0","1","0","0","0","0"
"pro-925","Sm1llee","1|0.1|-4|0|0|4|0","3","768","1","1","0","1","0","0","0","0"
"pro-925","Sm1llee","1|0.1|-4|0|0|4|0","3","960","2","1","0","1","1","1","0","0"
"pro-925","Sm1llee","1|0.1|-4|0|0|4|0","3","1024","2","1","0","1","1","1","0","0"
"pro-925","Sm1llee","1|0.1|-4|0|0|4|0","3","1080","2","1","0","1","1","1","0","0"
"pro-925","Sm1llee","1|0.1|-4|0|0|4|0","3","1440","3","1","0","1","1","0","0","1"
"pro-925","Sm1llee","1|0.1|-4|0|0|4|0","3","2160","4","1","0","1","0","0","0","1"
"pro-926","Smilejay","1|0|-4|0|0|4|0","3","720","1","1","0","1","0","0","0","1"
"pro-926","Smilejay","1|0|-4|0|0|4|0","3","768","1","1","0","1","0","0","0","1"
"pro-926","Smilejay","1|0|-4|0|0|4|0","3","960","2","1","0","1","1","1","0","1"
"pro-926","Smilejay","1|0|-4|0|0|4|0","3","1024","2","1","0","1","1","1","0","1"
"pro-926","Smilejay","1|0|-4|0|0|4|0","3","1080","2","1","0","1","1","1","0","1"
"pro-926","Smilejay","1|0|-4|0|0|4|0","3","1440","3","1","0","1","1","0","0","1"
"pro-926","Smilejay","1|0|-4|0|0|4|0","3","2160","4","1","0","1","0","0","0","1"
"pro-928","smooya","2|0|-3|0|0|4|0","3","720","3","1","1","1","1","0","0","1"
"pro-928","smooya","2|0|-3|0|0|4|0","3","768","3","1","1","1","1","0","0","1"
"pro-928","smooya","2|0|-3|0|0|4|0","3","960","4","1","1","1","1","1","0","1"
"pro-928","smooya","2|0|-3|0|0|4|0","3","1024","4","1","1","1","1","1","0","1"
"pro-928","smooya","2|0|-3|0|0|4|0","3","1080","4","1","1","1","0","1","0","1"
"pro-928","smooya","2|0|-3|0|0|4|0","3","1440","6","1","1","1","1","0","0","1"
"pro-928","smooya","2|0|-3|0|0|4|0","3","2160","9","1","1","1","1","0","0","1"
"pro-929","Snappi","1|0|-3|1|0|4|0","2","720","1","1","1","1","0","0","0","1"
"pro-929","Snappi","1|0|-3|1|0|4|0","2","768","1","1","1","1","0","0","0","1"
"pro-929","Snappi","1|0|-3|1|0|4|0","2","960","2","1","1","1","1","1","0","1"
"pro-929","Snappi","1|0|-3|1|0|4|0","2","1024","2","1","1","1","1","1","0","1"
"pro-929","Snappi","1|0|-3|1|0|4|0","2","1080","2","1","1","1","1","1","0","1"
"pro-929","Snappi","1|0|-3|1|0|4|0","2","1440","3","1","1","1","1","0","0","1"
"pro-929","Snappi","1|0|-3|1|0|4|0","2","2160","4","1","1","1","0","0","0","1"
"pro-931","snav","1|1|-4|0|0|4|0","1","720","1","1","0","1","0","0","0","1"
"pro-931","snav","1|1|-4|0|0|4|0","1","768","1","1","0","1","0","0","0","1"
"pro-931","snav","1|1|-4|0|0|4|0","1","960","2","2","1","1","1","1","1","0"
"pro-931","snav","1|1|-4|0|0|4|0","1","1024","2","2","1","1","1","1","1","0"
"pro-931","snav","1|1|-4|0|0|4|0","1","1080","2","2","1","1","1","1","1","1"
"pro-931","snav","1|1|-4|0|0|4|0","1","1440","3","3","1","1","1","0","0","1"
"pro-931","snav","1|1|-4|0|0|4|0","1","2160","4","4","2","1","0","0","0","1"
"pro-932","Snax","1|1|-4|0|0|4|0","1","720","1","1","0","1","0","0","0","1"
"pro-932","Snax","1|1|-4|0|0|4|0","1","768","1","1","0","1","0","0","0","1"
"pro-932","Snax","1|1|-4|0|0|4|0","1","960","2","2","1","1","1","1","1","0"
"pro-932","Snax","1|1|-4|0|0|4|0","1","1024","2","2","1","1","1","1","1","0"
"pro-932","Snax","1|1|-4|0|0|4|0","1","1080","2","2","1","1","1","1","1","1"
"pro-932","Snax","1|1|-4|0|0|4|0","1","1440","3","3","1","1","1","0","0","1"
"pro-932","Snax","1|1|-4|0|0|4|0","1","2160","4","4","2","1","0","0","0","1"
"pro-933","snow","0.9|0.8|-3|0|0|4|0","2","720","1","1","1","1","1","1","0","1"
"pro-933","snow","0.9|0.8|-3|0|0|4|0","2","768","1","1","1","1","1","1","0","1"
"pro-933","snow","0.9|0.8|-3|0|0|4|0","2","960","1","1","1","1","0","1","0","1"
"pro-933","snow","0.9|0.8|-3|0|0|4|0","2","1024","1","1","1","1","0","1","0","0"
"pro-933","snow","0.9|0.8|-3|0|0|4|0","2","1080","2","1","1","1","0","0","0","0"
"pro-933","snow","0.9|0.8|-3|0|0|4|0","2","1440","2","2","2","1","0","0","0","1"
"pro-933","snow","0.9|0.8|-3|0|0|4|0","2","2160","4","3","2","1","0","0","0","1"
"pro-934","Sobol","2|0|-7|0|0|4|0","0","720","3","1","-3","1","1","0","0","1"
"pro-934","Sobol","2|0|-7|0|0|4|0","0","768","3","1","-3","1","1","0","0","1"
"pro-934","Sobol","2|0|-7|0|0|4|0","0","960","4","1","-3","1","1","1","0","1"
"pro-934","Sobol","2|0|-7|0|0|4|0","0","1024","4","1","-3","1","1","1","0","1"
"pro-934","Sobol","2|0|-7|0|0|4|0","0","1080","4","1","-3","1","0","1","0","1"
"pro-934","Sobol","2|0|-7|0|0|4|0","0","1440","6","1","-3","1","1","0","0","1"
"pro-934","Sobol","2|0|-7|0|0|4|0","0","2160","9","1","-3","1","1","0","0","1"
"pro-935","somebody","1|0|-4|0|0|4|0","3","720","1","1","0","1","0","0","0","1"
"pro-935","somebody","1|0|-4|0|0|4|0","3","768","1","1","0","1","0","0","0","1"
"pro-935","somebody","1|0|-4|0|0|4|0","3","960","2","1","0","1","1","1","0","1"
"pro-935","somebody","1|0|-4|0|0|4|0","3","1024","2","1","0","1","1","1","0","1"
"pro-935","somebody","1|0|-4|0|0|4|0","3","1080","2","1","0","1","1","1","0","1"
"pro-935","somebody","1|0|-4|0|0|4|0","3","1440","3","1","0","1","1","0","0","1"
"pro-935","somebody","1|0|-4|0|0|4|0","3","2160","4","1","0","1","0","0","0","1"
"pro-936","Sonic","1|0.6|-2|0|0|4|0","3","720","1","1","2","1","0","0","0","1"
"pro-936","Sonic","1|0.6|-2|0|0|4|0","3","768","1","1","2","1","0","0","0","1"
"pro-936","Sonic","1|0.6|-2|0|0|4|0","3","960","2","1","2","1","1","1","0","1"
"pro-936","Sonic","1|0.6|-2|0|0|4|0","3","1024","2","1","2","1","1","1","0","1"
"pro-936","Sonic","1|0.6|-2|0|0|4|0","3","1080","2","1","2","1","1","1","0","1"
"pro-936","Sonic","1|0.6|-2|0|0|4|0","3","1440","3","1","2","1","0","0","0","0"
"pro-936","Sonic","1|0.6|-2|0|0|4|0","3","2160","4","2","3","1","0","0","0","1"
"pro-937","soulfly","1|1|-4|0|0|4|0","1","720","1","1","0","1","0","0","0","1"
"pro-937","soulfly","1|1|-4|0|0|4|0","1","768","1","1","0","1","0","0","0","1"
"pro-937","soulfly","1|1|-4|0|0|4|0","1","960","2","2","1","1","1","1","1","0"
"pro-937","soulfly","1|1|-4|0|0|4|0","1","1024","2","2","1","1","1","1","1","0"
"pro-937","soulfly","1|1|-4|0|0|4|0","1","1080","2","2","1","1","1","1","1","1"
"pro-937","soulfly","1|1|-4|0|0|4|0","1","1440","3","3","1","1","1","0","0","1"
"pro-937","soulfly","1|1|-4|0|0|4|0","1","2160","4","4","2","1","0","0","0","1"
"pro-938","sowalio","1.5|0|-2.4|0|0|4|0","3","720","2","1","1","1","1","0","0","1"
"pro-938","sowalio","1.5|0|-2.4|0|0|4|0","3","768","2","1","1","1","1","0","0","1"
"pro-938","sowalio","1.5|0|-2.4|0|0|4|0","3","960","3","1","1","1","1","1","0","1"
"pro-938","sowalio","1.5|0|-2.4|0|0|4|0","3","1024","3","1","1","1","1","1","0","1"
"pro-938","sowalio","1.5|0|-2.4|0|0|4|0","3","1080","3","1","1","1","1","1","0","1"
"pro-938","sowalio","1.5|0|-2.4|0|0|4|0","3","1440","4","1","1","1","0","0","0","1"
"pro-938","sowalio","1.5|0|-2.4|0|0|4|0","3","2160","6","1","1","1","0","0","0","1"
"pro-939","SPELLAN","2|1|-3|0|0|4|0","3","720","3","1","1","1","0","0","0","1"
"pro-939","SPELLAN","2|1|-3|0|0|4|0","3","768","3","1","1","1","0","0","0","1"
"pro-939","SPELLAN","2|1|-3|0|0|4|0","3","960","4","2","2","1","1","1","1","0"
"pro-939","SPELLAN","2|1|-3|0|0|4|0","3","1024","4","2","2","1","1","1","1","0"
"pro-939","SPELLAN","2|1|-3|0|0|4|0","3","1080","4","2","2","1","0","1","1","1"
"pro-939","SPELLAN","2|1|-3|0|0|4|0","3","1440","6","3","2","1","1","0","0","1"
"pro-939","SPELLAN","2|1|-3|0|0|4|0","3","2160","9","4","3","1","0","0","0","1"
"pro-940","Spinx","0.8|1.2|-4.1|0|0|4|0","1","720","1","1","0","1","0","0","0","0"
"pro-940","Spinx","0.8|1.2|-4.1|0|0|4|0","1","768","1","1","0","1","0","0","0","0"
"pro-940","Spinx","0.8|1.2|-4.1|0|0|4|0","1","960","1","2","1","1","0","1","0","1"
"pro-940","Spinx","0.8|1.2|-4.1|0|0|4|0","1","1024","1","2","1","1","0","1","0","1"
"pro-940","Spinx","0.8|1.2|-4.1|0|0|4|0","1","1080","1","2","1","1","0","1","0","1"
"pro-940","Spinx","0.8|1.2|-4.1|0|0|4|0","1","1440","2","3","1","1","0","0","0","1"
"pro-940","Spinx","0.8|1.2|-4.1|0|0|4|0","1","2160","3","5","2","1","0","0","0","1"
"pro-941","spooke","1|1|-3.4|0|0|4|0","4","720","1","1","0","1","0","0","0","0"
"pro-941","spooke","1|1|-3.4|0|0|4|0","4","768","1","1","0","1","0","0","0","0"
"pro-941","spooke","1|1|-3.4|0|0|4|0","4","960","2","2","1","1","1","1","1","1"
"pro-941","spooke","1|1|-3.4|0|0|4|0","4","1024","2","2","1","1","1","1","1","1"
"pro-941","spooke","1|1|-3.4|0|0|4|0","4","1080","2","2","1","1","1","1","1","1"
"pro-941","spooke","1|1|-3.4|0|0|4|0","4","1440","3","3","1","1","1","0","0","0"
"pro-941","spooke","1|1|-3.4|0|0|4|0","4","2160","4","4","2","1","0","0","0","1"
"pro-943","sSen","1|0.9|-3.3|0|0|4|0","3","720","1","1","0","1","0","0","0","0"
"pro-943","sSen","1|0.9|-3.3|0|0|4|0","3","768","1","1","0","1","0","0","0","0"
"pro-943","sSen","1|0.9|-3.3|0|0|4|0","3","960","2","1","0","1","0","1","0","0"
"pro-943","sSen","1|0.9|-3.3|0|0|4|0","3","1024","2","1","0","1","0","1","0","0"
"pro-943","sSen","1|0.9|-3.3|0|0|4|0","3","1080","2","2","1","1","1","0","0","1"
"pro-943","sSen","1|0.9|-3.3|0|0|4|0","3","1440","3","2","1","1","0","0","0","1"
"pro-943","sSen","1|0.9|-3.3|0|0|4|0","3","2160","4","4","2","1","0","0","0","1"
"pro-944","sstiNiX","1|0.5|-2|1|0|4|0","1","720","1","1","2","1","0","0","0","1"
"pro-944","sstiNiX","1|0.5|-2|1|0|4|0","1","768","1","1","2","1","0","0","0","1"
"pro-944","sstiNiX","1|0.5|-2|1|0|4|0","1","960","2","1","2","1","1","1","1","1"
"pro-944","sstiNiX","1|0.5|-2|1|0|4|0","1","1024","2","1","2","1","1","1","1","1"
"pro-944","sstiNiX","1|0.5|-2|1|0|4|0","1","1080","2","1","2","1","1","1","1","1"
"pro-944","sstiNiX","1|0.5|-2|1|0|4|0","1","1440","3","1","2","1","0","0","0","1"
"pro-944","sstiNiX","1|0.5|-2|1|0|4|0","1","2160","4","2","3","1","0","0","0","0"
"pro-945","St0m4k","1|1|-4|0|0|4|0","1","720","1","1","0","1","0","0","0","1"
"pro-945","St0m4k","1|1|-4|0|0|4|0","1","768","1","1","0","1","0","0","0","1"
"pro-945","St0m4k","1|1|-4|0|0|4|0","1","960","2","2","1","1","1","1","1","0"
"pro-945","St0m4k","1|1|-4|0|0|4|0","1","1024","2","2","1","1","1","1","1","0"
"pro-945","St0m4k","1|1|-4|0|0|4|0","1","1080","2","2","1","1","1","1","1","1"
"pro-945","St0m4k","1|1|-4|0|0|4|0","1","1440","3","3","1","1","1","0","0","1"
"pro-945","St0m4k","1|1|-4|0|0|4|0","1","2160","4","4","2","1","0","0","0","1"
"pro-946","stadodo","1|1|-4|0|0|4|0","1","720","1","1","0","1","0","0","0","1"
"pro-946","stadodo","1|1|-4|0|0|4|0","1","768","1","1","0","1","0","0","0","1"
"pro-946","stadodo","1|1|-4|0|0|4|0","1","960","2","2","1","1","1","1","1","0"
"pro-946","stadodo","1|1|-4|0|0|4|0","1","1024","2","2","1","1","1","1","1","0"
"pro-946","stadodo","1|1|-4|0|0|4|0","1","1080","2","2","1","1","1","1","1","1"
"pro-946","stadodo","1|1|-4|0|0|4|0","1","1440","3","3","1","1","1","0","0","1"
"pro-946","stadodo","1|1|-4|0|0|4|0","1","2160","4","4","2","1","0","0","0","1"
"pro-947","Staehr","1|0.5|-4|0|0|4|0","2","720","1","1","0","1","0","0","0","1"
"pro-947","Staehr","1|0.5|-4|0|0|4|0","2","768","1","1","0","1","0","0","0","1"
"pro-947","Staehr","1|0.5|-4|0|0|4|0","2","960","2","1","0","1","1","1","1","1"
"pro-947","Staehr","1|0.5|-4|0|0|4|0","2","1024","2","1","0","1","1","1","1","1"
"pro-947","Staehr","1|0.5|-4|0|0|4|0","2","1080","2","1","0","1","1","1","1","1"
"pro-947","Staehr","1|0.5|-4|0|0|4|0","2","1440","3","1","0","1","0","0","0","1"
"pro-947","Staehr","1|0.5|-4|0|0|4|0","2","2160","4","2","1","1","0","0","0","1"
"pro-948","stanislaw","2|0.5|-2|0|0|4|0","4","720","3","1","2","1","1","0","0","1"
"pro-948","stanislaw","2|0.5|-2|0|0|4|0","4","768","3","1","2","1","1","0","0","1"
"pro-948","stanislaw","2|0.5|-2|0|0|4|0","4","960","4","1","2","1","1","1","1","1"
"pro-948","stanislaw","2|0.5|-2|0|0|4|0","4","1024","4","1","2","1","1","1","1","1"
"pro-948","stanislaw","2|0.5|-2|0|0|4|0","4","1080","4","1","2","1","0","1","1","1"
"pro-948","stanislaw","2|0.5|-2|0|0|4|0","4","1440","6","1","2","1","0","0","0","1"
"pro-948","stanislaw","2|0.5|-2|0|0|4|0","4","2160","9","2","3","1","1","0","0","1"
"pro-949","Starry","1|1|-4|0|0|4|0","1","720","1","1","0","1","0","0","0","1"
"pro-949","Starry","1|1|-4|0|0|4|0","1","768","1","1","0","1","0","0","0","1"
"pro-949","Starry","1|1|-4|0|0|4|0","1","960","2","2","1","1","1","1","1","0"
"pro-949","Starry","1|1|-4|0|0|4|0","1","1024","2","2","1","1","1","1","1","0"
"pro-949","Starry","1|1|-4|0|0|4|0","1","1080","2","2","1","1","1","1","1","1"
"pro-949","Starry","1|1|-4|0|0|4|0","1","1440","3","3","1","1","1","0","0","1"
"pro-949","Starry","1|1|-4|0|0|4|0","1","2160","4","4","2","1","0","0","0","1"
"pro-950","stavn","1|1|-4|0|0|4|0","1","720","1","1","0","1","0","0","0","1"
"pro-950","stavn","1|1|-4|0|0|4|0","1","768","1","1","0","1","0","0","0","1"
"pro-950","stavn","1|1|-4|0|0|4|0","1","960","2","2","1","1","1","1","1","0"
"pro-950","stavn","1|1|-4|0|0|4|0","1","1024","2","2","1","1","1","1","1","0"
"pro-950","stavn","1|1|-4|0|0|4|0","1","1080","2","2","1","1","1","1","1","1"
"pro-950","stavn","1|1|-4|0|0|4|0","1","1440","3","3","1","1","1","0","0","1"
"pro-950","stavn","1|1|-4|0|0|4|0","1","2160","4","4","2","1","0","0","0","1"
"pro-951","steel","1|1|-4|0|0|4|0","1","720","1","1","0","1","0","0","0","1"
"pro-951","steel","1|1|-4|0|0|4|0","1","768","1","1","0","1","0","0","0","1"
"pro-951","steel","1|1|-4|0|0|4|0","1","960","2","2","1","1","1","1","1","0"
"pro-951","steel","1|1|-4|0|0|4|0","1","1024","2","2","1","1","1","1","1","0"
"pro-951","steel","1|1|-4|0|0|4|0","1","1080","2","2","1","1","1","1","1","1"
"pro-951","steel","1|1|-4|0|0|4|0","1","1440","3","3","1","1","1","0","0","1"
"pro-951","steel","1|1|-4|0|0|4|0","1","2160","4","4","2","1","0","0","0","1"
"pro-952","Stepa","1|1|-5|0|0|4|0","4","720","1","1","-1","1","0","0","0","1"
"pro-952","Stepa","1|1|-5|0|0|4|0","4","768","1","1","-1","1","0","0","0","1"
"pro-952","Stepa","1|1|-5|0|0|4|0","4","960","2","2","0","1","1","1","1","0"
"pro-952","Stepa","1|1|-5|0|0|4|0","4","1024","2","2","0","1","1","1","1","1"
"pro-952","Stepa","1|1|-5|0|0|4|0","4","1080","2","2","0","1","1","1","1","1"
"pro-952","Stepa","1|1|-5|0|0|4|0","4","1440","3","3","0","1","1","0","0","1"
"pro-952","Stepa","1|1|-5|0|0|4|0","4","2160","4","4","1","1","0","0","0","1"
"pro-953","stormzyn","1.5|0.9|-2.9|0|0|4|0","3","720","2","1","1","1","1","0","0","1"
"pro-953","stormzyn","1.5|0.9|-2.9|0|0|4|0","3","768","2","1","1","1","1","0","0","1"
"pro-953","stormzyn","1.5|0.9|-2.9|0|0|4|0","3","960","3","1","1","1","0","1","0","0"
"pro-953","stormzyn","1.5|0.9|-2.9|0|0|4|0","3","1024","3","1","1","1","0","1","0","0"
"pro-953","stormzyn","1.5|0.9|-2.9|0|0|4|0","3","1080","3","2","2","1","1","0","0","0"
"pro-953","stormzyn","1.5|0.9|-2.9|0|0|4|0","3","1440","4","2","2","1","0","0","0","1"
"pro-953","stormzyn","1.5|0.9|-2.9|0|0|4|0","3","2160","6","4","3","1","0","0","0","1"
"pro-954","story","1|1|-4|0|0|4|0","1","720","1","1","0","1","0","0","0","1"
"pro-954","story","1|1|-4|0|0|4|0","1","768","1","1","0","1","0","0","0","1"
"pro-954","story","1|1|-4|0|0|4|0","1","960","2","2","1","1","1","1","1","0"
"pro-954","story","1|1|-4|0|0|4|0","1","1024","2","2","1","1","1","1","1","0"
"pro-954","story","1|1|-4|0|0|4|0","1","1080","2","2","1","1","1","1","1","1"
"pro-954","story","1|1|-4|0|0|4|0","1","1440","3","3","1","1","1","0","0","1"
"pro-954","story","1|1|-4|0|0|4|0","1","2160","4","4","2","1","0","0","0","1"
"pro-955","stressarN","1|1|-4|0|0|4|0","1","720","1","1","0","1","0","0","0","1"
"pro-955","stressarN","1|1|-4|0|0|4|0","1","768","1","1","0","1","0","0","0","1"
"pro-955","stressarN","1|1|-4|0|0|4|0","1","960","2","2","1","1","1","1","1","0"
"pro-955","stressarN","1|1|-4|0|0|4|0","1","1024","2","2","1","1","1","1","1","0"
"pro-955","stressarN","1|1|-4|0|0|4|0","1","1080","2","2","1","1","1","1","1","1"
"pro-955","stressarN","1|1|-4|0|0|4|0","1","1440","3","3","1","1","1","0","0","1"
"pro-955","stressarN","1|1|-4|0|0|4|0","1","2160","4","4","2","1","0","0","0","1"
"pro-956","STYKO","1.5|0.5|-1|1|0|4|0","1","720","2","1","3","1","1","0","1","1"
"pro-956","STYKO","1.5|0.5|-1|1|0|4|0","1","768","2","1","3","1","1","0","1","1"
"pro-956","STYKO","1.5|0.5|-1|1|0|4|0","1","960","3","1","3","1","1","1","0","1"
"pro-956","STYKO","1.5|0.5|-1|1|0|4|0","1","1024","3","1","3","1","1","1","0","1"
"pro-956","STYKO","1.5|0.5|-1|1|0|4|0","1","1080","3","1","3","1","1","1","0","1"
"pro-956","STYKO","1.5|0.5|-1|1|0|4|0","1","1440","4","1","3","1","0","0","0","1"
"pro-956","STYKO","1.5|0.5|-1|1|0|4|0","1","2160","6","2","4","1","0","0","0","0"
"pro-957","sugaR","1|1|-4|0|0|4|0","1","720","1","1","0","1","0","0","0","1"
"pro-957","sugaR","1|1|-4|0|0|4|0","1","768","1","1","0","1","0","0","0","1"
"pro-957","sugaR","1|1|-4|0|0|4|0","1","960","2","2","1","1","1","1","1","0"
"pro-957","sugaR","1|1|-4|0|0|4|0","1","1024","2","2","1","1","1","1","1","0"
"pro-957","sugaR","1|1|-4|0|0|4|0","1","1080","2","2","1","1","1","1","1","1"
"pro-957","sugaR","1|1|-4|0|0|4|0","1","1440","3","3","1","1","1","0","0","1"
"pro-957","sugaR","1|1|-4|0|0|4|0","1","2160","4","4","2","1","0","0","0","1"
"pro-958","Summer","1|1|-4|0|0|4|0","1","720","1","1","0","1","0","0","0","1"
"pro-958","Summer","1|1|-4|0|0|4|0","1","768","1","1","0","1","0","0","0","1"
"pro-958","Summer","1|1|-4|0|0|4|0","1","960","2","2","1","1","1","1","1","0"
"pro-958","Summer","1|1|-4|0|0|4|0","1","1024","2","2","1","1","1","1","1","0"
"pro-958","Summer","1|1|-4|0|0|4|0","1","1080","2","2","1","1","1","1","1","1"
"pro-958","Summer","1|1|-4|0|0|4|0","1","1440","3","3","1","1","1","0","0","1"
"pro-958","Summer","1|1|-4|0|0|4|0","1","2160","4","4","2","1","0","0","0","1"
"pro-959","Sunk","0.5|0|-3|1|0|4|0","4","720","0","1","1","1","0","0","0","1"
"pro-959","Sunk","0.5|0|-3|1|0|4|0","4","768","0","1","1","1","0","0","0","0"
"pro-959","Sunk","0.5|0|-3|1|0|4|0","4","960","1","1","1","1","1","1","0","1"
"pro-959","Sunk","0.5|0|-3|1|0|4|0","4","1024","1","1","1","1","1","1","0","1"
"pro-959","Sunk","0.5|0|-3|1|0|4|0","4","1080","1","1","1","1","1","1","0","1"
"pro-959","Sunk","0.5|0|-3|1|0|4|0","4","1440","1","1","1","1","0","1","0","1"
"pro-959","Sunk","0.5|0|-3|1|0|4|0","4","2160","2","1","1","1","1","0","0","1"
"pro-960","SunPayus","0|0|-3|1|0|4|0","2","720","0","1","1","1","1","1","0","1"
"pro-960","SunPayus","0|0|-3|1|0|4|0","2","768","0","1","1","1","1","1","0","1"
"pro-960","SunPayus","0|0|-3|1|0|4|0","2","960","0","1","1","1","1","1","0","1"
"pro-960","SunPayus","0|0|-3|1|0|4|0","2","1024","0","1","1","1","1","1","0","1"
"pro-960","SunPayus","0|0|-3|1|0|4|0","2","1080","0","1","1","1","1","1","0","1"
"pro-960","SunPayus","0|0|-3|1|0|4|0","2","1440","0","1","1","1","1","1","0","1"
"pro-960","SunPayus","0|0|-3|1|0|4|0","2","2160","0","1","1","1","1","1","0","1"
"pro-961","superflik","0|1.3|-5|1|0|4|0","0","720","0","1","-1","1","0","0","0","0"
"pro-961","superflik","0|1.3|-5|1|0|4|0","0","768","0","2","0","1","1","1","0","1"
"pro-961","superflik","0|1.3|-5|1|0|4|0","0","960","0","2","0","1","0","1","0","1"
"pro-961","superflik","0|1.3|-5|1|0|4|0","0","1024","0","2","0","1","0","1","0","1"
"pro-961","superflik","0|1.3|-5|1|0|4|0","0","1080","0","2","0","1","0","1","0","0"
"pro-961","superflik","0|1.3|-5|1|0|4|0","0","1440","0","3","0","1","0","0","0","1"
"pro-961","superflik","0|1.3|-5|1|0|4|0","0","2160","0","5","1","1","0","0","0","0"
"pro-962","supra","2|0|-3|0|0|4|0","3","720","3","1","1","1","1","0","0","1"
"pro-962","supra","2|0|-3|0|0|4|0","3","768","3","1","1","1","1","0","0","1"
"pro-962","supra","2|0|-3|0|0|4|0","3","960","4","1","1","1","1","1","0","1"
"pro-962","supra","2|0|-3|0|0|4|0","3","1024","4","1","1","1","1","1","0","1"
"pro-962","supra","2|0|-3|0|0|4|0","3","1080","4","1","1","1","0","1","0","1"
"pro-962","supra","2|0|-3|0|0|4|0","3","1440","6","1","1","1","1","0","0","1"
"pro-962","supra","2|0|-3|0|0|4|0","3","2160","9","1","1","1","1","0","0","1"
"pro-963","susp","1|1|-4|0|0|4|0","1","720","1","1","0","1","0","0","0","1"
"pro-963","susp","1|1|-4|0|0|4|0","1","768","1","1","0","1","0","0","0","1"
"pro-963","susp","1|1|-4|0|0|4|0","1","960","2","2","1","1","1","1","1","0"
"pro-963","susp","1|1|-4|0|0|4|0","1","1024","2","2","1","1","1","1","1","0"
"pro-963","susp","1|1|-4|0|0|4|0","1","1080","2","2","1","1","1","1","1","1"
"pro-963","susp","1|1|-4|0|0|4|0","1","1440","3","3","1","1","1","0","0","1"
"pro-963","susp","1|1|-4|0|0|4|0","1","2160","4","4","2","1","0","0","0","1"
"pro-964","Swisher","1.5|1|-5|0|0|4|0","4","720","2","1","-1","1","0","0","0","1"
"pro-964","Swisher","1.5|1|-5|0|0|4|0","4","768","2","1","-1","1","0","0","0","1"
"pro-964","Swisher","1.5|1|-5|0|0|4|0","4","960","3","2","0","1","1","1","0","0"
"pro-964","Swisher","1.5|1|-5|0|0|4|0","4","1024","3","2","0","1","1","1","0","1"
"pro-964","Swisher","1.5|1|-5|0|0|4|0","4","1080","3","2","0","1","1","1","0","1"
"pro-964","Swisher","1.5|1|-5|0|0|4|0","4","1440","4","3","0","1","0","0","0","1"
"pro-964","Swisher","1.5|1|-5|0|0|4|0","4","2160","6","4","1","1","0","0","0","1"
"pro-965","swiz","1|1|-4|0|0|4|0","1","720","1","1","0","1","0","0","0","1"
"pro-965","swiz","1|1|-4|0|0|4|0","1","768","1","1","0","1","0","0","0","1"
"pro-965","swiz","1|1|-4|0|0|4|0","1","960","2","2","1","1","1","1","1","0"
"pro-965","swiz","1|1|-4|0|0|4|0","1","1024","2","2","1","1","1","1","1","0"
"pro-965","swiz","1|1|-4|0|0|4|0","1","1080","2","2","1","1","1","1","1","1"
"pro-965","swiz","1|1|-4|0|0|4|0","1","1440","3","3","1","1","1","0","0","1"
"pro-965","swiz","1|1|-4|0|0|4|0","1","2160","4","4","2","1","0","0","0","1"
"pro-966","SYDOX","2|0.8|-3|0|0|4|0","3","720","3","1","1","1","1","0","0","1"
"pro-966","SYDOX","2|0.8|-3|0|0|4|0","3","768","3","1","1","1","1","0","0","1"
"pro-966","SYDOX","2|0.8|-3|0|0|4|0","3","960","4","1","1","1","0","1","0","1"
"pro-966","SYDOX","2|0.8|-3|0|0|4|0","3","1024","4","1","1","1","0","1","0","0"
"pro-966","SYDOX","2|0.8|-3|0|0|4|0","3","1080","4","1","1","1","0","1","0","0"
"pro-966","SYDOX","2|0.8|-3|0|0|4|0","3","1440","6","2","2","1","1","0","0","1"
"pro-966","SYDOX","2|0.8|-3|0|0|4|0","3","2160","9","3","2","1","0","0","0","1"
"pro-967","synyx","1|1|-4|0|0|4|0","1","720","1","1","0","1","0","0","0","1"
"pro-967","synyx","1|1|-4|0|0|4|0","1","768","1","1","0","1","0","0","0","1"
"pro-967","synyx","1|1|-4|0|0|4|0","1","960","2","2","1","1","1","1","1","0"
"pro-967","synyx","1|1|-4|0|0|4|0","1","1024","2","2","1","1","1","1","1","0"
"pro-967","synyx","1|1|-4|0|0|4|0","1","1080","2","2","1","1","1","1","1","1"
"pro-967","synyx","1|1|-4|0|0|4|0","1","1440","3","3","1","1","1","0","0","1"
"pro-967","synyx","1|1|-4|0|0|4|0","1","2160","4","4","2","1","0","0","0","1"
"pro-968","syph0","1|1|-4|0|0|4|0","1","720","1","1","0","1","0","0","0","1"
"pro-968","syph0","1|1|-4|0|0|4|0","1","768","1","1","0","1","0","0","0","1"
"pro-968","syph0","1|1|-4|0|0|4|0","1","960","2","2","1","1","1","1","1","0"
"pro-968","syph0","1|1|-4|0|0|4|0","1","1024","2","2","1","1","1","1","1","0"
"pro-968","syph0","1|1|-4|0|0|4|0","1","1080","2","2","1","1","1","1","1","1"
"pro-968","syph0","1|1|-4|0|0|4|0","1","1440","3","3","1","1","1","0","0","1"
"pro-968","syph0","1|1|-4|0|0|4|0","1","2160","4","4","2","1","0","0","0","1"
"pro-969","syrsoN","0|1|-4|1|0|4|0","4","720","0","1","0","1","0","0","0","1"
"pro-969","syrsoN","0|1|-4|1|0|4|0","4","768","0","1","0","1","0","0","0","1"
"pro-969","syrsoN","0|1|-4|1|0|4|0","4","960","0","2","1","1","1","1","1","0"
"pro-969","syrsoN","0|1|-4|1|0|4|0","4","1024","0","2","1","1","1","1","1","0"
"pro-969","syrsoN","0|1|-4|1|0|4|0","4","1080","0","2","1","1","1","1","1","1"
"pro-969","syrsoN","0|1|-4|1|0|4|0","4","1440","0","3","1","1","1","0","0","1"
"pro-969","syrsoN","0|1|-4|1|0|4|0","4","2160","0","4","2","1","0","0","0","1"
"pro-970","szejn","1|0.5|-4|0|0|4|0","2","720","1","1","0","1","0","0","0","1"
"pro-970","szejn","1|0.5|-4|0|0|4|0","2","768","1","1","0","1","0","0","0","1"
"pro-970","szejn","1|0.5|-4|0|0|4|0","2","960","2","1","0","1","1","1","1","1"
"pro-970","szejn","1|0.5|-4|0|0|4|0","2","1024","2","1","0","1","1","1","1","1"
"pro-970","szejn","1|0.5|-4|0|0|4|0","2","1080","2","1","0","1","1","1","1","1"
"pro-970","szejn","1|0.5|-4|0|0|4|0","2","1440","3","1","0","1","0","0","0","1"
"pro-970","szejn","1|0.5|-4|0|0|4|0","2","2160","4","2","1","1","0","0","0","1"
"pro-971","T1mpa","1|1|-3.2|0|0|4|0","0","720","1","1","0","1","0","0","0","0"
"pro-971","T1mpa","1|1|-3.2|0|0|4|0","0","768","1","1","0","1","0","0","0","0"
"pro-971","T1mpa","1|1|-3.2|0|0|4|0","0","960","2","2","1","1","1","1","1","1"
"pro-971","T1mpa","1|1|-3.2|0|0|4|0","0","1024","2","2","1","1","1","1","1","1"
"pro-971","T1mpa","1|1|-3.2|0|0|4|0","0","1080","2","2","1","1","1","1","1","1"
"pro-971","T1mpa","1|1|-3.2|0|0|4|0","0","1440","3","3","1","1","1","0","0","0"
"pro-971","T1mpa","1|1|-3.2|0|0|4|0","0","2160","4","4","2","1","0","0","0","0"
"pro-972","t9rnay","3|0.6|-2|0|0|4|0","4","720","4","1","2","1","0","0","0","1"
"pro-972","t9rnay","3|0.6|-2|0|0|4|0","4","768","4","1","2","1","0","0","0","1"
"pro-972","t9rnay","3|0.6|-2|0|0|4|0","4","960","6","1","2","1","1","1","0","1"
"pro-972","t9rnay","3|0.6|-2|0|0|4|0","4","1024","6","1","2","1","1","1","0","1"
"pro-972","t9rnay","3|0.6|-2|0|0|4|0","4","1080","6","1","2","1","0","1","0","1"
"pro-972","t9rnay","3|0.6|-2|0|0|4|0","4","1440","9","1","2","1","0","0","0","0"
"pro-972","t9rnay","3|0.6|-2|0|0|4|0","4","2160","13","2","3","1","0","0","0","1"
"pro-973","TABEN","1|1|-4|0|0|4|0","1","720","1","1","0","1","0","0","0","1"
"pro-973","TABEN","1|1|-4|0|0|4|0","1","768","1","1","0","1","0","0","0","1"
"pro-973","TABEN","1|1|-4|0|0|4|0","1","960","2","2","1","1","1","1","1","0"
"pro-973","TABEN","1|1|-4|0|0|4|0","1","1024","2","2","1","1","1","1","1","0"
"pro-973","TABEN","1|1|-4|0|0|4|0","1","1080","2","2","1","1","1","1","1","1"
"pro-973","TABEN","1|1|-4|0|0|4|0","1","1440","3","3","1","1","1","0","0","1"
"pro-973","TABEN","1|1|-4|0|0|4|0","1","2160","4","4","2","1","0","0","0","1"
"pro-974","tabseN","2|0|-3|0|0|4|0","3","720","3","1","1","1","1","0","0","1"
"pro-974","tabseN","2|0|-3|0|0|4|0","3","768","3","1","1","1","1","0","0","1"
"pro-974","tabseN","2|0|-3|0|0|4|0","3","960","4","1","1","1","1","1","0","1"
"pro-974","tabseN","2|0|-3|0|0|4|0","3","1024","4","1","1","1","1","1","0","1"
"pro-974","tabseN","2|0|-3|0|0|4|0","3","1080","4","1","1","1","0","1","0","1"
"pro-974","tabseN","2|0|-3|0|0|4|0","3","1440","6","1","1","1","1","0","0","1"
"pro-974","tabseN","2|0|-3|0|0|4|0","3","2160","9","1","1","1","1","0","0","1"
"pro-975","Tapewaare","1|0|-2.1|0|0|4|0","2","720","1","1","1","1","0","0","0","0"
"pro-975","Tapewaare","1|0|-2.1|0|0|4|0","2","768","1","1","1","1","0","0","0","0"
"pro-975","Tapewaare","1|0|-2.1|0|0|4|0","2","960","2","1","1","1","1","1","0","0"
"pro-975","Tapewaare","1|0|-2.1|0|0|4|0","2","1024","2","1","1","1","1","1","0","0"
"pro-975","Tapewaare","1|0|-2.1|0|0|4|0","2","1080","2","1","1","1","1","1","0","0"
"pro-975","Tapewaare","1|0|-2.1|0|0|4|0","2","1440","3","1","1","1","1","0","0","0"
"pro-975","Tapewaare","1|0|-2.1|0|0|4|0","2","2160","4","1","1","1","0","0","0","0"
"pro-976","tasman","1.4|0.5|-2.4|0|0|4|0","1","720","2","1","1","1","1","1","1","1"
"pro-976","tasman","1.4|0.5|-2.4|0|0|4|0","1","768","2","1","1","1","1","1","1","1"
"pro-976","tasman","1.4|0.5|-2.4|0|0|4|0","1","960","2","1","1","1","0","1","1","1"
"pro-976","tasman","1.4|0.5|-2.4|0|0|4|0","1","1024","2","1","1","1","0","1","1","0"
"pro-976","tasman","1.4|0.5|-2.4|0|0|4|0","1","1080","3","1","1","1","1","0","0","1"
"pro-976","tasman","1.4|0.5|-2.4|0|0|4|0","1","1440","4","1","1","1","0","0","0","0"
"pro-976","tasman","1.4|0.5|-2.4|0|0|4|0","1","2160","6","2","2","1","1","0","0","1"
"pro-977","TaZ","1|1|-4|0|0|4|0","1","720","1","1","0","1","0","0","0","1"
"pro-977","TaZ","1|1|-4|0|0|4|0","1","768","1","1","0","1","0","0","0","1"
"pro-977","TaZ","1|1|-4|0|0|4|0","1","960","2","2","1","1","1","1","1","0"
"pro-977","TaZ","1|1|-4|0|0|4|0","1","1024","2","2","1","1","1","1","1","0"
"pro-977","TaZ","1|1|-4|0|0|4|0","1","1080","2","2","1","1","1","1","1","1"
"pro-977","TaZ","1|1|-4|0|0|4|0","1","1440","3","3","1","1","1","0","0","1"
"pro-977","TaZ","1|1|-4|0|0|4|0","1","2160","4","4","2","1","0","0","0","1"
"pro-978","Techno","2|0|-2.2|0|0|4|0","1","720","3","1","1","1","1","0","0","0"
"pro-978","Techno","2|0|-2.2|0|0|4|0","1","768","3","1","1","1","1","0","0","0"
"pro-978","Techno","2|0|-2.2|0|0|4|0","1","960","4","1","1","1","1","1","0","0"
"pro-978","Techno","2|0|-2.2|0|0|4|0","1","1024","4","1","1","1","1","1","0","0"
"pro-978","Techno","2|0|-2.2|0|0|4|0","1","1080","4","1","1","1","0","1","0","0"
"pro-978","Techno","2|0|-2.2|0|0|4|0","1","1440","6","1","1","1","1","0","0","0"
"pro-978","Techno","2|0|-2.2|0|0|4|0","1","2160","9","1","1","1","1","0","0","0"
"pro-979","tele","1|0.9|-3.4|0|0|4|0","3","720","1","1","0","1","0","0","0","0"
"pro-979","tele","1|0.9|-3.4|0|0|4|0","3","768","1","1","0","1","0","0","0","0"
"pro-979","tele","1|0.9|-3.4|0|0|4|0","3","960","2","1","0","1","0","1","0","0"
"pro-979","tele","1|0.9|-3.4|0|0|4|0","3","1024","2","1","0","1","0","1","0","0"
"pro-979","tele","1|0.9|-3.4|0|0|4|0","3","1080","2","2","1","1","1","0","0","1"
"pro-979","tele","1|0.9|-3.4|0|0|4|0","3","1440","3","2","1","1","0","0","0","1"
"pro-979","tele","1|0.9|-3.4|0|0|4|0","3","2160","4","4","2","1","0","0","0","1"
"pro-980","teme","2.5|1|-3|0|0|4|0","2","720","3","1","1","1","0","0","0","1"
"pro-980","teme","2.5|1|-3|0|0|4|0","2","768","4","1","1","1","0","0","0","1"
"pro-980","teme","2.5|1|-3|0|0|4|0","2","960","5","2","2","1","1","1","0","0"
"pro-980","teme","2.5|1|-3|0|0|4|0","2","1024","5","2","2","1","1","1","0","0"
"pro-980","teme","2.5|1|-3|0|0|4|0","2","1080","5","2","2","1","0","1","0","1"
"pro-980","teme","2.5|1|-3|0|0|4|0","2","1440","7","3","2","1","0","0","0","1"
"pro-980","teme","2.5|1|-3|0|0|4|0","2","2160","11","4","3","1","0","0","0","1"
"pro-981","tenzy","1|1|-4|0|0|4|0","1","720","1","1","0","1","0","0","0","1"
"pro-981","tenzy","1|1|-4|0|0|4|0","1","768","1","1","0","1","0","0","0","1"
"pro-981","tenzy","1|1|-4|0|0|4|0","1","960","2","2","1","1","1","1","1","0"
"pro-981","tenzy","1|1|-4|0|0|4|0","1","1024","2","2","1","1","1","1","1","0"
"pro-981","tenzy","1|1|-4|0|0|4|0","1","1080","2","2","1","1","1","1","1","1"
"pro-981","tenzy","1|1|-4|0|0|4|0","1","1440","3","3","1","1","1","0","0","1"
"pro-981","tenzy","1|1|-4|0|0|4|0","1","2160","4","4","2","1","0","0","0","1"
"pro-982","terrk1s","0.8|0.1|-3.5|0|0|4|0","0","720","1","1","0","1","1","1","0","1"
"pro-982","terrk1s","0.8|0.1|-3.5|0|0|4|0","0","768","1","1","0","1","1","1","0","1"
"pro-982","terrk1s","0.8|0.1|-3.5|0|0|4|0","0","960","1","1","0","1","0","1","0","1"
"pro-982","terrk1s","0.8|0.1|-3.5|0|0|4|0","0","1024","1","1","0","1","0","1","0","1"
"pro-982","terrk1s","0.8|0.1|-3.5|0|0|4|0","0","1080","1","1","0","1","0","1","0","1"
"pro-982","terrk1s","0.8|0.1|-3.5|0|0|4|0","0","1440","2","1","0","1","1","0","0","1"
"pro-982","terrk1s","0.8|0.1|-3.5|0|0|4|0","0","2160","3","1","0","1","0","0","0","1"
"pro-983","Terryyy","2|0.6|-2.2|0|0|4|0","4","720","3","1","1","1","1","0","0","0"
"pro-983","Terryyy","2|0.6|-2.2|0|0|4|0","4","768","3","1","1","1","1","0","0","0"
"pro-983","Terryyy","2|0.6|-2.2|0|0|4|0","4","960","4","1","1","1","1","1","0","0"
"pro-983","Terryyy","2|0.6|-2.2|0|0|4|0","4","1024","4","1","1","1","1","1","0","0"
"pro-983","Terryyy","2|0.6|-2.2|0|0|4|0","4","1080","4","1","1","1","0","1","0","0"
"pro-983","Terryyy","2|0.6|-2.2|0|0|4|0","4","1440","6","1","1","1","0","0","0","0"
"pro-983","Terryyy","2|0.6|-2.2|0|0|4|0","4","2160","9","2","2","1","0","0","0","0"
"pro-984","TeSeS","1|0|-1|1|0|4|0","1","720","1","1","3","1","0","0","0","1"
"pro-984","TeSeS","1|0|-1|1|0|4|0","1","768","1","1","3","1","0","0","0","1"
"pro-984","TeSeS","1|0|-1|1|0|4|0","1","960","2","1","3","1","1","1","0","1"
"pro-984","TeSeS","1|0|-1|1|0|4|0","1","1024","2","1","3","1","1","1","0","1"
"pro-984","TeSeS","1|0|-1|1|0|4|0","1","1080","2","1","3","1","1","1","0","1"
"pro-984","TeSeS","1|0|-1|1|0|4|0","1","1440","3","1","3","1","1","0","0","1"
"pro-984","TeSeS","1|0|-1|1|0|4|0","1","2160","4","1","3","1","0","0","0","1"
"pro-985","tex1y","1|1|-4|0|0|4|0","1","720","1","1","0","1","0","0","0","1"
"pro-985","tex1y","1|1|-4|0|0|4|0","1","768","1","1","0","1","0","0","0","1"
"pro-985","tex1y","1|1|-4|0|0|4|0","1","960","2","2","1","1","1","1","1","0"
"pro-985","tex1y","1|1|-4|0|0|4|0","1","1024","2","2","1","1","1","1","1","0"
"pro-985","tex1y","1|1|-4|0|0|4|0","1","1080","2","2","1","1","1","1","1","1"
"pro-985","tex1y","1|1|-4|0|0|4|0","1","1440","3","3","1","1","1","0","0","1"
"pro-985","tex1y","1|1|-4|0|0|4|0","1","2160","4","4","2","1","0","0","0","1"
"pro-986","Texta","3|0.5|-3|0|0|4|0","4","720","4","1","1","1","0","0","0","1"
"pro-986","Texta","3|0.5|-3|0|0|4|0","4","768","4","1","1","1","0","0","0","1"
"pro-986","Texta","3|0.5|-3|0|0|4|0","4","960","6","1","1","1","1","1","0","1"
"pro-986","Texta","3|0.5|-3|0|0|4|0","4","1024","6","1","1","1","1","1","0","1"
"pro-986","Texta","3|0.5|-3|0|0|4|0","4","1080","6","1","1","1","0","1","0","1"
"pro-986","Texta","3|0.5|-3|0|0|4|0","4","1440","9","1","1","1","0","0","0","1"
"pro-986","Texta","3|0.5|-3|0|0|4|0","4","2160","13","2","2","1","0","0","0","1"
"pro-987","tge","1|1|-4|0|0|4|0","1","720","1","1","0","1","0","0","0","1"
"pro-987","tge","1|1|-4|0|0|4|0","1","768","1","1","0","1","0","0","0","1"
"pro-987","tge","1|1|-4|0|0|4|0","1","960","2","2","1","1","1","1","1","0"
"pro-987","tge","1|1|-4|0|0|4|0","1","1024","2","2","1","1","1","1","1","0"
"pro-987","tge","1|1|-4|0|0|4|0","1","1080","2","2","1","1","1","1","1","1"
"pro-987","tge","1|1|-4|0|0|4|0","1","1440","3","3","1","1","1","0","0","1"
"pro-987","tge","1|1|-4|0|0|4|0","1","2160","4","4","2","1","0","0","0","1"
"pro-988","TH0R","1|1|-4|0|0|4|0","1","720","1","1","0","1","0","0","0","1"
"pro-988","TH0R","1|1|-4|0|0|4|0","1","768","1","1","0","1","0","0","0","1"
"pro-988","TH0R","1|1|-4|0|0|4|0","1","960","2","2","1","1","1","1","1","0"
"pro-988","TH0R","1|1|-4|0|0|4|0","1","1024","2","2","1","1","1","1","1","0"
"pro-988","TH0R","1|1|-4|0|0|4|0","1","1080","2","2","1","1","1","1","1","1"
"pro-988","TH0R","1|1|-4|0|0|4|0","1","1440","3","3","1","1","1","0","0","1"
"pro-988","TH0R","1|1|-4|0|0|4|0","1","2160","4","4","2","1","0","0","0","1"
"pro-989","The eLiVe","4|0|-2|0|0|4|0","4","720","6","1","2","1","1","0","0","1"
"pro-989","The eLiVe","4|0|-2|0|0|4|0","4","768","6","1","2","1","1","0","0","1"
"pro-989","The eLiVe","4|0|-2|0|0|4|0","4","960","8","1","2","1","1","1","0","1"
"pro-989","The eLiVe","4|0|-2|0|0|4|0","4","1024","8","1","2","1","0","1","0","1"
"pro-989","The eLiVe","4|0|-2|0|0|4|0","4","1080","9","1","2","1","1","0","0","1"
"pro-989","The eLiVe","4|0|-2|0|0|4|0","4","1440","12","1","2","1","1","0","0","1"
"pro-989","The eLiVe","4|0|-2|0|0|4|0","4","2160","18","1","2","1","1","0","0","1"
"pro-990","Thom","1|1|-3.5|0|0|4|0","4","720","1","1","0","1","0","0","0","0"
"pro-990","Thom","1|1|-3.5|0|0|4|0","4","768","1","1","0","1","0","0","0","0"
"pro-990","Thom","1|1|-3.5|0|0|4|0","4","960","2","2","1","1","1","1","1","1"
"pro-990","Thom","1|1|-3.5|0|0|4|0","4","1024","2","2","1","1","1","1","1","1"
"pro-990","Thom","1|1|-3.5|0|0|4|0","4","1080","2","2","1","1","1","1","1","1"
"pro-990","Thom","1|1|-3.5|0|0|4|0","4","1440","3","3","1","1","1","0","0","1"
"pro-990","Thom","1|1|-3.5|0|0|4|0","4","2160","4","4","2","1","0","0","0","1"
"pro-991","Thomas","3.5|0|-2|0|0|4|0","3","720","5","1","2","1","1","0","0","1"
"pro-991","Thomas","3.5|0|-2|0|0|4|0","3","768","5","1","2","1","0","0","0","1"
"pro-991","Thomas","3.5|0|-2|0|0|4|0","3","960","7","1","2","1","1","1","0","1"
"pro-991","Thomas","3.5|0|-2|0|0|4|0","3","1024","7","1","2","1","1","1","0","1"
"pro-991","Thomas","3.5|0|-2|0|0|4|0","3","1080","7","1","2","1","0","1","0","0"
"pro-991","Thomas","3.5|0|-2|0|0|4|0","3","1440","10","1","2","1","0","0","0","1"
"pro-991","Thomas","3.5|0|-2|0|0|4|0","3","2160","15","1","2","1","0","0","0","1"
"pro-992","Tiger","1.5|0.1|-3|0|0|4|0","0","720","2","1","1","1","1","0","0","0"
"pro-992","Tiger","1.5|0.1|-3|0|0|4|0","0","768","2","1","1","1","1","0","0","0"
"pro-992","Tiger","1.5|0.1|-3|0|0|4|0","0","960","3","1","1","1","1","1","0","0"
"pro-992","Tiger","1.5|0.1|-3|0|0|4|0","0","1024","3","1","1","1","1","1","0","0"
"pro-992","Tiger","1.5|0.1|-3|0|0|4|0","0","1080","3","1","1","1","1","1","0","0"
"pro-992","Tiger","1.5|0.1|-3|0|0|4|0","0","1440","4","1","1","1","0","0","0","1"
"pro-992","Tiger","1.5|0.1|-3|0|0|4|0","0","2160","6","1","1","1","0","0","0","1"
"pro-993","timo","2.2|0.1|-2|0|0|4|0","4","720","3","1","2","1","1","0","0","0"
"pro-993","timo","2.2|0.1|-2|0|0|4|0","4","768","3","1","2","1","0","0","0","0"
"pro-993","timo","2.2|0.1|-2|0|0|4|0","4","960","4","1","2","1","1","1","0","0"
"pro-993","timo","2.2|0.1|-2|0|0|4|0","4","1024","4","1","2","1","0","1","0","0"
"pro-993","timo","2.2|0.1|-2|0|0|4|0","4","1080","4","1","2","1","0","1","0","0"
"pro-993","timo","2.2|0.1|-2|0|0|4|0","4","1440","6","1","2","1","0","0","0","0"
"pro-993","timo","2.2|0.1|-2|0|0|4|0","4","2160","9","1","2","1","0","0","0","1"
"pro-994","Tionix","1.5|0.6|-3|1|0|4|0","0","720","2","1","1","1","1","0","0","1"
"pro-994","Tionix","1.5|0.6|-3|1|0|4|0","0","768","2","1","1","1","1","0","0","1"
"pro-994","Tionix","1.5|0.6|-3|1|0|4|0","0","960","3","1","1","1","1","1","0","1"
"pro-994","Tionix","1.5|0.6|-3|1|0|4|0","0","1024","3","1","1","1","1","1","0","1"
"pro-994","Tionix","1.5|0.6|-3|1|0|4|0","0","1080","3","1","1","1","1","1","0","1"
"pro-994","Tionix","1.5|0.6|-3|1|0|4|0","0","1440","4","1","1","1","0","0","0","0"
"pro-994","Tionix","1.5|0.6|-3|1|0|4|0","0","2160","6","2","2","1","0","0","0","1"
"pro-995","TjP","1|1|-4|0|0|4|0","1","720","1","1","0","1","0","0","0","1"
"pro-995","TjP","1|1|-4|0|0|4|0","1","768","1","1","0","1","0","0","0","1"
"pro-995","TjP","1|1|-4|0|0|4|0","1","960","2","2","1","1","1","1","1","0"
"pro-995","TjP","1|1|-4|0|0|4|0","1","1024","2","2","1","1","1","1","1","0"
"pro-995","TjP","1|1|-4|0|0|4|0","1","1080","2","2","1","1","1","1","1","1"
"pro-995","TjP","1|1|-4|0|0|4|0","1","1440","3","3","1","1","1","0","0","1"
"pro-995","TjP","1|1|-4|0|0|4|0","1","2160","4","4","2","1","0","0","0","1"
"pro-996","TMB","1.5|0.5|-2|1|0|4|0","4","720","2","1","2","1","1","0","1","1"
"pro-996","TMB","1.5|0.5|-2|1|0|4|0","4","768","2","1","2","1","1","0","1","1"
"pro-996","TMB","1.5|0.5|-2|1|0|4|0","4","960","3","1","2","1","1","1","0","1"
"pro-996","TMB","1.5|0.5|-2|1|0|4|0","4","1024","3","1","2","1","1","1","0","1"
"pro-996","TMB","1.5|0.5|-2|1|0|4|0","4","1080","3","1","2","1","1","1","0","1"
"pro-996","TMB","1.5|0.5|-2|1|0|4|0","4","1440","4","1","2","1","0","0","0","1"
"pro-996","TMB","1.5|0.5|-2|1|0|4|0","4","2160","6","2","3","1","0","0","0","1"
"pro-998","tN1R","1|1|-4|0|0|4|0","1","720","1","1","0","1","0","0","0","1"
"pro-998","tN1R","1|1|-4|0|0|4|0","1","768","1","1","0","1","0","0","0","1"
"pro-998","tN1R","1|1|-4|0|0|4|0","1","960","2","2","1","1","1","1","1","0"
"pro-998","tN1R","1|1|-4|0|0|4|0","1","1024","2","2","1","1","1","1","1","0"
"pro-998","tN1R","1|1|-4|0|0|4|0","1","1080","2","2","1","1","1","1","1","1"
"pro-998","tN1R","1|1|-4|0|0|4|0","1","1440","3","3","1","1","1","0","0","1"
"pro-998","tN1R","1|1|-4|0|0|4|0","1","2160","4","4","2","1","0","0","0","1"
"pro-999","tO0RO","1|1|-3.9|0|0|4|0","3","720","1","1","0","1","0","0","0","1"
"pro-999","tO0RO","1|1|-3.9|0|0|4|0","3","768","1","1","0","1","0","0","0","1"
"pro-999","tO0RO","1|1|-3.9|0|0|4|0","3","960","2","2","1","1","1","1","1","1"
"pro-999","tO0RO","1|1|-3.9|0|0|4|0","3","1024","2","2","1","1","1","1","1","1"
"pro-999","tO0RO","1|1|-3.9|0|0|4|0","3","1080","2","2","1","1","1","1","1","1"
"pro-999","tO0RO","1|1|-3.9|0|0|4|0","3","1440","3","3","1","1","1","0","0","1"
"pro-999","tO0RO","1|1|-3.9|0|0|4|0","3","2160","4","4","2","1","0","0","0","1"
"pro-1000","TOAO","3.9|0.6|-2.2|0|0|4|0","1","720","5","1","1","1","0","0","0","0"
"pro-1000","TOAO","3.9|0.6|-2.2|0|0|4|0","1","768","6","1","1","1","1","0","0","0"
"pro-1000","TOAO","3.9|0.6|-2.2|0|0|4|0","1","960","7","1","1","1","0","1","0","0"
"pro-1000","TOAO","3.9|0.6|-2.2|0|0|4|0","1","1024","8","1","1","1","1","0","0","0"
"pro-1000","TOAO","3.9|0.6|-2.2|0|0|4|0","1","1080","8","1","1","1","0","0","0","0"
"pro-1000","TOAO","3.9|0.6|-2.2|0|0|4|0","1","1440","11","1","1","1","0","0","0","0"
"pro-1000","TOAO","3.9|0.6|-2.2|0|0|4|0","1","2160","17","2","2","1","0","0","0","0"
"pro-1001","togs","3|0.6|-2|0|0|4|0","4","720","4","1","2","1","0","0","0","1"
"pro-1001","togs","3|0.6|-2|0|0|4|0","4","768","4","1","2","1","0","0","0","1"
"pro-1001","togs","3|0.6|-2|0|0|4|0","4","960","6","1","2","1","1","1","0","1"
"pro-1001","togs","3|0.6|-2|0|0|4|0","4","1024","6","1","2","1","1","1","0","1"
"pro-1001","togs","3|0.6|-2|0|0|4|0","4","1080","6","1","2","1","0","1","0","1"
"pro-1001","togs","3|0.6|-2|0|0|4|0","4","1440","9","1","2","1","0","0","0","0"
"pro-1001","togs","3|0.6|-2|0|0|4|0","4","2160","13","2","3","1","0","0","0","1"
"pro-1002","tom1jed","0|0|-3|1|0|4|0","2","720","0","1","1","1","1","1","0","1"
"pro-1002","tom1jed","0|0|-3|1|0|4|0","2","768","0","1","1","1","1","1","0","1"
"pro-1002","tom1jed","0|0|-3|1|0|4|0","2","960","0","1","1","1","1","1","0","1"
"pro-1002","tom1jed","0|0|-3|1|0|4|0","2","1024","0","1","1","1","1","1","0","1"
"pro-1002","tom1jed","0|0|-3|1|0|4|0","2","1080","0","1","1","1","1","1","0","1"
"pro-1002","tom1jed","0|0|-3|1|0|4|0","2","1440","0","1","1","1","1","1","0","1"
"pro-1002","tom1jed","0|0|-3|1|0|4|0","2","2160","0","1","1","1","1","1","0","1"
"pro-1003","tomate","1|0.8|-3.5|0|0|4|0","1","720","1","1","0","1","0","0","0","1"
"pro-1003","tomate","1|0.8|-3.5|0|0|4|0","1","768","1","1","0","1","0","0","0","0"
"pro-1003","tomate","1|0.8|-3.5|0|0|4|0","1","960","2","1","0","1","0","1","0","0"
"pro-1003","tomate","1|0.8|-3.5|0|0|4|0","1","1024","2","1","0","1","0","1","0","0"
"pro-1003","tomate","1|0.8|-3.5|0|0|4|0","1","1080","2","1","0","1","0","1","0","0"
"pro-1003","tomate","1|0.8|-3.5|0|0|4|0","1","1440","3","2","1","1","1","0","0","1"
"pro-1003","tomate","1|0.8|-3.5|0|0|4|0","1","2160","4","3","1","1","0","0","0","0"
"pro-1004","tomiko","1|0|-5|0|0|4|0","3","720","1","1","-1","1","0","0","0","1"
"pro-1004","tomiko","1|0|-5|0|0|4|0","3","768","1","1","-1","1","0","0","0","1"
"pro-1004","tomiko","1|0|-5|0|0|4|0","3","960","2","1","-1","1","1","1","0","1"
"pro-1004","tomiko","1|0|-5|0|0|4|0","3","1024","2","1","-1","1","1","1","0","1"
"pro-1004","tomiko","1|0|-5|0|0|4|0","3","1080","2","1","-1","1","1","1","0","1"
"pro-1004","tomiko","1|0|-5|0|0|4|0","3","1440","3","1","-1","1","1","0","0","1"
"pro-1004","tomiko","1|0|-5|0|0|4|0","3","2160","4","1","-1","1","0","0","0","1"
"pro-1005","Topa","1.5|1|-4|0|0|4|0","4","720","2","1","0","1","0","0","0","1"
"pro-1005","Topa","1.5|1|-4|0|0|4|0","4","768","2","1","0","1","0","0","0","1"
"pro-1005","Topa","1.5|1|-4|0|0|4|0","4","960","3","2","1","1","1","1","0","0"
"pro-1005","Topa","1.5|1|-4|0|0|4|0","4","1024","3","2","1","1","1","1","0","1"
"pro-1005","Topa","1.5|1|-4|0|0|4|0","4","1080","3","2","1","1","1","1","0","1"
"pro-1005","Topa","1.5|1|-4|0|0|4|0","4","1440","4","3","1","1","0","0","0","1"
"pro-1005","Topa","1.5|1|-4|0|0|4|0","4","2160","6","4","2","1","0","0","0","1"
"pro-1006","tory","1.5|0.6|-5|0|0|4|0","0","720","2","1","-1","1","1","0","0","1"
"pro-1006","tory","1.5|0.6|-5|0|0|4|0","0","768","2","1","-1","1","1","0","0","1"
"pro-1006","tory","1.5|0.6|-5|0|0|4|0","0","960","3","1","-1","1","1","1","0","1"
"pro-1006","tory","1.5|0.6|-5|0|0|4|0","0","1024","3","1","-1","1","1","1","0","1"
"pro-1006","tory","1.5|0.6|-5|0|0|4|0","0","1080","3","1","-1","1","1","1","0","1"
"pro-1006","tory","1.5|0.6|-5|0|0|4|0","0","1440","4","1","-1","1","0","0","0","0"
"pro-1006","tory","1.5|0.6|-5|0|0|4|0","0","2160","6","2","0","1","0","0","0","1"
"pro-1007","torzsi","2|0|-3|0|0|4|0","3","720","3","1","1","1","1","0","0","1"
"pro-1007","torzsi","2|0|-3|0|0|4|0","3","768","3","1","1","1","1","0","0","1"
"pro-1007","torzsi","2|0|-3|0|0|4|0","3","960","4","1","1","1","1","1","0","1"
"pro-1007","torzsi","2|0|-3|0|0|4|0","3","1024","4","1","1","1","1","1","0","1"
"pro-1007","torzsi","2|0|-3|0|0|4|0","3","1080","4","1","1","1","0","1","0","1"
"pro-1007","torzsi","2|0|-3|0|0|4|0","3","1440","6","1","1","1","1","0","0","1"
"pro-1007","torzsi","2|0|-3|0|0|4|0","3","2160","9","1","1","1","1","0","0","1"
"pro-1008","Trash","0.9|0.8|-3.9|0|0|4|0","3","720","1","1","0","1","1","1","0","1"
"pro-1008","Trash","0.9|0.8|-3.9|0|0|4|0","3","768","1","1","0","1","1","1","0","1"
"pro-1008","Trash","0.9|0.8|-3.9|0|0|4|0","3","960","1","1","0","1","0","1","0","1"
"pro-1008","Trash","0.9|0.8|-3.9|0|0|4|0","3","1024","1","1","0","1","0","1","0","0"
"pro-1008","Trash","0.9|0.8|-3.9|0|0|4|0","3","1080","2","1","0","1","0","0","0","0"
"pro-1008","Trash","0.9|0.8|-3.9|0|0|4|0","3","1440","2","2","1","1","0","0","0","1"
"pro-1008","Trash","0.9|0.8|-3.9|0|0|4|0","3","2160","4","3","1","1","0","0","0","1"
"pro-1009","TRAVIS","1|0.9|-5|0|0|4|0","4","720","1","1","-1","1","0","0","0","1"
"pro-1009","TRAVIS","1|0.9|-5|0|0|4|0","4","768","1","1","-1","1","0","0","0","1"
"pro-1009","TRAVIS","1|0.9|-5|0|0|4|0","4","960","2","1","-1","1","0","1","0","0"
"pro-1009","TRAVIS","1|0.9|-5|0|0|4|0","4","1024","2","1","-1","1","0","1","0","0"
"pro-1009","TRAVIS","1|0.9|-5|0|0|4|0","4","1080","2","2","0","1","1","0","0","0"
"pro-1009","TRAVIS","1|0.9|-5|0|0|4|0","4","1440","3","2","0","1","0","0","0","1"
"pro-1009","TRAVIS","1|0.9|-5|0|0|4|0","4","2160","4","4","1","1","0","0","0","1"
"pro-1010","TriBorgg1","1|1|-4|0|0|4|0","1","720","1","1","0","1","0","0","0","1"
"pro-1010","TriBorgg1","1|1|-4|0|0|4|0","1","768","1","1","0","1","0","0","0","1"
"pro-1010","TriBorgg1","1|1|-4|0|0|4|0","1","960","2","2","1","1","1","1","1","0"
"pro-1010","TriBorgg1","1|1|-4|0|0|4|0","1","1024","2","2","1","1","1","1","1","0"
"pro-1010","TriBorgg1","1|1|-4|0|0|4|0","1","1080","2","2","1","1","1","1","1","1"
"pro-1010","TriBorgg1","1|1|-4|0|0|4|0","1","1440","3","3","1","1","1","0","0","1"
"pro-1010","TriBorgg1","1|1|-4|0|0|4|0","1","2160","4","4","2","1","0","0","0","1"
"pro-1012","tripey","1|1|-4|0|0|4|0","1","720","1","1","0","1","0","0","0","1"
"pro-1012","tripey","1|1|-4|0|0|4|0","1","768","1","1","0","1","0","0","0","1"
"pro-1012","tripey","1|1|-4|0|0|4|0","1","960","2","2","1","1","1","1","1","0"
"pro-1012","tripey","1|1|-4|0|0|4|0","1","1024","2","2","1","1","1","1","1","0"
"pro-1012","tripey","1|1|-4|0|0|4|0","1","1080","2","2","1","1","1","1","1","1"
"pro-1012","tripey","1|1|-4|0|0|4|0","1","1440","3","3","1","1","1","0","0","1"
"pro-1012","tripey","1|1|-4|0|0|4|0","1","2160","4","4","2","1","0","0","0","1"
"pro-1013","TruNiQ","2|0.5|-3|0|0|4|0","1","720","3","1","1","1","1","0","0","1"
"pro-1013","TruNiQ","2|0.5|-3|0|0|4|0","1","768","3","1","1","1","1","0","0","1"
"pro-1013","TruNiQ","2|0.5|-3|0|0|4|0","1","960","4","1","1","1","1","1","1","1"
"pro-1013","TruNiQ","2|0.5|-3|0|0|4|0","1","1024","4","1","1","1","1","1","1","1"
"pro-1013","TruNiQ","2|0.5|-3|0|0|4|0","1","1080","4","1","1","1","0","1","1","1"
"pro-1013","TruNiQ","2|0.5|-3|0|0|4|0","1","1440","6","1","1","1","0","0","0","1"
"pro-1013","TruNiQ","2|0.5|-3|0|0|4|0","1","2160","9","2","2","1","1","0","0","1"
"pro-1014","try","1|1|-4|0|0|4|0","1","720","1","1","0","1","0","0","0","1"
"pro-1014","try","1|1|-4|0|0|4|0","1","768","1","1","0","1","0","0","0","1"
"pro-1014","try","1|1|-4|0|0|4|0","1","960","2","2","1","1","1","1","1","0"
"pro-1014","try","1|1|-4|0|0|4|0","1","1024","2","2","1","1","1","1","1","0"
"pro-1014","try","1|1|-4|0|0|4|0","1","1080","2","2","1","1","1","1","1","1"
"pro-1014","try","1|1|-4|0|0|4|0","1","1440","3","3","1","1","1","0","0","1"
"pro-1014","try","1|1|-4|0|0|4|0","1","2160","4","4","2","1","0","0","0","1"
"pro-1015","Tsogoo","2|0|-3|0|0|4|0","3","720","3","1","1","1","1","0","0","1"
"pro-1015","Tsogoo","2|0|-3|0|0|4|0","3","768","3","1","1","1","1","0","0","1"
"pro-1015","Tsogoo","2|0|-3|0|0|4|0","3","960","4","1","1","1","1","1","0","1"
"pro-1015","Tsogoo","2|0|-3|0|0|4|0","3","1024","4","1","1","1","1","1","0","1"
"pro-1015","Tsogoo","2|0|-3|0|0|4|0","3","1080","4","1","1","1","0","1","0","1"
"pro-1015","Tsogoo","2|0|-3|0|0|4|0","3","1440","6","1","1","1","1","0","0","1"
"pro-1015","Tsogoo","2|0|-3|0|0|4|0","3","2160","9","1","1","1","1","0","0","1"
"pro-1016","tucks","1.5|0|-5|1|0|4|0","3","720","2","1","-1","1","1","0","0","1"
"pro-1016","tucks","1.5|0|-5|1|0|4|0","3","768","2","1","-1","1","1","0","0","1"
"pro-1016","tucks","1.5|0|-5|1|0|4|0","3","960","3","1","-1","1","1","1","0","1"
"pro-1016","tucks","1.5|0|-5|1|0|4|0","3","1024","3","1","-1","1","1","1","0","1"
"pro-1016","tucks","1.5|0|-5|1|0|4|0","3","1080","3","1","-1","1","1","1","0","1"
"pro-1016","tucks","1.5|0|-5|1|0|4|0","3","1440","4","1","-1","1","0","0","0","1"
"pro-1016","tucks","1.5|0|-5|1|0|4|0","3","2160","6","1","-1","1","0","0","0","1"
"pro-1017","Tuurtle","2|1|-3|0|0|4|0","3","720","3","1","1","1","0","0","0","1"
"pro-1017","Tuurtle","2|1|-3|0|0|4|0","3","768","3","1","1","1","0","0","0","1"
"pro-1017","Tuurtle","2|1|-3|0|0|4|0","3","960","4","2","2","1","1","1","1","0"
"pro-1017","Tuurtle","2|1|-3|0|0|4|0","3","1024","4","2","2","1","1","1","1","0"
"pro-1017","Tuurtle","2|1|-3|0|0|4|0","3","1080","4","2","2","1","0","1","1","1"
"pro-1017","Tuurtle","2|1|-3|0|0|4|0","3","1440","6","3","2","1","1","0","0","1"
"pro-1017","Tuurtle","2|1|-3|0|0|4|0","3","2160","9","4","3","1","0","0","0","1"
"pro-1018","tuxa","1.4|0|-3|0|0|4|0","2","720","2","1","1","1","1","1","0","1"
"pro-1018","tuxa","1.4|0|-3|0|0|4|0","2","768","2","1","1","1","1","1","0","1"
"pro-1018","tuxa","1.4|0|-3|0|0|4|0","2","960","2","1","1","1","0","1","0","1"
"pro-1018","tuxa","1.4|0|-3|0|0|4|0","2","1024","2","1","1","1","0","1","0","0"
"pro-1018","tuxa","1.4|0|-3|0|0|4|0","2","1080","3","1","1","1","1","0","0","1"
"pro-1018","tuxa","1.4|0|-3|0|0|4|0","2","1440","4","1","1","1","1","0","0","1"
"pro-1018","tuxa","1.4|0|-3|0|0|4|0","2","2160","6","1","1","1","1","0","0","1"
"pro-1019","twenty3","1|1|-4|0|0|4|0","1","720","1","1","0","1","0","0","0","1"
"pro-1019","twenty3","1|1|-4|0|0|4|0","1","768","1","1","0","1","0","0","0","1"
"pro-1019","twenty3","1|1|-4|0|0|4|0","1","960","2","2","1","1","1","1","1","0"
"pro-1019","twenty3","1|1|-4|0|0|4|0","1","1024","2","2","1","1","1","1","1","0"
"pro-1019","twenty3","1|1|-4|0|0|4|0","1","1080","2","2","1","1","1","1","1","1"
"pro-1019","twenty3","1|1|-4|0|0|4|0","1","1440","3","3","1","1","1","0","0","1"
"pro-1019","twenty3","1|1|-4|0|0|4|0","1","2160","4","4","2","1","0","0","0","1"
"pro-1020","Twiksar","1|0|-5|0|0|4|0","3","720","1","1","-1","1","0","0","0","1"
"pro-1020","Twiksar","1|0|-5|0|0|4|0","3","768","1","1","-1","1","0","0","0","1"
"pro-1020","Twiksar","1|0|-5|0|0|4|0","3","960","2","1","-1","1","1","1","0","1"
"pro-1020","Twiksar","1|0|-5|0|0|4|0","3","1024","2","1","-1","1","1","1","0","1"
"pro-1020","Twiksar","1|0|-5|0|0|4|0","3","1080","2","1","-1","1","1","1","0","1"
"pro-1020","Twiksar","1|0|-5|0|0|4|0","3","1440","3","1","-1","1","1","0","0","1"
"pro-1020","Twiksar","1|0|-5|0|0|4|0","3","2160","4","1","-1","1","0","0","0","1"
"pro-1021","twist","1.8|0|-3|0|0|4|0","0","720","2","1","1","1","0","0","0","1"
"pro-1021","twist","1.8|0|-3|0|0|4|0","0","768","2","1","1","1","0","0","0","0"
"pro-1021","twist","1.8|0|-3|0|0|4|0","0","960","3","1","1","1","0","1","0","1"
"pro-1021","twist","1.8|0|-3|0|0|4|0","0","1024","3","1","1","1","0","1","0","0"
"pro-1021","twist","1.8|0|-3|0|0|4|0","0","1080","4","1","1","1","1","0","0","1"
"pro-1021","twist","1.8|0|-3|0|0|4|0","0","1440","5","1","1","1","1","0","0","1"
"pro-1021","twist","1.8|0|-3|0|0|4|0","0","2160","8","1","1","1","1","0","0","1"
"pro-1022","uli","1|1|-4|0|0|4|0","1","720","1","1","0","1","0","0","0","1"
"pro-1022","uli","1|1|-4|0|0|4|0","1","768","1","1","0","1","0","0","0","1"
"pro-1022","uli","1|1|-4|0|0|4|0","1","960","2","2","1","1","1","1","1","0"
"pro-1022","uli","1|1|-4|0|0|4|0","1","1024","2","2","1","1","1","1","1","0"
"pro-1022","uli","1|1|-4|0|0|4|0","1","1080","2","2","1","1","1","1","1","1"
"pro-1022","uli","1|1|-4|0|0|4|0","1","1440","3","3","1","1","1","0","0","1"
"pro-1022","uli","1|1|-4|0|0|4|0","1","2160","4","4","2","1","0","0","0","1"
"pro-1023","ultimate","2|1|-4|0|0|4|0","3","720","3","1","0","1","0","0","0","1"
"pro-1023","ultimate","2|1|-4|0|0|4|0","3","768","3","1","0","1","0","0","0","1"
"pro-1023","ultimate","2|1|-4|0|0|4|0","3","960","4","2","1","1","1","1","1","0"
"pro-1023","ultimate","2|1|-4|0|0|4|0","3","1024","4","2","1","1","1","1","1","1"
"pro-1023","ultimate","2|1|-4|0|0|4|0","3","1080","4","2","1","1","0","1","1","1"
"pro-1023","ultimate","2|1|-4|0|0|4|0","3","1440","6","3","1","1","1","0","0","1"
"pro-1023","ultimate","2|1|-4|0|0|4|0","3","2160","9","4","2","1","0","0","0","1"
"pro-1024","unshaark","0.8|0.1|-1.7|0|0|4|0","4","720","1","1","2","1","1","1","0","1"
"pro-1024","unshaark","0.8|0.1|-1.7|0|0|4|0","4","768","1","1","2","1","1","1","0","1"
"pro-1024","unshaark","0.8|0.1|-1.7|0|0|4|0","4","960","1","1","2","1","0","1","0","1"
"pro-1024","unshaark","0.8|0.1|-1.7|0|0|4|0","4","1024","1","1","2","1","0","1","0","1"
"pro-1024","unshaark","0.8|0.1|-1.7|0|0|4|0","4","1080","1","1","2","1","0","1","0","1"
"pro-1024","unshaark","0.8|0.1|-1.7|0|0|4|0","4","1440","2","1","2","1","1","0","0","1"
"pro-1024","unshaark","0.8|0.1|-1.7|0|0|4|0","4","2160","3","1","2","1","0","0","0","1"
"pro-1025","upE","2|1|-2|0|0|4|0","0","720","3","1","2","1","0","0","0","1"
"pro-1025","upE","2|1|-2|0|0|4|0","0","768","3","1","2","1","0","0","0","1"
"pro-1025","upE","2|1|-2|0|0|4|0","0","960","4","2","3","1","1","1","1","0"
"pro-1025","upE","2|1|-2|0|0|4|0","0","1024","4","2","3","1","1","1","1","0"
"pro-1025","upE","2|1|-2|0|0|4|0","0","1080","4","2","3","1","0","1","1","0"
"pro-1025","upE","2|1|-2|0|0|4|0","0","1440","6","3","3","1","1","0","0","1"
"pro-1025","upE","2|1|-2|0|0|4|0","0","2160","9","4","4","1","0","0","0","1"
"pro-1026","urban0","1|0.6|-3|0|0|4|0","4","720","1","1","1","1","0","0","0","1"
"pro-1026","urban0","1|0.6|-3|0|0|4|0","4","768","1","1","1","1","0","0","0","1"
"pro-1026","urban0","1|0.6|-3|0|0|4|0","4","960","2","1","1","1","1","1","0","1"
"pro-1026","urban0","1|0.6|-3|0|0|4|0","4","1024","2","1","1","1","1","1","0","1"
"pro-1026","urban0","1|0.6|-3|0|0|4|0","4","1080","2","1","1","1","1","1","0","1"
"pro-1026","urban0","1|0.6|-3|0|0|4|0","4","1440","3","1","1","1","0","0","0","0"
"pro-1026","urban0","1|0.6|-3|0|0|4|0","4","2160","4","2","2","1","0","0","0","1"
"pro-1027","v1w","1|1|-4|0|0|4|0","1","720","1","1","0","1","0","0","0","1"
"pro-1027","v1w","1|1|-4|0|0|4|0","1","768","1","1","0","1","0","0","0","1"
"pro-1027","v1w","1|1|-4|0|0|4|0","1","960","2","2","1","1","1","1","1","0"
"pro-1027","v1w","1|1|-4|0|0|4|0","1","1024","2","2","1","1","1","1","1","0"
"pro-1027","v1w","1|1|-4|0|0|4|0","1","1080","2","2","1","1","1","1","1","1"
"pro-1027","v1w","1|1|-4|0|0|4|0","1","1440","3","3","1","1","1","0","0","1"
"pro-1027","v1w","1|1|-4|0|0|4|0","1","2160","4","4","2","1","0","0","0","1"
"pro-1028","valde","1|1|-4|0|0|4|0","1","720","1","1","0","1","0","0","0","1"
"pro-1028","valde","1|1|-4|0|0|4|0","1","768","1","1","0","1","0","0","0","1"
"pro-1028","valde","1|1|-4|0|0|4|0","1","960","2","2","1","1","1","1","1","0"
"pro-1028","valde","1|1|-4|0|0|4|0","1","1024","2","2","1","1","1","1","1","0"
"pro-1028","valde","1|1|-4|0|0|4|0","1","1080","2","2","1","1","1","1","1","1"
"pro-1028","valde","1|1|-4|0|0|4|0","1","1440","3","3","1","1","1","0","0","1"
"pro-1028","valde","1|1|-4|0|0|4|0","1","2160","4","4","2","1","0","0","0","1"
"pro-1029","Valtr1x","1|1|-4|0|0|4|0","1","720","1","1","0","1","0","0","0","1"
"pro-1029","Valtr1x","1|1|-4|0|0|4|0","1","768","1","1","0","1","0","0","0","1"
"pro-1029","Valtr1x","1|1|-4|0|0|4|0","1","960","2","2","1","1","1","1","1","0"
"pro-1029","Valtr1x","1|1|-4|0|0|4|0","1","1024","2","2","1","1","1","1","1","0"
"pro-1029","Valtr1x","1|1|-4|0|0|4|0","1","1080","2","2","1","1","1","1","1","1"
"pro-1029","Valtr1x","1|1|-4|0|0|4|0","1","1440","3","3","1","1","1","0","0","1"
"pro-1029","Valtr1x","1|1|-4|0|0|4|0","1","2160","4","4","2","1","0","0","0","1"
"pro-1030","VanceKK","1.1|0.8|-3.8|0|0|4|0","4","720","1","1","0","1","0","0","0","1"
"pro-1030","VanceKK","1.1|0.8|-3.8|0|0|4|0","4","768","1","1","0","1","0","0","0","1"
"pro-1030","VanceKK","1.1|0.8|-3.8|0|0|4|0","4","960","2","1","0","1","0","1","0","1"
"pro-1030","VanceKK","1.1|0.8|-3.8|0|0|4|0","4","1024","2","1","0","1","0","1","0","0"
"pro-1030","VanceKK","1.1|0.8|-3.8|0|0|4|0","4","1080","2","1","0","1","0","1","0","0"
"pro-1030","VanceKK","1.1|0.8|-3.8|0|0|4|0","4","1440","3","2","1","1","1","0","0","1"
"pro-1030","VanceKK","1.1|0.8|-3.8|0|0|4|0","4","2160","4","3","1","1","0","0","0","0"
"pro-1031","vanessa","1|0.6|-2.3|0|0|4|0","2","720","1","1","1","1","0","0","0","1"
"pro-1031","vanessa","1|0.6|-2.3|0|0|4|0","2","768","1","1","1","1","0","0","0","1"
"pro-1031","vanessa","1|0.6|-2.3|0|0|4|0","2","960","2","1","1","1","1","1","0","0"
"pro-1031","vanessa","1|0.6|-2.3|0|0|4|0","2","1024","2","1","1","1","1","1","0","0"
"pro-1031","vanessa","1|0.6|-2.3|0|0|4|0","2","1080","2","1","1","1","1","1","0","0"
"pro-1031","vanessa","1|0.6|-2.3|0|0|4|0","2","1440","3","1","1","1","0","0","0","0"
"pro-1031","vanessa","1|0.6|-2.3|0|0|4|0","2","2160","4","2","2","1","0","0","0","0"
"pro-1032","Veccil","1|0|-4|0|0|4|0","3","720","1","1","0","1","0","0","0","1"
"pro-1032","Veccil","1|0|-4|0|0|4|0","3","768","1","1","0","1","0","0","0","1"
"pro-1032","Veccil","1|0|-4|0|0|4|0","3","960","2","1","0","1","1","1","0","1"
"pro-1032","Veccil","1|0|-4|0|0|4|0","3","1024","2","1","0","1","1","1","0","1"
"pro-1032","Veccil","1|0|-4|0|0|4|0","3","1080","2","1","0","1","1","1","0","1"
"pro-1032","Veccil","1|0|-4|0|0|4|0","3","1440","3","1","0","1","1","0","0","1"
"pro-1032","Veccil","1|0|-4|0|0|4|0","3","2160","4","1","0","1","0","0","0","1"
"pro-1033","Vegi","1.5|0|-3|0|0|4|0","0","720","2","1","1","1","1","0","0","1"
"pro-1033","Vegi","1.5|0|-3|0|0|4|0","0","768","2","1","1","1","1","0","0","1"
"pro-1033","Vegi","1.5|0|-3|0|0|4|0","0","960","3","1","1","1","1","1","0","1"
"pro-1033","Vegi","1.5|0|-3|0|0|4|0","0","1024","3","1","1","1","1","1","0","1"
"pro-1033","Vegi","1.5|0|-3|0|0|4|0","0","1080","3","1","1","1","1","1","0","1"
"pro-1033","Vegi","1.5|0|-3|0|0|4|0","0","1440","4","1","1","1","0","0","0","1"
"pro-1033","Vegi","1.5|0|-3|0|0|4|0","0","2160","6","1","1","1","0","0","0","1"
"pro-1034","VENO","1.4|0|-2.1|0|0|4|0","2","720","2","1","1","1","1","1","0","0"
"pro-1034","VENO","1.4|0|-2.1|0|0|4|0","2","768","2","1","1","1","1","1","0","0"
"pro-1034","VENO","1.4|0|-2.1|0|0|4|0","2","960","2","1","1","1","0","1","0","0"
"pro-1034","VENO","1.4|0|-2.1|0|0|4|0","2","1024","2","1","1","1","0","1","0","0"
"pro-1034","VENO","1.4|0|-2.1|0|0|4|0","2","1080","3","1","1","1","1","0","0","0"
"pro-1034","VENO","1.4|0|-2.1|0|0|4|0","2","1440","4","1","1","1","1","0","0","0"
"pro-1034","VENO","1.4|0|-2.1|0|0|4|0","2","2160","6","1","1","1","1","0","0","0"
"pro-1035","venomzera","2|0|-3|0|0|4|0","3","720","3","1","1","1","1","0","0","1"
"pro-1035","venomzera","2|0|-3|0|0|4|0","3","768","3","1","1","1","1","0","0","1"
"pro-1035","venomzera","2|0|-3|0|0|4|0","3","960","4","1","1","1","1","1","0","1"
"pro-1035","venomzera","2|0|-3|0|0|4|0","3","1024","4","1","1","1","1","1","0","1"
"pro-1035","venomzera","2|0|-3|0|0|4|0","3","1080","4","1","1","1","0","1","0","1"
"pro-1035","venomzera","2|0|-3|0|0|4|0","3","1440","6","1","1","1","1","0","0","1"
"pro-1035","venomzera","2|0|-3|0|0|4|0","3","2160","9","1","1","1","1","0","0","1"
"pro-1036","Vert","1|1|-4|0|0|4|0","1","720","1","1","0","1","0","0","0","1"
"pro-1036","Vert","1|1|-4|0|0|4|0","1","768","1","1","0","1","0","0","0","1"
"pro-1036","Vert","1|1|-4|0|0|4|0","1","960","2","2","1","1","1","1","1","0"
"pro-1036","Vert","1|1|-4|0|0|4|0","1","1024","2","2","1","1","1","1","1","0"
"pro-1036","Vert","1|1|-4|0|0|4|0","1","1080","2","2","1","1","1","1","1","1"
"pro-1036","Vert","1|1|-4|0|0|4|0","1","1440","3","3","1","1","1","0","0","1"
"pro-1036","Vert","1|1|-4|0|0|4|0","1","2160","4","4","2","1","0","0","0","1"
"pro-1037","Vexite","0.5|1|-4|0|0|4|0","0","720","0","1","0","1","0","0","0","1"
"pro-1037","Vexite","0.5|1|-4|0|0|4|0","0","768","0","1","0","1","0","0","0","1"
"pro-1037","Vexite","0.5|1|-4|0|0|4|0","0","960","1","2","1","1","1","1","0","0"
"pro-1037","Vexite","0.5|1|-4|0|0|4|0","0","1024","1","2","1","1","1","1","0","0"
"pro-1037","Vexite","0.5|1|-4|0|0|4|0","0","1080","1","2","1","1","1","1","0","1"
"pro-1037","Vexite","0.5|1|-4|0|0|4|0","0","1440","1","3","1","1","0","0","0","1"
"pro-1037","Vexite","0.5|1|-4|0|0|4|0","0","2160","2","4","2","1","0","0","0","1"
"pro-1038","VILBy","2|0|-3|0|0|4|0","3","720","3","1","1","1","1","0","0","1"
"pro-1038","VILBy","2|0|-3|0|0|4|0","3","768","3","1","1","1","1","0","0","1"
"pro-1038","VILBy","2|0|-3|0|0|4|0","3","960","4","1","1","1","1","1","0","1"
"pro-1038","VILBy","2|0|-3|0|0|4|0","3","1024","4","1","1","1","1","1","0","1"
"pro-1038","VILBy","2|0|-3|0|0|4|0","3","1080","4","1","1","1","0","1","0","1"
"pro-1038","VILBy","2|0|-3|0|0|4|0","3","1440","6","1","1","1","1","0","0","1"
"pro-1038","VILBy","2|0|-3|0|0|4|0","3","2160","9","1","1","1","1","0","0","1"
"pro-1039","vinaabEAST","1|1|-4|0|0|4|0","1","720","1","1","0","1","0","0","0","1"
"pro-1039","vinaabEAST","1|1|-4|0|0|4|0","1","768","1","1","0","1","0","0","0","1"
"pro-1039","vinaabEAST","1|1|-4|0|0|4|0","1","960","2","2","1","1","1","1","1","0"
"pro-1039","vinaabEAST","1|1|-4|0|0|4|0","1","1024","2","2","1","1","1","1","1","0"
"pro-1039","vinaabEAST","1|1|-4|0|0|4|0","1","1080","2","2","1","1","1","1","1","1"
"pro-1039","vinaabEAST","1|1|-4|0|0|4|0","1","1440","3","3","1","1","1","0","0","1"
"pro-1039","vinaabEAST","1|1|-4|0|0|4|0","1","2160","4","4","2","1","0","0","0","1"
"pro-1040","VINI","1.5|0|-1|1|0|4|0","2","720","2","1","3","1","1","0","0","1"
"pro-1040","VINI","1.5|0|-1|1|0|4|0","2","768","2","1","3","1","1","0","0","1"
"pro-1040","VINI","1.5|0|-1|1|0|4|0","2","960","3","1","3","1","1","1","0","1"
"pro-1040","VINI","1.5|0|-1|1|0|4|0","2","1024","3","1","3","1","1","1","0","1"
"pro-1040","VINI","1.5|0|-1|1|0|4|0","2","1080","3","1","3","1","1","1","0","1"
"pro-1040","VINI","1.5|0|-1|1|0|4|0","2","1440","4","1","3","1","0","0","0","1"
"pro-1040","VINI","1.5|0|-1|1|0|4|0","2","2160","6","1","3","1","0","0","0","1"
"pro-1041","VireZ","1|1|-4|0|0|4|0","1","720","1","1","0","1","0","0","0","1"
"pro-1041","VireZ","1|1|-4|0|0|4|0","1","768","1","1","0","1","0","0","0","1"
"pro-1041","VireZ","1|1|-4|0|0|4|0","1","960","2","2","1","1","1","1","1","0"
"pro-1041","VireZ","1|1|-4|0|0|4|0","1","1024","2","2","1","1","1","1","1","0"
"pro-1041","VireZ","1|1|-4|0|0|4|0","1","1080","2","2","1","1","1","1","1","1"
"pro-1041","VireZ","1|1|-4|0|0|4|0","1","1440","3","3","1","1","1","0","0","1"
"pro-1041","VireZ","1|1|-4|0|0|4|0","1","2160","4","4","2","1","0","0","0","1"
"pro-1042","virtuoso","1|1|-4|0|0|4|0","1","720","1","1","0","1","0","0","0","1"
"pro-1042","virtuoso","1|1|-4|0|0|4|0","1","768","1","1","0","1","0","0","0","1"
"pro-1042","virtuoso","1|1|-4|0|0|4|0","1","960","2","2","1","1","1","1","1","0"
"pro-1042","virtuoso","1|1|-4|0|0|4|0","1","1024","2","2","1","1","1","1","1","0"
"pro-1042","virtuoso","1|1|-4|0|0|4|0","1","1080","2","2","1","1","1","1","1","1"
"pro-1042","virtuoso","1|1|-4|0|0|4|0","1","1440","3","3","1","1","1","0","0","1"
"pro-1042","virtuoso","1|1|-4|0|0|4|0","1","2160","4","4","2","1","0","0","0","1"
"pro-1043","viz","1|1|-4|0|0|4|0","1","720","1","1","0","1","0","0","0","1"
"pro-1043","viz","1|1|-4|0|0|4|0","1","768","1","1","0","1","0","0","0","1"
"pro-1043","viz","1|1|-4|0|0|4|0","1","960","2","2","1","1","1","1","1","0"
"pro-1043","viz","1|1|-4|0|0|4|0","1","1024","2","2","1","1","1","1","1","0"
"pro-1043","viz","1|1|-4|0|0|4|0","1","1080","2","2","1","1","1","1","1","1"
"pro-1043","viz","1|1|-4|0|0|4|0","1","1440","3","3","1","1","1","0","0","1"
"pro-1043","viz","1|1|-4|0|0|4|0","1","2160","4","4","2","1","0","0","0","1"
"pro-1044","VLDN","1|1|-3|0|0|4|0","1","720","1","1","1","1","0","0","0","1"
"pro-1044","VLDN","1|1|-3|0|0|4|0","1","768","1","1","1","1","0","0","0","1"
"pro-1044","VLDN","1|1|-3|0|0|4|0","1","960","2","2","2","1","1","1","1","0"
"pro-1044","VLDN","1|1|-3|0|0|4|0","1","1024","2","2","2","1","1","1","1","0"
"pro-1044","VLDN","1|1|-3|0|0|4|0","1","1080","2","2","2","1","1","1","1","0"
"pro-1044","VLDN","1|1|-3|0|0|4|0","1","1440","3","3","2","1","1","0","0","1"
"pro-1044","VLDN","1|1|-3|0|0|4|0","1","2160","4","4","3","1","0","0","0","1"
"pro-1046","VTX","2.4|1|-4|0|0|4|0","2","720","3","1","0","1","0","0","0","1"
"pro-1046","VTX","2.4|1|-4|0|0|4|0","2","768","3","1","0","1","0","0","0","1"
"pro-1046","VTX","2.4|1|-4|0|0|4|0","2","960","4","2","1","1","0","1","1","0"
"pro-1046","VTX","2.4|1|-4|0|0|4|0","2","1024","5","2","1","1","1","0","0","1"
"pro-1046","VTX","2.4|1|-4|0|0|4|0","2","1080","5","2","1","1","1","0","0","1"
"pro-1046","VTX","2.4|1|-4|0|0|4|0","2","1440","7","3","1","1","1","0","0","1"
"pro-1046","VTX","2.4|1|-4|0|0|4|0","2","2160","10","4","2","1","0","0","0","1"
"pro-1047","w0nderful","1|1|-4|0|0|4|0","1","720","1","1","0","1","0","0","0","1"
"pro-1047","w0nderful","1|1|-4|0|0|4|0","1","768","1","1","0","1","0","0","0","1"
"pro-1047","w0nderful","1|1|-4|0|0|4|0","1","960","2","2","1","1","1","1","1","0"
"pro-1047","w0nderful","1|1|-4|0|0|4|0","1","1024","2","2","1","1","1","1","1","0"
"pro-1047","w0nderful","1|1|-4|0|0|4|0","1","1080","2","2","1","1","1","1","1","1"
"pro-1047","w0nderful","1|1|-4|0|0|4|0","1","1440","3","3","1","1","1","0","0","1"
"pro-1047","w0nderful","1|1|-4|0|0|4|0","1","2160","4","4","2","1","0","0","0","1"
"pro-1048","w1nt3r","1|0.5|-2|1|0|4|0","1","720","1","1","2","1","0","0","0","1"
"pro-1048","w1nt3r","1|0.5|-2|1|0|4|0","1","768","1","1","2","1","0","0","0","1"
"pro-1048","w1nt3r","1|0.5|-2|1|0|4|0","1","960","2","1","2","1","1","1","1","1"
"pro-1048","w1nt3r","1|0.5|-2|1|0|4|0","1","1024","2","1","2","1","1","1","1","1"
"pro-1048","w1nt3r","1|0.5|-2|1|0|4|0","1","1080","2","1","2","1","1","1","1","1"
"pro-1048","w1nt3r","1|0.5|-2|1|0|4|0","1","1440","3","1","2","1","0","0","0","1"
"pro-1048","w1nt3r","1|0.5|-2|1|0|4|0","1","2160","4","2","3","1","0","0","0","0"
"pro-1049","wafe1ek","1|1|-4|0|0|4|0","1","720","1","1","0","1","0","0","0","1"
"pro-1049","wafe1ek","1|1|-4|0|0|4|0","1","768","1","1","0","1","0","0","0","1"
"pro-1049","wafe1ek","1|1|-4|0|0|4|0","1","960","2","2","1","1","1","1","1","0"
"pro-1049","wafe1ek","1|1|-4|0|0|4|0","1","1024","2","2","1","1","1","1","1","0"
"pro-1049","wafe1ek","1|1|-4|0|0|4|0","1","1080","2","2","1","1","1","1","1","1"
"pro-1049","wafe1ek","1|1|-4|0|0|4|0","1","1440","3","3","1","1","1","0","0","1"
"pro-1049","wafe1ek","1|1|-4|0|0|4|0","1","2160","4","4","2","1","0","0","0","1"
"pro-1050","WasteOfAmmo","1|0|-4|0|0|4|0","3","720","1","1","0","1","0","0","0","1"
"pro-1050","WasteOfAmmo","1|0|-4|0|0|4|0","3","768","1","1","0","1","0","0","0","1"
"pro-1050","WasteOfAmmo","1|0|-4|0|0|4|0","3","960","2","1","0","1","1","1","0","1"
"pro-1050","WasteOfAmmo","1|0|-4|0|0|4|0","3","1024","2","1","0","1","1","1","0","1"
"pro-1050","WasteOfAmmo","1|0|-4|0|0|4|0","3","1080","2","1","0","1","1","1","0","1"
"pro-1050","WasteOfAmmo","1|0|-4|0|0|4|0","3","1440","3","1","0","1","1","0","0","1"
"pro-1050","WasteOfAmmo","1|0|-4|0|0|4|0","3","2160","4","1","0","1","0","0","0","1"
"pro-1051","Westmelon","1|1|-4|0|0|4|0","1","720","1","1","0","1","0","0","0","1"
"pro-1051","Westmelon","1|1|-4|0|0|4|0","1","768","1","1","0","1","0","0","0","1"
"pro-1051","Westmelon","1|1|-4|0|0|4|0","1","960","2","2","1","1","1","1","1","0"
"pro-1051","Westmelon","1|1|-4|0|0|4|0","1","1024","2","2","1","1","1","1","1","0"
"pro-1051","Westmelon","1|1|-4|0|0|4|0","1","1080","2","2","1","1","1","1","1","1"
"pro-1051","Westmelon","1|1|-4|0|0|4|0","1","1440","3","3","1","1","1","0","0","1"
"pro-1051","Westmelon","1|1|-4|0|0|4|0","1","2160","4","4","2","1","0","0","0","1"
"pro-1052","Wicadia","1.9|0|-2.3|0|0|4|0","3","720","2","1","1","1","0","0","0","0"
"pro-1052","Wicadia","1.9|0|-2.3|0|0|4|0","3","768","3","1","1","1","1","1","0","0"
"pro-1052","Wicadia","1.9|0|-2.3|0|0|4|0","3","960","3","1","1","1","0","1","0","0"
"pro-1052","Wicadia","1.9|0|-2.3|0|0|4|0","3","1024","4","1","1","1","1","0","0","0"
"pro-1052","Wicadia","1.9|0|-2.3|0|0|4|0","3","1080","4","1","1","1","1","0","0","0"
"pro-1052","Wicadia","1.9|0|-2.3|0|0|4|0","3","1440","5","1","1","1","0","0","0","0"
"pro-1052","Wicadia","1.9|0|-2.3|0|0|4|0","3","2160","8","1","1","1","0","0","0","0"
"pro-1053","Wierd_1k","1|0|-4|0|0|4|0","3","720","1","1","0","1","0","0","0","1"
"pro-1053","Wierd_1k","1|0|-4|0|0|4|0","3","768","1","1","0","1","0","0","0","1"
"pro-1053","Wierd_1k","1|0|-4|0|0|4|0","3","960","2","1","0","1","1","1","0","1"
"pro-1053","Wierd_1k","1|0|-4|0|0|4|0","3","1024","2","1","0","1","1","1","0","1"
"pro-1053","Wierd_1k","1|0|-4|0|0|4|0","3","1080","2","1","0","1","1","1","0","1"
"pro-1053","Wierd_1k","1|0|-4|0|0|4|0","3","1440","3","1","0","1","1","0","0","1"
"pro-1053","Wierd_1k","1|0|-4|0|0|4|0","3","2160","4","1","0","1","0","0","0","1"
"pro-1054","Wolffe","2|1|-3|0|0|4|0","3","720","3","1","1","1","0","0","0","1"
"pro-1054","Wolffe","2|1|-3|0|0|4|0","3","768","3","1","1","1","0","0","0","1"
"pro-1054","Wolffe","2|1|-3|0|0|4|0","3","960","4","2","2","1","1","1","1","0"
"pro-1054","Wolffe","2|1|-3|0|0|4|0","3","1024","4","2","2","1","1","1","1","0"
"pro-1054","Wolffe","2|1|-3|0|0|4|0","3","1080","4","2","2","1","0","1","1","1"
"pro-1054","Wolffe","2|1|-3|0|0|4|0","3","1440","6","3","2","1","1","0","0","1"
"pro-1054","Wolffe","2|1|-3|0|0|4|0","3","2160","9","4","3","1","0","0","0","1"
"pro-1055","WolfY","1|1|-4.5|0|0|4|0","4","720","1","1","0","1","0","0","0","1"
"pro-1055","WolfY","1|1|-4.5|0|0|4|0","4","768","1","1","0","1","0","0","0","1"
"pro-1055","WolfY","1|1|-4.5|0|0|4|0","4","960","2","2","1","1","1","1","1","0"
"pro-1055","WolfY","1|1|-4.5|0|0|4|0","4","1024","2","2","1","1","1","1","1","0"
"pro-1055","WolfY","1|1|-4.5|0|0|4|0","4","1080","2","2","1","1","1","1","1","0"
"pro-1055","WolfY","1|1|-4.5|0|0|4|0","4","1440","3","3","1","1","1","0","0","0"
"pro-1055","WolfY","1|1|-4.5|0|0|4|0","4","2160","4","4","2","1","0","0","0","0"
"pro-1056","WOOD7","1|1|-4|0|0|4|0","1","720","1","1","0","1","0","0","0","1"
"pro-1056","WOOD7","1|1|-4|0|0|4|0","1","768","1","1","0","1","0","0","0","1"
"pro-1056","WOOD7","1|1|-4|0|0|4|0","1","960","2","2","1","1","1","1","1","0"
"pro-1056","WOOD7","1|1|-4|0|0|4|0","1","1024","2","2","1","1","1","1","1","0"
"pro-1056","WOOD7","1|1|-4|0|0|4|0","1","1080","2","2","1","1","1","1","1","1"
"pro-1056","WOOD7","1|1|-4|0|0|4|0","1","1440","3","3","1","1","1","0","0","1"
"pro-1056","WOOD7","1|1|-4|0|0|4|0","1","2160","4","4","2","1","0","0","0","1"
"pro-1057","Woro2k","0.8|0.8|-4.9|0|0|4|0","3","720","1","1","0","1","1","1","0","0"
"pro-1057","Woro2k","0.8|0.8|-4.9|0|0|4|0","3","768","1","1","0","1","1","1","0","0"
"pro-1057","Woro2k","0.8|0.8|-4.9|0|0|4|0","3","960","1","1","0","1","0","1","0","0"
"pro-1057","Woro2k","0.8|0.8|-4.9|0|0|4|0","3","1024","1","1","0","1","0","1","0","0"
"pro-1057","Woro2k","0.8|0.8|-4.9|0|0|4|0","3","1080","1","1","0","1","0","1","0","0"
"pro-1057","Woro2k","0.8|0.8|-4.9|0|0|4|0","3","1440","2","2","1","1","1","0","0","0"
"pro-1057","Woro2k","0.8|0.8|-4.9|0|0|4|0","3","2160","3","3","1","1","0","0","0","0"
"pro-1058","X5G7V","2|0|-3|0|0|4|0","3","720","3","1","1","1","1","0","0","1"
"pro-1058","X5G7V","2|0|-3|0|0|4|0","3","768","3","1","1","1","1","0","0","1"
"pro-1058","X5G7V","2|0|-3|0|0|4|0","3","960","4","1","1","1","1","1","0","1"
"pro-1058","X5G7V","2|0|-3|0|0|4|0","3","1024","4","1","1","1","1","1","0","1"
"pro-1058","X5G7V","2|0|-3|0|0|4|0","3","1080","4","1","1","1","0","1","0","1"
"pro-1058","X5G7V","2|0|-3|0|0|4|0","3","1440","6","1","1","1","1","0","0","1"
"pro-1058","X5G7V","2|0|-3|0|0|4|0","3","2160","9","1","1","1","1","0","0","1"
"pro-1059","Xant3r","1|0.1|-4.4|0|0|4|0","3","720","1","1","0","1","0","0","0","0"
"pro-1059","Xant3r","1|0.1|-4.4|0|0|4|0","3","768","1","1","0","1","0","0","0","0"
"pro-1059","Xant3r","1|0.1|-4.4|0|0|4|0","3","960","2","1","0","1","1","1","0","0"
"pro-1059","Xant3r","1|0.1|-4.4|0|0|4|0","3","1024","2","1","0","1","1","1","0","0"
"pro-1059","Xant3r","1|0.1|-4.4|0|0|4|0","3","1080","2","1","0","1","1","1","0","0"
"pro-1059","Xant3r","1|0.1|-4.4|0|0|4|0","3","1440","3","1","0","1","1","0","0","0"
"pro-1059","Xant3r","1|0.1|-4.4|0|0|4|0","3","2160","4","1","0","1","0","0","0","0"
"pro-1060","Xatan","0.9|0.5|-3.5|0|0|4|0","2","720","1","1","0","1","1","1","0","1"
"pro-1060","Xatan","0.9|0.5|-3.5|0|0|4|0","2","768","1","1","0","1","1","1","0","1"
"pro-1060","Xatan","0.9|0.5|-3.5|0|0|4|0","2","960","1","1","0","1","0","1","0","1"
"pro-1060","Xatan","0.9|0.5|-3.5|0|0|4|0","2","1024","1","1","0","1","0","1","0","0"
"pro-1060","Xatan","0.9|0.5|-3.5|0|0|4|0","2","1080","2","1","0","1","1","0","0","1"
"pro-1060","Xatan","0.9|0.5|-3.5|0|0|4|0","2","1440","2","1","0","1","0","0","0","0"
"pro-1060","Xatan","0.9|0.5|-3.5|0|0|4|0","2","2160","4","2","1","1","1","0","0","1"
"pro-1061","xeedo","1.1|1|-3.4|0|0|4|0","3","720","1","1","0","1","0","0","0","0"
"pro-1061","xeedo","1.1|1|-3.4|0|0|4|0","3","768","1","1","0","1","0","0","0","0"
"pro-1061","xeedo","1.1|1|-3.4|0|0|4|0","3","960","2","2","1","1","1","1","1","1"
"pro-1061","xeedo","1.1|1|-3.4|0|0|4|0","3","1024","2","2","1","1","1","1","1","1"
"pro-1061","xeedo","1.1|1|-3.4|0|0|4|0","3","1080","2","2","1","1","1","1","1","1"
"pro-1061","xeedo","1.1|1|-3.4|0|0|4|0","3","1440","3","3","1","1","1","0","0","0"
"pro-1061","xeedo","1.1|1|-3.4|0|0|4|0","3","2160","4","4","2","1","0","0","0","0"
"pro-1062","xelex","1|1|-4|0|0|4|0","1","720","1","1","0","1","0","0","0","1"
"pro-1062","xelex","1|1|-4|0|0|4|0","1","768","1","1","0","1","0","0","0","1"
"pro-1062","xelex","1|1|-4|0|0|4|0","1","960","2","2","1","1","1","1","1","0"
"pro-1062","xelex","1|1|-4|0|0|4|0","1","1024","2","2","1","1","1","1","1","0"
"pro-1062","xelex","1|1|-4|0|0|4|0","1","1080","2","2","1","1","1","1","1","1"
"pro-1062","xelex","1|1|-4|0|0|4|0","1","1440","3","3","1","1","1","0","0","1"
"pro-1062","xelex","1|1|-4|0|0|4|0","1","2160","4","4","2","1","0","0","0","1"
"pro-1063","XELLOW","3|1|-2|0|0|4|0","1","720","4","1","2","1","0","0","0","1"
"pro-1063","XELLOW","3|1|-2|0|0|4|0","1","768","4","1","2","1","0","0","0","1"
"pro-1063","XELLOW","3|1|-2|0|0|4|0","1","960","6","2","3","1","1","1","0","0"
"pro-1063","XELLOW","3|1|-2|0|0|4|0","1","1024","6","2","3","1","1","1","0","0"
"pro-1063","XELLOW","3|1|-2|0|0|4|0","1","1080","6","2","3","1","0","1","0","1"
"pro-1063","XELLOW","3|1|-2|0|0|4|0","1","1440","9","3","3","1","1","0","0","1"
"pro-1063","XELLOW","3|1|-2|0|0|4|0","1","2160","13","4","4","1","0","0","0","1"
"pro-1064","xerolte","1|1|-4|0|0|4|0","1","720","1","1","0","1","0","0","0","1"
"pro-1064","xerolte","1|1|-4|0|0|4|0","1","768","1","1","0","1","0","0","0","1"
"pro-1064","xerolte","1|1|-4|0|0|4|0","1","960","2","2","1","1","1","1","1","0"
"pro-1064","xerolte","1|1|-4|0|0|4|0","1","1024","2","2","1","1","1","1","1","0"
"pro-1064","xerolte","1|1|-4|0|0|4|0","1","1080","2","2","1","1","1","1","1","1"
"pro-1064","xerolte","1|1|-4|0|0|4|0","1","1440","3","3","1","1","1","0","0","1"
"pro-1064","xerolte","1|1|-4|0|0|4|0","1","2160","4","4","2","1","0","0","0","1"
"pro-1065","xertioN","2|1|-2|0|0|4|0","0","720","3","1","2","1","0","0","0","1"
"pro-1065","xertioN","2|1|-2|0|0|4|0","0","768","3","1","2","1","0","0","0","1"
"pro-1065","xertioN","2|1|-2|0|0|4|0","0","960","4","2","3","1","1","1","1","0"
"pro-1065","xertioN","2|1|-2|0|0|4|0","0","1024","4","2","3","1","1","1","1","0"
"pro-1065","xertioN","2|1|-2|0|0|4|0","0","1080","4","2","3","1","0","1","1","0"
"pro-1065","xertioN","2|1|-2|0|0|4|0","0","1440","6","3","3","1","1","0","0","1"
"pro-1065","xertioN","2|1|-2|0|0|4|0","0","2160","9","4","4","1","0","0","0","1"
"pro-1066","xfl0ud","1.5|0|-3|0|0|4|0","0","720","2","1","1","1","1","0","0","1"
"pro-1066","xfl0ud","1.5|0|-3|0|0|4|0","0","768","2","1","1","1","1","0","0","1"
"pro-1066","xfl0ud","1.5|0|-3|0|0|4|0","0","960","3","1","1","1","1","1","0","1"
"pro-1066","xfl0ud","1.5|0|-3|0|0|4|0","0","1024","3","1","1","1","1","1","0","1"
"pro-1066","xfl0ud","1.5|0|-3|0|0|4|0","0","1080","3","1","1","1","1","1","0","1"
"pro-1066","xfl0ud","1.5|0|-3|0|0|4|0","0","1440","4","1","1","1","0","0","0","1"
"pro-1066","xfl0ud","1.5|0|-3|0|0|4|0","0","2160","6","1","1","1","0","0","0","1"
"pro-1067","xiaosaGe","1.5|1|-3|0|0|4|0","1","720","2","1","1","1","0","0","0","1"
"pro-1067","xiaosaGe","1.5|1|-3|0|0|4|0","1","768","2","1","1","1","0","0","0","1"
"pro-1067","xiaosaGe","1.5|1|-3|0|0|4|0","1","960","3","2","2","1","1","1","0","0"
"pro-1067","xiaosaGe","1.5|1|-3|0|0|4|0","1","1024","3","2","2","1","1","1","0","0"
"pro-1067","xiaosaGe","1.5|1|-3|0|0|4|0","1","1080","3","2","2","1","1","1","0","1"
"pro-1067","xiaosaGe","1.5|1|-3|0|0|4|0","1","1440","4","3","2","1","0","0","0","1"
"pro-1067","xiaosaGe","1.5|1|-3|0|0|4|0","1","2160","6","4","3","1","0","0","0","1"
"pro-1068","xKacpersky","1|1|-3.9|0|0|4|0","3","720","1","1","0","1","0","0","0","1"
"pro-1068","xKacpersky","1|1|-3.9|0|0|4|0","3","768","1","1","0","1","0","0","0","1"
"pro-1068","xKacpersky","1|1|-3.9|0|0|4|0","3","960","2","2","1","1","1","1","1","1"
"pro-1068","xKacpersky","1|1|-3.9|0|0|4|0","3","1024","2","2","1","1","1","1","1","1"
"pro-1068","xKacpersky","1|1|-3.9|0|0|4|0","3","1080","2","2","1","1","1","1","1","1"
"pro-1068","xKacpersky","1|1|-3.9|0|0|4|0","3","1440","3","3","1","1","1","0","0","1"
"pro-1068","xKacpersky","1|1|-3.9|0|0|4|0","3","2160","4","4","2","1","0","0","0","1"
"pro-1069","XotiC","1.1|0|-4|0|0|4|0","4","720","1","1","0","1","0","0","0","1"
"pro-1069","XotiC","1.1|0|-4|0|0|4|0","4","768","1","1","0","1","0","0","0","1"
"pro-1069","XotiC","1.1|0|-4|0|0|4|0","4","960","2","1","0","1","1","1","0","1"
"pro-1069","XotiC","1.1|0|-4|0|0|4|0","4","1024","2","1","0","1","1","1","0","1"
"pro-1069","XotiC","1.1|0|-4|0|0|4|0","4","1080","2","1","0","1","1","1","0","1"
"pro-1069","XotiC","1.1|0|-4|0|0|4|0","4","1440","3","1","0","1","1","0","0","1"
"pro-1069","XotiC","1.1|0|-4|0|0|4|0","4","2160","4","1","0","1","0","0","0","0"
"pro-1070","XOXA","0.8|0.4|-5|0|0|4|0","0","720","1","1","-1","1","1","1","0","1"
"pro-1070","XOXA","0.8|0.4|-5|0|0|4|0","0","768","1","1","-1","1","1","1","0","1"
"pro-1070","XOXA","0.8|0.4|-5|0|0|4|0","0","960","1","1","-1","1","0","1","0","1"
"pro-1070","XOXA","0.8|0.4|-5|0|0|4|0","0","1024","1","1","-1","1","0","1","0","1"
"pro-1070","XOXA","0.8|0.4|-5|0|0|4|0","0","1080","1","1","-1","1","0","1","0","1"
"pro-1070","XOXA","0.8|0.4|-5|0|0|4|0","0","1440","2","1","-1","1","1","0","0","1"
"pro-1070","XOXA","0.8|0.4|-5|0|0|4|0","0","2160","3","1","-1","1","0","0","0","0"
"pro-1071","xsepower","3|1|-2|0|0|4|0","1","720","4","1","2","1","0","0","0","1"
"pro-1071","xsepower","3|1|-2|0|0|4|0","1","768","4","1","2","1","0","0","0","1"
"pro-1071","xsepower","3|1|-2|0|0|4|0","1","960","6","2","3","1","1","1","0","0"
"pro-1071","xsepower","3|1|-2|0|0|4|0","1","1024","6","2","3","1","1","1","0","0"
"pro-1071","xsepower","3|1|-2|0|0|4|0","1","1080","6","2","3","1","0","1","0","1"
"pro-1071","xsepower","3|1|-2|0|0|4|0","1","1440","9","3","3","1","1","0","0","1"
"pro-1071","xsepower","3|1|-2|0|0|4|0","1","2160","13","4","4","1","0","0","0","1"
"pro-1072","xseveN","0|1|-3|1|0|4|0","0","720","0","1","1","1","0","0","0","1"
"pro-1072","xseveN","0|1|-3|1|0|4|0","0","768","0","1","1","1","0","0","0","1"
"pro-1072","xseveN","0|1|-3|1|0|4|0","0","960","0","2","2","1","1","1","1","0"
"pro-1072","xseveN","0|1|-3|1|0|4|0","0","1024","0","2","2","1","1","1","1","0"
"pro-1072","xseveN","0|1|-3|1|0|4|0","0","1080","0","2","2","1","1","1","1","0"
"pro-1072","xseveN","0|1|-3|1|0|4|0","0","1440","0","3","2","1","1","0","0","1"
"pro-1072","xseveN","0|1|-3|1|0|4|0","0","2160","0","4","3","1","0","0","0","1"
"pro-1073","yaankz","1.5|0|-3|0|0|4|0","0","720","2","1","1","1","1","0","0","1"
"pro-1073","yaankz","1.5|0|-3|0|0|4|0","0","768","2","1","1","1","1","0","0","1"
"pro-1073","yaankz","1.5|0|-3|0|0|4|0","0","960","3","1","1","1","1","1","0","1"
"pro-1073","yaankz","1.5|0|-3|0|0|4|0","0","1024","3","1","1","1","1","1","0","1"
"pro-1073","yaankz","1.5|0|-3|0|0|4|0","0","1080","3","1","1","1","1","1","0","1"
"pro-1073","yaankz","1.5|0|-3|0|0|4|0","0","1440","4","1","1","1","0","0","0","1"
"pro-1073","yaankz","1.5|0|-3|0|0|4|0","0","2160","6","1","1","1","0","0","0","1"
"pro-1075","yAmi","3|0.5|0|0|0|4|0","3","720","4","1","4","1","0","0","0","1"
"pro-1075","yAmi","3|0.5|0|0|0|4|0","3","768","4","1","4","1","0","0","0","1"
"pro-1075","yAmi","3|0.5|0|0|0|4|0","3","960","6","1","4","1","1","1","0","1"
"pro-1075","yAmi","3|0.5|0|0|0|4|0","3","1024","6","1","4","1","1","1","0","1"
"pro-1075","yAmi","3|0.5|0|0|0|4|0","3","1080","6","1","4","1","0","1","0","1"
"pro-1075","yAmi","3|0.5|0|0|0|4|0","3","1440","9","1","4","1","0","0","0","1"
"pro-1075","yAmi","3|0.5|0|0|0|4|0","3","2160","13","2","5","1","0","0","0","1"
"pro-1076","yERKA","1.1|0.4|-5|1|0|4|0","2","720","1","1","-1","1","0","0","0","1"
"pro-1076","yERKA","1.1|0.4|-5|1|0|4|0","2","768","1","1","-1","1","0","0","0","1"
"pro-1076","yERKA","1.1|0.4|-5|1|0|4|0","2","960","2","1","-1","1","1","1","0","1"
"pro-1076","yERKA","1.1|0.4|-5|1|0|4|0","2","1024","2","1","-1","1","1","1","0","1"
"pro-1076","yERKA","1.1|0.4|-5|1|0|4|0","2","1080","2","1","-1","1","1","1","0","1"
"pro-1076","yERKA","1.1|0.4|-5|1|0|4|0","2","1440","3","1","-1","1","1","0","0","1"
"pro-1076","yERKA","1.1|0.4|-5|1|0|4|0","2","2160","4","1","-1","1","0","0","0","0"
"pro-1077","Yoghi","1.3|0.6|-2.8|0|0|4|0","4","720","1","1","1","1","0","0","0","0"
"pro-1077","Yoghi","1.3|0.6|-2.8|0|0|4|0","4","768","2","1","1","1","1","1","0","1"
"pro-1077","Yoghi","1.3|0.6|-2.8|0|0|4|0","4","960","2","1","1","1","0","1","0","1"
"pro-1077","Yoghi","1.3|0.6|-2.8|0|0|4|0","4","1024","2","1","1","1","0","1","0","1"
"pro-1077","Yoghi","1.3|0.6|-2.8|0|0|4|0","4","1080","2","1","1","1","0","1","0","0"
"pro-1077","Yoghi","1.3|0.6|-2.8|0|0|4|0","4","1440","3","1","1","1","0","0","0","0"
"pro-1077","Yoghi","1.3|0.6|-2.8|0|0|4|0","4","2160","5","2","2","1","0","0","0","1"
"pro-1078","youka","1|1|-4|0|0|4|0","1","720","1","1","0","1","0","0","0","1"
"pro-1078","youka","1|1|-4|0|0|4|0","1","768","1","1","0","1","0","0","0","1"
"pro-1078","youka","1|1|-4|0|0|4|0","1","960","2","2","1","1","1","1","1","0"
"pro-1078","youka","1|1|-4|0|0|4|0","1","1024","2","2","1","1","1","1","1","0"
"pro-1078","youka","1|1|-4|0|0|4|0","1","1080","2","2","1","1","1","1","1","1"
"pro-1078","youka","1|1|-4|0|0|4|0","1","1440","3","3","1","1","1","0","0","1"
"pro-1078","youka","1|1|-4|0|0|4|0","1","2160","4","4","2","1","0","0","0","1"
"pro-1079","yourwombat","2|1|-3|0|0|4|0","3","720","3","1","1","1","0","0","0","1"
"pro-1079","yourwombat","2|1|-3|0|0|4|0","3","768","3","1","1","1","0","0","0","1"
"pro-1079","yourwombat","2|1|-3|0|0|4|0","3","960","4","2","2","1","1","1","1","0"
"pro-1079","yourwombat","2|1|-3|0|0|4|0","3","1024","4","2","2","1","1","1","1","0"
"pro-1079","yourwombat","2|1|-3|0|0|4|0","3","1080","4","2","2","1","0","1","1","1"
"pro-1079","yourwombat","2|1|-3|0|0|4|0","3","1440","6","3","2","1","1","0","0","1"
"pro-1079","yourwombat","2|1|-3|0|0|4|0","3","2160","9","4","3","1","0","0","0","1"
"pro-1080","YumsaN","1|1|-4|0|0|4|0","1","720","1","1","0","1","0","0","0","1"
"pro-1080","YumsaN","1|1|-4|0|0|4|0","1","768","1","1","0","1","0","0","0","1"
"pro-1080","YumsaN","1|1|-4|0|0|4|0","1","960","2","2","1","1","1","1","1","0"
"pro-1080","YumsaN","1|1|-4|0|0|4|0","1","1024","2","2","1","1","1","1","1","0"
"pro-1080","YumsaN","1|1|-4|0|0|4|0","1","1080","2","2","1","1","1","1","1","1"
"pro-1080","YumsaN","1|1|-4|0|0|4|0","1","1440","3","3","1","1","1","0","0","1"
"pro-1080","YumsaN","1|1|-4|0|0|4|0","1","2160","4","4","2","1","0","0","0","1"
"pro-1081","yxngstxr","1|0.9|-4|0|0|4|0","1","720","1","1","0","1","0","0","0","1"
"pro-1081","yxngstxr","1|0.9|-4|0|0|4|0","1","768","1","1","0","1","0","0","0","1"
"pro-1081","yxngstxr","1|0.9|-4|0|0|4|0","1","960","2","1","0","1","0","1","0","0"
"pro-1081","yxngstxr","1|0.9|-4|0|0|4|0","1","1024","2","1","0","1","0","1","0","0"
"pro-1081","yxngstxr","1|0.9|-4|0|0|4|0","1","1080","2","2","1","1","1","0","0","0"
"pro-1081","yxngstxr","1|0.9|-4|0|0|4|0","1","1440","3","2","1","1","0","0","0","1"
"pro-1081","yxngstxr","1|0.9|-4|0|0|4|0","1","2160","4","4","2","1","0","0","0","1"
"pro-1082","z_nan","0|0.3|-2.3|0|0|4|0","1","720","0","1","1","1","1","1","0","1"
"pro-1082","z_nan","0|0.3|-2.3|0|0|4|0","1","768","0","1","1","1","1","1","0","1"
"pro-1082","z_nan","0|0.3|-2.3|0|0|4|0","1","960","0","1","1","1","1","1","0","1"
"pro-1082","z_nan","0|0.3|-2.3|0|0|4|0","1","1024","0","1","1","1","1","1","0","1"
"pro-1082","z_nan","0|0.3|-2.3|0|0|4|0","1","1080","0","1","1","1","1","1","0","1"
"pro-1082","z_nan","0|0.3|-2.3|0|0|4|0","1","1440","0","1","1","1","1","1","0","1"
"pro-1082","z_nan","0|0.3|-2.3|0|0|4|0","1","2160","0","1","1","1","1","1","0","0"
"pro-1083","z1k4","1|1|-4|0|0|4|0","1","720","1","1","0","1","0","0","0","1"
"pro-1083","z1k4","1|1|-4|0|0|4|0","1","768","1","1","0","1","0","0","0","1"
"pro-1083","z1k4","1|1|-4|0|0|4|0","1","960","2","2","1","1","1","1","1","0"
"pro-1083","z1k4","1|1|-4|0|0|4|0","1","1024","2","2","1","1","1","1","1","0"
"pro-1083","z1k4","1|1|-4|0|0|4|0","1","1080","2","2","1","1","1","1","1","1"
"pro-1083","z1k4","1|1|-4|0|0|4|0","1","1440","3","3","1","1","1","0","0","1"
"pro-1083","z1k4","1|1|-4|0|0|4|0","1","2160","4","4","2","1","0","0","0","1"
"pro-1084","z1Nny","1|1|-4|0|0|4|0","1","720","1","1","0","1","0","0","0","1"
"pro-1084","z1Nny","1|1|-4|0|0|4|0","1","768","1","1","0","1","0","0","0","1"
"pro-1084","z1Nny","1|1|-4|0|0|4|0","1","960","2","2","1","1","1","1","1","0"
"pro-1084","z1Nny","1|1|-4|0|0|4|0","1","1024","2","2","1","1","1","1","1","0"
"pro-1084","z1Nny","1|1|-4|0|0|4|0","1","1080","2","2","1","1","1","1","1","1"
"pro-1084","z1Nny","1|1|-4|0|0|4|0","1","1440","3","3","1","1","1","0","0","1"
"pro-1084","z1Nny","1|1|-4|0|0|4|0","1","2160","4","4","2","1","0","0","0","1"
"pro-1085","Z1noz","1.5|0.1|-3|0|0|4|0","0","720","2","1","1","1","1","0","0","0"
"pro-1085","Z1noz","1.5|0.1|-3|0|0|4|0","0","768","2","1","1","1","1","0","0","0"
"pro-1085","Z1noz","1.5|0.1|-3|0|0|4|0","0","960","3","1","1","1","1","1","0","0"
"pro-1085","Z1noz","1.5|0.1|-3|0|0|4|0","0","1024","3","1","1","1","1","1","0","0"
"pro-1085","Z1noz","1.5|0.1|-3|0|0|4|0","0","1080","3","1","1","1","1","1","0","0"
"pro-1085","Z1noz","1.5|0.1|-3|0|0|4|0","0","1440","4","1","1","1","0","0","0","1"
"pro-1085","Z1noz","1.5|0.1|-3|0|0|4|0","0","2160","6","1","1","1","0","0","0","1"
"pro-1086","z4KR","1|1|-4|0|0|4|0","1","720","1","1","0","1","0","0","0","1"
"pro-1086","z4KR","1|1|-4|0|0|4|0","1","768","1","1","0","1","0","0","0","1"
"pro-1086","z4KR","1|1|-4|0|0|4|0","1","960","2","2","1","1","1","1","1","0"
"pro-1086","z4KR","1|1|-4|0|0|4|0","1","1024","2","2","1","1","1","1","1","0"
"pro-1086","z4KR","1|1|-4|0|0|4|0","1","1080","2","2","1","1","1","1","1","1"
"pro-1086","z4KR","1|1|-4|0|0|4|0","1","1440","3","3","1","1","1","0","0","1"
"pro-1086","z4KR","1|1|-4|0|0|4|0","1","2160","4","4","2","1","0","0","0","1"
"pro-1087","z8z","1|1|-4|0|0|4|0","1","720","1","1","0","1","0","0","0","1"
"pro-1087","z8z","1|1|-4|0|0|4|0","1","768","1","1","0","1","0","0","0","1"
"pro-1087","z8z","1|1|-4|0|0|4|0","1","960","2","2","1","1","1","1","1","0"
"pro-1087","z8z","1|1|-4|0|0|4|0","1","1024","2","2","1","1","1","1","1","0"
"pro-1087","z8z","1|1|-4|0|0|4|0","1","1080","2","2","1","1","1","1","1","1"
"pro-1087","z8z","1|1|-4|0|0|4|0","1","1440","3","3","1","1","1","0","0","1"
"pro-1087","z8z","1|1|-4|0|0|4|0","1","2160","4","4","2","1","0","0","0","1"
"pro-1088","zAAz","2|0.5|-1|0|0|4|0","0","720","3","1","3","1","1","0","0","1"
"pro-1088","zAAz","2|0.5|-1|0|0|4|0","0","768","3","1","3","1","1","0","0","1"
"pro-1088","zAAz","2|0.5|-1|0|0|4|0","0","960","4","1","3","1","1","1","1","1"
"pro-1088","zAAz","2|0.5|-1|0|0|4|0","0","1024","4","1","3","1","1","1","1","1"
"pro-1088","zAAz","2|0.5|-1|0|0|4|0","0","1080","4","1","3","1","0","1","1","1"
"pro-1088","zAAz","2|0.5|-1|0|0|4|0","0","1440","6","1","3","1","0","0","0","1"
"pro-1088","zAAz","2|0.5|-1|0|0|4|0","0","2160","9","2","4","1","1","0","0","0"
"pro-1089","zdr","1.5|0.5|-3|0|0|4|0","4","720","2","1","1","1","1","0","1","1"
"pro-1089","zdr","1.5|0.5|-3|0|0|4|0","4","768","2","1","1","1","1","0","1","1"
"pro-1089","zdr","1.5|0.5|-3|0|0|4|0","4","960","3","1","1","1","1","1","0","1"
"pro-1089","zdr","1.5|0.5|-3|0|0|4|0","4","1024","3","1","1","1","1","1","0","1"
"pro-1089","zdr","1.5|0.5|-3|0|0|4|0","4","1080","3","1","1","1","1","1","0","1"
"pro-1089","zdr","1.5|0.5|-3|0|0|4|0","4","1440","4","1","1","1","0","0","0","1"
"pro-1089","zdr","1.5|0.5|-3|0|0|4|0","4","2160","6","2","2","1","0","0","0","1"
"pro-1090","zede","1|0.9|-3.4|0|0|4|0","3","720","1","1","0","1","0","0","0","0"
"pro-1090","zede","1|0.9|-3.4|0|0|4|0","3","768","1","1","0","1","0","0","0","0"
"pro-1090","zede","1|0.9|-3.4|0|0|4|0","3","960","2","1","0","1","0","1","0","0"
"pro-1090","zede","1|0.9|-3.4|0|0|4|0","3","1024","2","1","0","1","0","1","0","0"
"pro-1090","zede","1|0.9|-3.4|0|0|4|0","3","1080","2","2","1","1","1","0","0","1"
"pro-1090","zede","1|0.9|-3.4|0|0|4|0","3","1440","3","2","1","1","0","0","0","1"
"pro-1090","zede","1|0.9|-3.4|0|0|4|0","3","2160","4","4","2","1","0","0","0","1"
"pro-1091","ZEDKO","1|1.5|-4|0|0|4|0","3","720","1","2","1","1","0","0","0","1"
"pro-1091","ZEDKO","1|1.5|-4|0|0|4|0","3","768","1","2","1","1","0","0","0","1"
"pro-1091","ZEDKO","1|1.5|-4|0|0|4|0","3","960","2","3","1","1","1","1","1","1"
"pro-1091","ZEDKO","1|1.5|-4|0|0|4|0","3","1024","2","3","1","1","1","1","1","1"
"pro-1091","ZEDKO","1|1.5|-4|0|0|4|0","3","1080","2","3","1","1","1","1","1","1"
"pro-1091","ZEDKO","1|1.5|-4|0|0|4|0","3","1440","3","4","2","1","0","0","0","1"
"pro-1091","ZEDKO","1|1.5|-4|0|0|4|0","3","2160","4","6","3","1","0","0","0","1"
"pro-1092","Zero","0|0.5|-3|1|0|4|0","0","720","0","1","1","1","1","1","1","1"
"pro-1092","Zero","0|0.5|-3|1|0|4|0","0","768","0","1","1","1","1","1","1","1"
"pro-1092","Zero","0|0.5|-3|1|0|4|0","0","960","0","1","1","1","1","1","1","1"
"pro-1092","Zero","0|0.5|-3|1|0|4|0","0","1024","0","1","1","1","1","1","1","1"
"pro-1092","Zero","0|0.5|-3|1|0|4|0","0","1080","0","1","1","1","1","1","1","1"
"pro-1092","Zero","0|0.5|-3|1|0|4|0","0","1440","0","1","1","1","0","1","1","1"
"pro-1092","Zero","0|0.5|-3|1|0|4|0","0","2160","0","2","2","1","1","0","0","1"
"pro-1093","zeRRoFIX","1|1|-4|0|0|4|0","1","720","1","1","0","1","0","0","0","1"
"pro-1093","zeRRoFIX","1|1|-4|0|0|4|0","1","768","1","1","0","1","0","0","0","1"
"pro-1093","zeRRoFIX","1|1|-4|0|0|4|0","1","960","2","2","1","1","1","1","1","0"
"pro-1093","zeRRoFIX","1|1|-4|0|0|4|0","1","1024","2","2","1","1","1","1","1","0"
"pro-1093","zeRRoFIX","1|1|-4|0|0|4|0","1","1080","2","2","1","1","1","1","1","1"
"pro-1093","zeRRoFIX","1|1|-4|0|0|4|0","1","1440","3","3","1","1","1","0","0","1"
"pro-1093","zeRRoFIX","1|1|-4|0|0|4|0","1","2160","4","4","2","1","0","0","0","1"
"pro-1094","Zesta","1|1|-4|0|0|4|0","1","720","1","1","0","1","0","0","0","1"
"pro-1094","Zesta","1|1|-4|0|0|4|0","1","768","1","1","0","1","0","0","0","1"
"pro-1094","Zesta","1|1|-4|0|0|4|0","1","960","2","2","1","1","1","1","1","0"
"pro-1094","Zesta","1|1|-4|0|0|4|0","1","1024","2","2","1","1","1","1","1","0"
"pro-1094","Zesta","1|1|-4|0|0|4|0","1","1080","2","2","1","1","1","1","1","1"
"pro-1094","Zesta","1|1|-4|0|0|4|0","1","1440","3","3","1","1","1","0","0","1"
"pro-1094","Zesta","1|1|-4|0|0|4|0","1","2160","4","4","2","1","0","0","0","1"
"pro-1095","zevy","1.2|1|-3.5|0|0|4|0","1","720","1","1","0","1","0","0","0","0"
"pro-1095","zevy","1.2|1|-3.5|0|0|4|0","1","768","1","1","0","1","0","0","0","0"
"pro-1095","zevy","1.2|1|-3.5|0|0|4|0","1","960","2","2","1","1","1","1","1","1"
"pro-1095","zevy","1.2|1|-3.5|0|0|4|0","1","1024","2","2","1","1","0","1","1","1"
"pro-1095","zevy","1.2|1|-3.5|0|0|4|0","1","1080","2","2","1","1","0","1","1","1"
"pro-1095","zevy","1.2|1|-3.5|0|0|4|0","1","1440","3","3","1","1","0","0","0","1"
"pro-1095","zevy","1.2|1|-3.5|0|0|4|0","1","2160","5","4","2","1","0","0","0","1"
"pro-1097","zhokiNg","2|0|-3|0|0|4|0","3","720","3","1","1","1","1","0","0","1"
"pro-1097","zhokiNg","2|0|-3|0|0|4|0","3","768","3","1","1","1","1","0","0","1"
"pro-1097","zhokiNg","2|0|-3|0|0|4|0","3","960","4","1","1","1","1","1","0","1"
"pro-1097","zhokiNg","2|0|-3|0|0|4|0","3","1024","4","1","1","1","1","1","0","1"
"pro-1097","zhokiNg","2|0|-3|0|0|4|0","3","1080","4","1","1","1","0","1","0","1"
"pro-1097","zhokiNg","2|0|-3|0|0|4|0","3","1440","6","1","1","1","1","0","0","1"
"pro-1097","zhokiNg","2|0|-3|0|0|4|0","3","2160","9","1","1","1","1","0","0","1"
"pro-1098","zmb","1.4|0.1|-5|0|0|4|0","3","720","2","1","-1","1","1","1","0","0"
"pro-1098","zmb","1.4|0.1|-5|0|0|4|0","3","768","2","1","-1","1","1","1","0","0"
"pro-1098","zmb","1.4|0.1|-5|0|0|4|0","3","960","2","1","-1","1","0","1","0","1"
"pro-1098","zmb","1.4|0.1|-5|0|0|4|0","3","1024","2","1","-1","1","0","1","0","0"
"pro-1098","zmb","1.4|0.1|-5|0|0|4|0","3","1080","3","1","-1","1","1","0","0","1"
"pro-1098","zmb","1.4|0.1|-5|0|0|4|0","3","1440","4","1","-1","1","1","0","0","1"
"pro-1098","zmb","1.4|0.1|-5|0|0|4|0","3","2160","6","1","-1","1","1","0","0","1"
"pro-1099","zock","1.5|0.5|-2.2|0|0|4|0","3","720","2","1","1","1","1","0","1","1"
"pro-1099","zock","1.5|0.5|-2.2|0|0|4|0","3","768","2","1","1","1","1","0","1","0"
"pro-1099","zock","1.5|0.5|-2.2|0|0|4|0","3","960","3","1","1","1","1","1","0","0"
"pro-1099","zock","1.5|0.5|-2.2|0|0|4|0","3","1024","3","1","1","1","1","1","0","0"
"pro-1099","zock","1.5|0.5|-2.2|0|0|4|0","3","1080","3","1","1","1","1","1","0","0"
"pro-1099","zock","1.5|0.5|-2.2|0|0|4|0","3","1440","4","1","1","1","0","0","0","0"
"pro-1099","zock","1.5|0.5|-2.2|0|0|4|0","3","2160","6","2","2","1","0","0","0","1"
"pro-1100","ztr","1.5|0|-3|0|0|4|0","0","720","2","1","1","1","1","0","0","1"
"pro-1100","ztr","1.5|0|-3|0|0|4|0","0","768","2","1","1","1","1","0","0","1"
"pro-1100","ztr","1.5|0|-3|0|0|4|0","0","960","3","1","1","1","1","1","0","1"
"pro-1100","ztr","1.5|0|-3|0|0|4|0","0","1024","3","1","1","1","1","1","0","1"
"pro-1100","ztr","1.5|0|-3|0|0|4|0","0","1080","3","1","1","1","1","1","0","1"
"pro-1100","ztr","1.5|0|-3|0|0|4|0","0","1440","4","1","1","1","0","0","0","1"
"pro-1100","ztr","1.5|0|-3|0|0|4|0","0","2160","6","1","1","1","0","0","0","1"
"pro-1101","zy","0.9|1.1|-4.6|0|0|4|0","2","720","1","1","0","1","0","0","0","1"
"pro-1101","zy","0.9|1.1|-4.6|0|0|4|0","2","768","1","1","0","1","0","0","0","0"
"pro-1101","zy","0.9|1.1|-4.6|0|0|4|0","2","960","1","2","1","1","0","1","0","0"
"pro-1101","zy","0.9|1.1|-4.6|0|0|4|0","2","1024","1","2","1","1","0","1","0","0"
"pro-1101","zy","0.9|1.1|-4.6|0|0|4|0","2","1080","2","2","1","1","1","0","0","0"
"pro-1101","zy","0.9|1.1|-4.6|0|0|4|0","2","1440","2","3","1","1","0","0","0","1"
"pro-1101","zy","0.9|1.1|-4.6|0|0|4|0","2","2160","4","4","2","1","0","0","0","0"
"pro-1102","Zyphon","1|0.9|-4|0|0|4|0","1","720","1","1","0","1","0","0","0","1"
"pro-1102","Zyphon","1|0.9|-4|0|0|4|0","1","768","1","1","0","1","0","0","0","1"
"pro-1102","Zyphon","1|0.9|-4|0|0|4|0","1","960","2","1","0","1","0","1","0","0"
"pro-1102","Zyphon","1|0.9|-4|0|0|4|0","1","1024","2","1","0","1","0","1","0","0"
"pro-1102","Zyphon","1|0.9|-4|0|0|4|0","1","1080","2","2","1","1","1","0","0","0"
"pro-1102","Zyphon","1|0.9|-4|0|0|4|0","1","1440","3","2","1","1","0","0","0","1"
"pro-1102","Zyphon","1|0.9|-4|0|0|4|0","1","2160","4","4","2","1","0","0","0","1"
